Date,Temperature_C,Humidity_Percent,Occupancy,Appliances_Used,Working_Hours,Solar_Generation_kWh,Electricity_Price,Previous_Day_Consumption_kWh,Electricity_Consumption_kWh
2025-01-01 00:00:00,31.24,64.98,13,1,8.6,0.2,6.53,206.03,173.15
2025-01-01 01:00:00,28.69,69.38,12,2,11.2,0.0,6.9,201.23,189.8
2025-01-01 02:00:00,29.62,66.68,3,1,5.7,1.9,7.02,202.38,134.08
2025-01-01 03:00:00,30.77,70.83,15,4,10.4,3.07,6.62,201.83,210.88
2025-01-01 04:00:00,25.41,82.19,0,4,6.4,1.37,7.13,205.28,163.55
2025-01-01 05:00:00,24.59,68.99,5,4,6.6,2.02,7.5,204.14,165.7
2025-01-01 06:00:00,28.48,78.67,0,1,1.4,0.0,7.45,212.24,134.67
2025-01-01 07:00:00,26.05,67.89,22,4,12.0,3.87,7.0,200.79,188.24
2025-01-01 08:00:00,22.83,69.69,53,8,12.0,9.97,7.34,211.68,234.59
2025-01-01 09:00:00,25.49,79.49,70,10,12.0,10.95,7.39,193.65,254.54
2025-01-01 10:00:00,23.38,81.69,61,9,12.0,11.64,6.56,205.16,245.14
2025-01-01 11:00:00,24.01,80.75,59,6,12.0,13.59,6.02,194.78,220.24
2025-01-01 12:00:00,26.6,63.77,50,6,12.0,16.07,7.12,197.59,228.71
2025-01-01 13:00:00,22.18,72.81,47,7,12.0,15.78,6.4,197.84,173.97
2025-01-01 14:00:00,23.69,80.78,59,4,12.0,10.44,5.94,197.45,216.4
2025-01-01 15:00:00,27.63,72.55,54,9,12.0,10.62,5.76,199.67,223.95
2025-01-01 16:00:00,27.47,64.86,44,5,12.0,6.98,5.86,213.71,208.95
2025-01-01 17:00:00,31.61,72.68,43,8,12.0,3.49,6.09,198.32,258.22
2025-01-01 18:00:00,29.19,66.16,47,9,12.0,2.66,5.17,194.64,252.14
2025-01-01 19:00:00,28.33,84.33,70,10,12.0,0.0,5.59,205.18,263.09
2025-01-01 20:00:00,35.66,77.45,28,7,12.0,0.0,6.39,203.92,217.34
2025-01-01 21:00:00,31.3,73.92,12,5,8.0,0.0,6.22,213.79,166.92
2025-01-01 22:00:00,31.63,78.98,11,3,9.5,0.0,6.36,202.51,172.49
2025-01-01 23:00:00,27.27,72.97,7,2,9.5,0.0,6.44,191.27,168.32
2025-01-02 00:00:00,28.64,76.91,3,4,4.2,0.0,6.61,171.01,141.03
2025-01-02 01:00:00,29.31,81.43,21,5,12.0,0.0,6.54,187.56,221.07
2025-01-02 02:00:00,25.12,75.73,25,7,12.0,0.0,6.7,127.92,220.37
2025-01-02 03:00:00,27.9,70.28,3,1,5.4,0.0,7.35,208.07,163.7
2025-01-02 04:00:00,24.5,62.52,9,3,10.3,0.8,7.0,162.8,175.7
2025-01-02 05:00:00,24.44,73.91,6,1,6.8,0.0,7.37,165.4,145.63
2025-01-02 06:00:00,23.03,81.24,7,3,11.0,0.0,7.35,127.77,184.57
2025-01-02 07:00:00,28.77,78.08,19,5,8.4,3.42,8.04,191.29,193.74
2025-01-02 08:00:00,23.97,78.35,45,10,12.0,9.3,7.14,242.77,219.54
2025-01-02 09:00:00,21.49,72.77,59,8,12.0,9.41,7.47,255.94,245.24
2025-01-02 10:00:00,26.59,59.15,61,9,12.0,11.82,7.15,250.67,239.08
2025-01-02 11:00:00,22.12,72.65,54,8,12.0,13.35,6.67,221.15,222.69
2025-01-02 12:00:00,26.52,70.9,62,8,12.0,10.35,6.06,223.48,254.81
2025-01-02 13:00:00,22.07,73.96,56,10,12.0,14.84,6.27,175.32,232.2
2025-01-02 14:00:00,24.68,78.65,65,10,12.0,13.36,6.41,213.89,249.2
2025-01-02 15:00:00,29.53,84.83,43,7,12.0,11.53,5.51,218.4,231.49
2025-01-02 16:00:00,31.85,70.17,52,9,12.0,12.01,6.1,208.56,211.2
2025-01-02 17:00:00,31.26,68.2,54,8,12.0,1.03,6.2,262.32,258.57
2025-01-02 18:00:00,31.17,67.96,34,5,12.0,0.0,5.73,250.44,209.75
2025-01-02 19:00:00,31.11,70.69,46,7,12.0,1.41,6.05,272.79,229.77
2025-01-02 20:00:00,28.3,65.99,3,1,2.4,0.0,5.86,222.09,130.65
2025-01-02 21:00:00,30.06,71.4,18,4,8.5,0.0,6.13,164.18,186.72
2025-01-02 22:00:00,30.31,73.54,4,4,6.9,0.0,6.62,169.6,174.22
2025-01-02 23:00:00,33.47,69.64,3,1,6.3,0.0,5.75,179.04,149.88
2025-01-03 00:00:00,30.86,73.2,17,2,9.8,3.45,6.23,139.35,175.55
2025-01-03 01:00:00,24.63,77.4,0,2,9.4,4.52,7.14,222.89,155.71
2025-01-03 02:00:00,28.81,59.03,0,1,10.2,0.0,7.4,222.48,132.58
2025-01-03 03:00:00,26.0,77.86,7,3,6.9,0.0,6.57,155.08,163.39
2025-01-03 04:00:00,24.31,69.89,0,2,6.7,0.0,7.74,167.15,157.96
2025-01-03 05:00:00,26.7,65.24,0,1,6.8,0.0,6.37,149.91,143.35
2025-01-03 06:00:00,27.11,64.89,15,5,12.0,0.0,7.52,179.33,187.85
2025-01-03 07:00:00,26.46,76.11,17,2,9.7,3.23,7.35,193.8,178.74
2025-01-03 08:00:00,21.9,74.71,61,9,12.0,6.11,6.94,211.99,247.41
2025-01-03 09:00:00,23.36,63.47,64,9,12.0,7.19,6.83,243.6,253.85
2025-01-03 10:00:00,25.36,77.19,65,9,12.0,10.07,6.68,240.15,252.8
2025-01-03 11:00:00,27.61,62.2,38,9,12.0,16.62,6.64,212.39,237.55
2025-01-03 12:00:00,24.8,75.22,59,10,12.0,13.29,7.2,255.08,234.3
2025-01-03 13:00:00,26.5,74.72,51,9,12.0,12.71,6.58,232.75,243.93
2025-01-03 14:00:00,25.23,80.14,49,8,12.0,9.08,6.6,246.86,220.45
2025-01-03 15:00:00,26.04,85.84,59,10,12.0,8.97,5.82,225.99,250.06
2025-01-03 16:00:00,32.03,59.63,41,8,12.0,8.92,5.89,209.32,229.79
2025-01-03 17:00:00,34.22,67.28,41,7,12.0,4.81,5.35,256.69,242.78
2025-01-03 18:00:00,31.28,67.77,60,11,12.0,1.62,5.6,219.37,266.37
2025-01-03 19:00:00,34.37,70.58,59,9,12.0,0.0,5.53,229.17,255.19
2025-01-03 20:00:00,32.9,70.08,11,7,8.9,0.0,5.98,128.33,186.31
2025-01-03 21:00:00,30.25,67.96,3,4,9.0,2.27,5.69,186.11,181.08
2025-01-03 22:00:00,32.37,65.86,16,2,10.6,1.65,5.81,176.34,177.73
2025-01-03 23:00:00,34.67,59.51,15,4,7.3,0.0,6.43,151.81,167.95
2025-01-04 00:00:00,29.91,77.58,11,4,8.4,1.71,6.48,177.8,175.97
2025-01-04 01:00:00,32.95,71.75,1,2,7.7,0.0,6.46,158.73,162.18
2025-01-04 02:00:00,21.45,83.01,7,4,3.7,0.0,6.6,125.28,167.04
2025-01-04 03:00:00,29.02,69.11,17,5,10.8,0.0,6.82,165.97,187.52
2025-01-04 04:00:00,26.22,68.65,21,2,12.0,0.72,7.48,158.88,189.54
2025-01-04 05:00:00,24.42,66.95,7,5,12.0,0.43,7.42,140.23,189.76
2025-01-04 06:00:00,24.77,76.78,8,2,10.2,0.0,7.04,188.38,171.55
2025-01-04 07:00:00,19.17,70.9,9,2,8.4,2.06,7.02,178.19,161.26
2025-01-04 08:00:00,23.45,88.13,57,8,12.0,11.83,6.79,247.31,251.12
2025-01-04 09:00:00,25.03,64.93,50,9,12.0,9.38,6.93,254.72,248.15
2025-01-04 10:00:00,28.23,73.75,32,5,12.0,14.9,6.94,244.41,196.66
2025-01-04 11:00:00,23.88,85.85,65,9,12.0,13.23,6.4,238.87,266.08
2025-01-04 12:00:00,23.98,79.01,69,10,12.0,13.0,7.27,237.55,258.55
2025-01-04 13:00:00,25.71,74.83,50,5,12.0,16.36,6.51,245.15,217.53
2025-01-04 14:00:00,30.29,63.62,46,6,12.0,13.7,6.09,216.82,207.78
2025-01-04 15:00:00,29.86,61.03,54,7,12.0,9.85,5.96,245.74,237.04
2025-01-04 16:00:00,28.68,76.92,53,8,12.0,9.27,5.32,230.7,238.94
2025-01-04 17:00:00,32.11,79.66,63,11,12.0,8.66,5.31,246.8,266.89
2025-01-04 18:00:00,31.71,66.33,55,9,12.0,0.0,6.16,272.91,246.85
2025-01-04 19:00:00,34.29,59.63,49,10,12.0,0.94,6.3,259.01,269.4
2025-01-04 20:00:00,30.24,53.22,0,4,3.8,0.0,5.03,188.87,153.25
2025-01-04 21:00:00,31.04,63.0,17,3,12.0,0.0,6.1,168.37,184.91
2025-01-04 22:00:00,30.48,69.47,15,4,9.9,0.0,6.58,174.66,184.58
2025-01-04 23:00:00,27.17,83.78,18,4,12.0,3.18,6.17,169.51,179.58
2025-01-05 00:00:00,30.74,74.79,2,1,5.9,0.0,7.03,172.57,149.43
2025-01-05 01:00:00,29.69,72.95,25,3,12.0,1.02,6.98,157.53,221.96
2025-01-05 02:00:00,28.01,69.19,0,2,3.0,0.0,7.06,161.73,146.87
2025-01-05 03:00:00,26.38,69.05,16,4,9.8,3.54,6.98,196.34,221.02
2025-01-05 04:00:00,22.46,85.72,0,3,5.4,0.0,7.23,183.04,141.76
2025-01-05 05:00:00,24.12,76.12,4,3,7.6,0.0,7.12,188.7,171.69
2025-01-05 06:00:00,23.68,60.31,22,2,12.0,3.14,7.4,167.91,192.98
2025-01-05 07:00:00,22.13,71.39,17,5,12.0,5.38,7.36,156.94,192.16
2025-01-05 08:00:00,23.6,69.07,51,8,12.0,8.11,7.04,253.18,224.68
2025-01-05 09:00:00,25.15,70.17,51,9,12.0,11.51,6.38,252.26,227.91
2025-01-05 10:00:00,29.25,75.06,56,10,12.0,9.96,6.83,190.78,265.19
2025-01-05 11:00:00,25.61,72.92,59,9,12.0,15.01,6.35,266.34,236.38
2025-01-05 12:00:00,26.64,72.41,65,12,12.0,13.6,6.11,257.98,282.38
2025-01-05 13:00:00,26.78,82.05,51,7,12.0,14.24,6.05,215.27,227.27
2025-01-05 14:00:00,23.2,70.48,42,6,12.0,13.09,6.39,203.11,210.46
2025-01-05 15:00:00,28.97,84.37,56,9,12.0,7.68,5.55,242.58,248.39
2025-01-05 16:00:00,30.15,65.8,51,8,12.0,8.19,5.5,233.77,235.93
2025-01-05 17:00:00,36.99,66.33,45,8,12.0,3.25,5.97,260.38,264.01
2025-01-05 18:00:00,30.98,67.94,57,12,12.0,0.0,5.43,252.34,280.26
2025-01-05 19:00:00,32.62,69.63,53,9,12.0,0.0,5.33,270.4,255.71
2025-01-05 20:00:00,31.91,72.37,12,4,10.7,0.04,6.09,147.34,190.9
2025-01-05 21:00:00,28.94,74.38,3,1,6.9,1.19,5.89,184.52,161.55
2025-01-05 22:00:00,34.32,62.3,14,1,9.0,0.0,6.12,181.46,169.25
2025-01-05 23:00:00,32.71,60.84,0,2,7.0,0.78,6.21,187.02,138.6
2025-01-06 00:00:00,31.98,86.74,3,4,8.0,0.0,6.65,148.22,177.98
2025-01-06 01:00:00,26.76,69.48,8,2,7.5,1.62,6.95,224.62,174.37
2025-01-06 02:00:00,31.51,74.44,24,5,11.8,0.0,6.86,146.75,190.67
2025-01-06 03:00:00,23.46,63.92,16,6,9.1,0.0,6.54,228.2,178.28
2025-01-06 04:00:00,27.47,70.42,19,6,12.0,0.0,7.3,142.78,202.98
2025-01-06 05:00:00,30.65,69.26,21,5,12.0,0.67,7.15,177.48,197.87
2025-01-06 06:00:00,22.06,79.47,39,7,12.0,1.82,7.6,195.69,225.01
2025-01-06 07:00:00,22.72,56.64,10,1,8.1,1.84,6.96,189.39,143.03
2025-01-06 08:00:00,24.25,75.79,66,9,12.0,6.31,7.08,224.69,261.14
2025-01-06 09:00:00,22.88,67.54,63,9,12.0,12.84,6.55,226.85,257.81
2025-01-06 10:00:00,20.66,79.41,63,8,12.0,11.4,7.17,262.32,219.63
2025-01-06 11:00:00,25.34,66.61,69,11,12.0,14.26,7.14,231.0,252.6
2025-01-06 12:00:00,23.34,69.27,52,11,12.0,11.53,6.33,289.18,256.05
2025-01-06 13:00:00,28.15,69.98,51,10,12.0,10.09,6.23,216.96,231.53
2025-01-06 14:00:00,25.7,66.24,58,9,12.0,10.04,5.82,217.12,207.67
2025-01-06 15:00:00,32.91,65.23,54,10,12.0,8.52,5.68,241.7,251.2
2025-01-06 16:00:00,28.04,63.62,58,8,12.0,9.08,6.05,238.65,236.33
2025-01-06 17:00:00,30.02,57.75,68,12,12.0,5.92,5.55,261.08,270.17
2025-01-06 18:00:00,33.5,75.28,51,6,12.0,0.0,5.87,271.93,238.89
2025-01-06 19:00:00,28.79,62.38,53,10,12.0,0.0,5.72,261.44,261.52
2025-01-06 20:00:00,32.57,67.55,11,4,9.4,1.4,6.07,178.9,164.77
2025-01-06 21:00:00,35.13,72.28,8,2,7.8,0.0,5.8,165.53,164.31
2025-01-06 22:00:00,27.45,68.08,0,2,7.3,3.01,6.48,169.9,136.33
2025-01-06 23:00:00,31.29,63.92,5,1,7.8,1.35,6.95,143.85,163.72
2025-01-07 00:00:00,30.65,71.73,15,2,7.8,0.0,5.9,181.11,181.74
2025-01-07 01:00:00,30.99,77.73,22,2,12.0,0.0,6.67,177.43,199.33
2025-01-07 02:00:00,24.91,65.98,1,3,7.2,0.0,6.87,195.16,179.33
2025-01-07 03:00:00,23.66,73.98,1,4,2.9,0.0,6.82,182.47,155.7
2025-01-07 04:00:00,27.3,60.36,10,1,4.0,1.88,7.34,205.23,171.61
2025-01-07 05:00:00,25.91,70.71,0,5,2.9,1.48,7.66,196.2,147.26
2025-01-07 06:00:00,25.16,74.23,6,3,6.9,0.91,6.61,223.86,154.71
2025-01-07 07:00:00,25.0,68.12,0,2,7.0,4.11,6.56,143.56,171.47
2025-01-07 08:00:00,22.3,72.79,66,8,12.0,4.96,7.77,259.81,244.19
2025-01-07 09:00:00,24.72,64.44,49,10,12.0,10.91,6.98,268.74,250.5
2025-01-07 10:00:00,25.27,74.45,68,10,12.0,12.38,6.93,219.2,279.51
2025-01-07 11:00:00,23.39,82.62,64,11,12.0,17.53,6.33,246.85,266.7
2025-01-07 12:00:00,30.66,62.45,50,10,12.0,11.41,6.52,255.45,226.01
2025-01-07 13:00:00,28.15,67.54,46,10,12.0,12.08,6.77,227.34,230.23
2025-01-07 14:00:00,25.02,77.6,53,7,12.0,8.95,6.27,217.46,234.79
2025-01-07 15:00:00,30.68,78.61,54,8,12.0,9.46,6.0,251.69,248.22
2025-01-07 16:00:00,27.56,61.85,58,8,12.0,3.52,5.19,239.5,238.95
2025-01-07 17:00:00,32.8,67.46,49,9,12.0,5.99,5.99,272.75,231.8
2025-01-07 18:00:00,34.36,69.53,61,10,12.0,2.18,5.7,243.62,261.01
2025-01-07 19:00:00,29.81,70.02,57,10,12.0,0.0,5.51,262.71,245.96
2025-01-07 20:00:00,34.41,50.18,7,5,6.7,0.0,6.03,162.78,153.9
2025-01-07 21:00:00,32.9,72.08,4,1,6.0,0.0,5.64,164.55,145.23
2025-01-07 22:00:00,33.52,78.77,9,5,8.1,0.0,6.3,130.2,201.83
2025-01-07 23:00:00,35.57,67.52,3,4,3.8,1.25,6.72,162.97,160.38
2025-01-08 00:00:00,29.39,63.81,10,3,10.6,0.0,6.55,190.71,155.94
2025-01-08 01:00:00,27.15,69.0,11,4,10.1,3.82,6.56,203.01,169.32
2025-01-08 02:00:00,25.78,85.95,12,3,11.0,2.98,6.7,178.8,196.34
2025-01-08 03:00:00,24.93,80.52,24,6,11.0,0.0,7.2,165.76,186.38
2025-01-08 04:00:00,25.81,78.02,9,3,10.4,0.0,7.04,168.56,176.2
2025-01-08 05:00:00,26.02,75.88,18,5,12.0,0.0,8.1,148.97,210.68
2025-01-08 06:00:00,25.23,69.31,12,4,8.7,3.2,6.8,153.2,162.23
2025-01-08 07:00:00,26.2,71.85,8,2,9.6,2.31,7.23,170.45,170.98
2025-01-08 08:00:00,24.03,74.23,54,9,12.0,8.87,7.29,246.16,236.67
2025-01-08 09:00:00,27.77,76.01,55,13,12.0,9.94,7.12,253.38,253.28
2025-01-08 10:00:00,23.87,85.45,57,8,12.0,13.55,6.7,278.5,247.52
2025-01-08 11:00:00,31.97,77.05,47,7,12.0,11.88,7.14,262.52,259.05
2025-01-08 12:00:00,27.56,62.37,43,6,12.0,13.33,6.73,235.17,210.08
2025-01-08 13:00:00,24.82,75.79,60,8,12.0,13.47,6.55,230.74,244.84
2025-01-08 14:00:00,25.32,79.03,62,11,12.0,10.86,5.87,229.6,257.54
2025-01-08 15:00:00,30.24,74.76,61,10,12.0,12.4,5.79,243.11,253.38
2025-01-08 16:00:00,29.44,66.59,56,9,12.0,5.47,5.98,248.91,236.07
2025-01-08 17:00:00,32.61,89.17,61,11,12.0,2.47,5.34,244.12,254.43
2025-01-08 18:00:00,32.65,59.81,61,11,12.0,2.72,5.93,262.69,254.54
2025-01-08 19:00:00,31.68,61.84,61,9,12.0,2.33,5.69,242.89,252.99
2025-01-08 20:00:00,29.88,72.32,3,1,7.1,3.18,6.18,155.56,136.86
2025-01-08 21:00:00,28.08,86.76,1,3,6.0,0.0,5.78,143.7,132.8
2025-01-08 22:00:00,30.35,64.5,7,3,7.8,0.4,6.73,204.7,160.08
2025-01-08 23:00:00,32.97,66.66,10,3,9.7,0.18,6.44,162.13,168.59
2025-01-09 00:00:00,30.54,77.77,8,2,12.0,0.0,6.68,155.78,181.23
2025-01-09 01:00:00,25.92,73.33,0,3,5.3,0.65,6.46,168.9,142.81
2025-01-09 02:00:00,28.43,69.35,24,5,12.0,0.0,6.99,195.24,216.26
2025-01-09 03:00:00,27.93,76.01,8,3,9.7,0.32,6.87,191.12,177.7
2025-01-09 04:00:00,23.79,76.85,11,1,12.0,6.8,6.65,175.24,157.69
2025-01-09 05:00:00,25.56,80.92,20,6,12.0,0.63,7.2,220.96,203.16
2025-01-09 06:00:00,24.68,83.36,0,3,3.3,0.72,7.71,172.97,149.97
2025-01-09 07:00:00,21.28,78.85,6,3,7.7,5.27,7.25,169.09,158.04
2025-01-09 08:00:00,24.89,76.22,52,4,12.0,7.36,7.09,234.87,233.03
2025-01-09 09:00:00,25.54,75.22,52,8,12.0,7.7,6.96,253.03,237.57
2025-01-09 10:00:00,27.24,75.95,54,8,12.0,8.83,7.68,244.31,244.72
2025-01-09 11:00:00,27.81,72.52,67,9,12.0,13.46,6.92,263.31,261.55
2025-01-09 12:00:00,22.56,75.81,60,10,12.0,13.46,5.94,216.0,206.69
2025-01-09 13:00:00,24.62,82.74,63,11,12.0,9.6,6.1,251.26,262.51
2025-01-09 14:00:00,29.29,81.71,55,9,12.0,15.38,5.96,256.5,227.16
2025-01-09 15:00:00,30.32,59.82,44,9,12.0,10.11,5.68,252.28,222.9
2025-01-09 16:00:00,31.29,69.77,38,5,12.0,9.88,5.83,226.11,197.69
2025-01-09 17:00:00,40.0,58.78,43,6,12.0,0.0,5.53,251.15,245.68
2025-01-09 18:00:00,32.89,66.4,58,9,12.0,2.92,5.52,249.88,265.05
2025-01-09 19:00:00,34.7,70.13,55,8,12.0,0.0,5.78,247.45,250.93
2025-01-09 20:00:00,34.39,72.22,8,4,8.9,2.52,5.27,134.43,167.91
2025-01-09 21:00:00,33.49,67.37,7,2,7.5,0.43,5.18,131.26,157.81
2025-01-09 22:00:00,30.68,56.73,26,7,12.0,0.91,6.53,159.96,208.37
2025-01-09 23:00:00,32.73,61.94,3,1,1.3,0.91,6.59,175.39,153.81
2025-01-10 00:00:00,28.07,78.23,17,7,12.0,0.0,6.63,187.06,236.65
2025-01-10 01:00:00,28.44,52.51,10,6,8.3,0.0,6.81,137.19,178.59
2025-01-10 02:00:00,26.79,81.16,10,3,6.8,0.0,6.83,218.4,175.67
2025-01-10 03:00:00,27.17,76.23,19,6,11.7,0.0,8.12,173.7,196.08
2025-01-10 04:00:00,31.79,78.56,22,4,12.0,0.0,7.26,158.43,201.18
2025-01-10 05:00:00,20.5,75.86,8,4,4.3,0.0,8.19,209.71,148.72
2025-01-10 06:00:00,26.25,58.79,16,4,10.8,0.0,8.02,147.54,207.61
2025-01-10 07:00:00,20.1,80.54,13,2,10.7,4.54,7.43,153.1,174.75
2025-01-10 08:00:00,22.82,84.55,55,3,12.0,7.02,7.12,233.29,221.88
2025-01-10 09:00:00,26.86,79.27,57,8,12.0,10.39,7.07,244.17,252.36
2025-01-10 10:00:00,24.7,69.67,49,8,12.0,13.52,6.76,254.75,238.9
2025-01-10 11:00:00,22.48,76.47,53,10,12.0,13.05,6.87,258.47,252.49
2025-01-10 12:00:00,24.21,70.92,50,8,12.0,12.12,6.74,207.35,232.41
2025-01-10 13:00:00,28.66,65.8,62,11,12.0,14.13,5.86,263.89,255.89
2025-01-10 14:00:00,26.17,79.97,54,8,12.0,6.28,7.02,220.05,254.72
2025-01-10 15:00:00,29.58,62.51,45,7,12.0,9.68,5.66,215.52,206.17
2025-01-10 16:00:00,30.11,64.26,49,9,12.0,8.53,4.87,199.31,207.86
2025-01-10 17:00:00,29.2,63.43,29,2,12.0,5.72,5.7,243.8,196.55
2025-01-10 18:00:00,36.82,55.39,51,8,12.0,0.0,5.3,258.04,242.26
2025-01-10 19:00:00,33.45,69.21,55,8,12.0,0.0,5.71,254.36,265.91
2025-01-10 20:00:00,26.94,80.87,9,5,5.7,0.0,5.83,168.22,182.83
2025-01-10 21:00:00,32.33,67.67,26,4,12.0,1.28,6.09,157.87,220.44
2025-01-10 22:00:00,29.81,60.19,15,5,4.1,0.0,6.45,202.89,134.83
2025-01-10 23:00:00,32.96,74.41,14,5,8.5,4.03,5.94,145.28,192.22
2025-01-11 00:00:00,28.02,83.79,0,1,2.3,0.0,6.37,233.66,135.9
2025-01-11 01:00:00,28.75,66.95,7,3,7.7,0.68,6.94,178.83,163.44
2025-01-11 02:00:00,29.26,67.77,6,2,2.7,3.32,6.67,172.13,160.53
2025-01-11 03:00:00,29.13,74.82,4,4,7.5,0.41,6.41,190.59,167.49
2025-01-11 04:00:00,23.0,86.85,4,3,7.7,0.0,7.41,199.32,175.77
2025-01-11 05:00:00,24.34,70.93,0,2,1.7,5.55,7.07,148.9,157.14
2025-01-11 06:00:00,23.35,65.93,0,1,5.4,3.16,7.08,214.68,142.64
2025-01-11 07:00:00,22.5,80.27,17,6,12.0,3.17,7.31,175.5,203.39
2025-01-11 08:00:00,28.41,77.3,54,8,12.0,8.64,7.19,214.54,251.11
2025-01-11 09:00:00,25.15,74.04,51,6,12.0,11.56,7.41,242.25,241.58
2025-01-11 10:00:00,21.38,72.72,55,6,12.0,13.41,6.46,226.63,245.72
2025-01-11 11:00:00,27.47,79.33,64,10,12.0,10.76,7.5,254.19,274.27
2025-01-11 12:00:00,31.31,73.38,55,7,12.0,14.65,6.01,227.15,241.79
2025-01-11 13:00:00,29.55,65.54,59,12,12.0,16.44,6.16,258.38,275.7
2025-01-11 14:00:00,24.2,75.0,48,6,12.0,13.13,5.8,260.62,210.74
2025-01-11 15:00:00,27.82,62.66,50,8,12.0,10.69,5.95,209.12,226.73
2025-01-11 16:00:00,33.17,73.18,58,9,12.0,5.93,5.81,206.72,250.16
2025-01-11 17:00:00,29.06,69.42,70,9,12.0,1.82,5.79,205.79,249.72
2025-01-11 18:00:00,32.57,65.75,66,7,12.0,0.0,5.79,239.96,252.52
2025-01-11 19:00:00,33.8,67.71,60,9,12.0,1.51,6.18,261.39,265.81
2025-01-11 20:00:00,29.68,71.1,11,2,6.6,0.0,5.86,184.5,164.02
2025-01-11 21:00:00,31.71,75.66,21,5,10.8,0.0,6.42,224.31,188.63
2025-01-11 22:00:00,23.36,79.38,16,4,12.0,1.95,5.49,121.9,170.29
2025-01-11 23:00:00,28.27,70.72,0,2,7.8,0.0,5.53,197.77,128.78
2025-01-12 00:00:00,29.37,76.39,2,5,6.2,0.0,6.54,127.78,195.59
2025-01-12 01:00:00,25.92,76.26,13,3,10.6,0.0,6.82,153.18,198.78
2025-01-12 02:00:00,32.08,66.16,0,1,6.0,0.0,6.71,158.81,150.46
2025-01-12 03:00:00,23.39,74.35,3,1,4.7,0.92,7.06,162.18,149.76
2025-01-12 04:00:00,24.9,73.13,4,2,6.9,0.0,7.57,177.85,152.8
2025-01-12 05:00:00,25.5,77.29,8,4,5.2,2.02,7.51,158.92,185.2
2025-01-12 06:00:00,28.14,69.33,8,2,5.9,0.97,7.18,144.18,178.35
2025-01-12 07:00:00,20.55,74.48,8,4,7.6,2.59,7.34,209.51,152.24
2025-01-12 08:00:00,26.91,86.55,62,9,12.0,6.68,7.46,249.53,259.71
2025-01-12 09:00:00,24.16,81.26,53,6,12.0,9.05,6.64,243.42,237.15
2025-01-12 10:00:00,22.08,70.82,52,9,12.0,12.26,6.62,237.37,255.37
2025-01-12 11:00:00,26.33,77.17,44,7,12.0,16.56,7.03,279.07,219.81
2025-01-12 12:00:00,26.5,73.88,63,10,12.0,13.13,5.89,239.28,273.26
2025-01-12 13:00:00,25.46,76.52,50,7,12.0,13.9,5.91,274.28,229.5
2025-01-12 14:00:00,28.17,72.84,46,7,12.0,10.73,5.68,209.03,215.29
2025-01-12 15:00:00,28.07,80.28,57,9,12.0,10.96,6.26,226.23,241.92
2025-01-12 16:00:00,30.28,72.82,49,8,12.0,7.55,5.43,248.31,243.31
2025-01-12 17:00:00,32.48,68.43,51,11,12.0,6.28,6.0,238.9,264.7
2025-01-12 18:00:00,35.43,74.09,57,10,12.0,0.0,5.58,258.72,279.5
2025-01-12 19:00:00,28.77,73.09,52,9,12.0,1.38,6.35,262.56,250.35
2025-01-12 20:00:00,37.33,66.32,28,5,12.0,2.53,5.85,162.15,220.19
2025-01-12 21:00:00,26.98,74.91,9,1,7.6,0.0,6.31,187.66,182.31
2025-01-12 22:00:00,31.08,69.19,15,3,9.1,0.0,6.26,172.91,210.03
2025-01-12 23:00:00,32.3,69.06,0,1,5.7,0.38,6.14,126.32,151.9
2025-01-13 00:00:00,30.7,66.0,3,2,3.3,0.0,6.5,200.92,128.1
2025-01-13 01:00:00,27.48,67.11,1,2,7.0,0.35,6.71,208.15,152.7
2025-01-13 02:00:00,27.48,65.37,2,3,4.5,1.35,6.74,158.64,153.49
2025-01-13 03:00:00,25.73,63.84,13,4,12.0,0.0,7.38,151.03,170.81
2025-01-13 04:00:00,24.53,68.27,18,6,10.7,0.0,8.07,149.92,200.19
2025-01-13 05:00:00,27.3,71.27,13,3,8.6,0.53,7.31,182.18,167.79
2025-01-13 06:00:00,25.43,74.52,8,3,6.7,0.0,7.55,176.5,173.37
2025-01-13 07:00:00,22.4,74.02,5,3,5.8,2.92,7.46,147.99,162.11
2025-01-13 08:00:00,26.25,56.74,64,10,12.0,5.2,6.28,261.79,272.7
2025-01-13 09:00:00,24.9,85.19,70,12,12.0,9.82,7.24,236.02,291.45
2025-01-13 10:00:00,26.57,80.61,56,10,12.0,13.02,7.05,255.29,257.38
2025-01-13 11:00:00,26.75,76.0,63,8,12.0,12.98,6.27,218.27,258.26
2025-01-13 12:00:00,23.93,88.2,58,9,12.0,12.45,5.87,275.52,255.93
2025-01-13 13:00:00,25.56,66.86,61,9,12.0,13.33,6.44,230.78,237.66
2025-01-13 14:00:00,29.87,83.91,46,11,12.0,12.92,6.68,213.52,238.49
2025-01-13 15:00:00,30.56,63.45,51,8,12.0,10.16,5.81,241.18,228.18
2025-01-13 16:00:00,29.95,72.31,58,7,12.0,11.46,5.69,242.56,225.73
2025-01-13 17:00:00,31.12,60.9,65,10,12.0,2.31,6.54,268.05,261.43
2025-01-13 18:00:00,34.66,67.44,48,9,12.0,0.0,6.01,275.61,257.26
2025-01-13 19:00:00,30.38,73.03,39,7,12.0,1.56,5.3,248.02,227.61
2025-01-13 20:00:00,33.37,67.16,6,2,8.2,0.0,5.56,210.69,137.93
2025-01-13 21:00:00,31.36,74.65,18,6,12.0,3.86,6.7,176.93,214.77
2025-01-13 22:00:00,30.92,70.65,0,1,4.9,0.01,5.87,208.85,150.47
2025-01-13 23:00:00,33.58,64.44,1,2,0.8,1.12,6.11,149.72,145.19
2025-01-14 00:00:00,32.06,65.19,11,3,8.3,0.04,6.73,118.29,159.3
2025-01-14 01:00:00,31.07,75.53,9,5,8.3,2.04,6.61,155.33,166.27
2025-01-14 02:00:00,31.26,65.14,15,4,8.6,0.0,7.06,149.09,206.8
2025-01-14 03:00:00,27.02,79.1,0,1,3.3,3.14,7.17,162.71,153.63
2025-01-14 04:00:00,27.7,80.77,7,1,6.8,0.46,7.14,202.01,175.85
2025-01-14 05:00:00,24.4,62.84,20,7,12.0,1.32,7.7,171.96,203.81
2025-01-14 06:00:00,25.35,81.79,0,4,7.5,0.0,6.85,161.18,178.91
2025-01-14 07:00:00,23.81,89.36,22,6,12.0,4.3,7.31,165.52,186.2
2025-01-14 08:00:00,24.24,76.39,46,8,12.0,5.06,6.99,271.62,222.33
2025-01-14 09:00:00,25.62,77.86,62,12,12.0,12.25,7.64,290.17,280.84
2025-01-14 10:00:00,22.49,83.12,52,7,12.0,9.54,6.84,251.78,220.31
2025-01-14 11:00:00,30.4,68.39,46,9,12.0,13.83,7.38,257.48,238.19
2025-01-14 12:00:00,23.48,76.44,51,7,12.0,13.22,6.35,255.47,201.12
2025-01-14 13:00:00,23.93,65.65,59,9,12.0,10.4,6.33,248.93,205.77
2025-01-14 14:00:00,30.9,70.94,55,10,12.0,10.25,6.48,241.1,237.5
2025-01-14 15:00:00,31.01,73.38,64,9,12.0,10.8,5.6,228.17,248.81
2025-01-14 16:00:00,31.56,73.12,66,9,12.0,5.21,6.34,231.64,251.26
2025-01-14 17:00:00,32.4,76.38,46,7,12.0,2.29,5.74,265.86,239.35
2025-01-14 18:00:00,31.43,64.17,45,4,12.0,0.75,5.84,249.99,229.64
2025-01-14 19:00:00,29.62,67.14,45,9,12.0,1.83,5.92,230.92,240.61
2025-01-14 20:00:00,32.19,82.34,3,1,2.7,1.32,5.78,138.42,125.01
2025-01-14 21:00:00,30.17,69.43,19,7,12.0,0.0,5.65,211.27,203.74
2025-01-14 22:00:00,33.9,69.27,14,3,6.4,0.44,6.13,145.3,158.84
2025-01-14 23:00:00,30.46,69.81,6,5,5.6,0.24,5.59,144.46,186.91
2025-01-15 00:00:00,27.94,66.29,10,1,7.8,0.0,6.04,159.25,158.03
2025-01-15 01:00:00,28.23,83.2,21,6,12.0,0.56,6.66,172.01,193.97
2025-01-15 02:00:00,29.03,67.58,25,6,12.0,0.0,7.44,195.54,213.75
2025-01-15 03:00:00,25.56,65.82,12,5,8.8,1.23,7.6,147.34,183.51
2025-01-15 04:00:00,23.94,71.68,0,1,3.1,0.27,7.54,176.83,148.33
2025-01-15 05:00:00,25.78,59.54,12,2,10.2,0.0,6.73,203.12,150.87
2025-01-15 06:00:00,25.15,69.44,17,5,9.9,1.96,7.41,179.46,182.54
2025-01-15 07:00:00,22.87,68.81,12,4,8.7,2.58,6.97,183.91,178.34
2025-01-15 08:00:00,22.82,79.95,61,10,12.0,5.79,7.17,223.57,270.63
2025-01-15 09:00:00,24.72,69.58,58,8,12.0,11.81,7.4,272.89,285.04
2025-01-15 10:00:00,20.92,83.17,45,10,12.0,11.8,7.13,230.8,246.53
2025-01-15 11:00:00,21.65,86.23,48,12,12.0,14.72,7.16,240.28,230.22
2025-01-15 12:00:00,24.2,80.13,52,8,12.0,12.69,6.01,203.41,250.06
2025-01-15 13:00:00,26.43,71.59,64,10,12.0,15.13,5.93,200.44,256.62
2025-01-15 14:00:00,28.78,72.44,49,8,12.0,12.52,6.63,234.56,245.97
2025-01-15 15:00:00,32.72,58.02,59,11,12.0,10.71,6.47,251.37,263.62
2025-01-15 16:00:00,32.14,68.16,57,10,12.0,6.64,5.8,249.51,269.92
2025-01-15 17:00:00,30.43,64.28,68,9,12.0,6.88,5.72,240.69,271.02
2025-01-15 18:00:00,31.42,74.47,55,8,12.0,3.74,6.11,225.74,251.03
2025-01-15 19:00:00,29.36,89.06,41,5,12.0,0.0,5.91,233.92,211.63
2025-01-15 20:00:00,31.95,72.73,15,8,8.8,1.85,6.02,130.56,185.96
2025-01-15 21:00:00,31.14,55.86,27,6,12.0,0.0,5.61,199.26,192.16
2025-01-15 22:00:00,32.27,66.48,16,3,10.4,1.02,6.5,163.39,180.48
2025-01-15 23:00:00,28.76,72.33,4,1,8.1,0.0,6.22,182.72,164.34
2025-01-16 00:00:00,31.3,70.3,1,3,4.1,0.81,6.01,157.24,158.76
2025-01-16 01:00:00,32.87,63.48,2,4,3.8,0.0,6.43,192.03,152.64
2025-01-16 02:00:00,27.73,73.91,26,6,12.0,0.0,6.69,212.7,222.65
2025-01-16 03:00:00,27.97,63.32,7,2,9.4,0.0,7.58,187.3,155.79
2025-01-16 04:00:00,27.73,65.58,5,3,8.0,0.0,6.95,156.49,171.94
2025-01-16 05:00:00,24.17,79.2,9,3,8.3,0.0,7.41,149.91,187.83
2025-01-16 06:00:00,25.1,66.92,7,1,10.1,0.0,6.56,183.15,148.73
2025-01-16 07:00:00,24.17,78.45,23,3,12.0,3.32,7.6,176.99,195.43
2025-01-16 08:00:00,24.24,65.04,47,8,12.0,7.65,6.92,271.06,226.13
2025-01-16 09:00:00,22.2,88.41,64,10,12.0,13.62,7.2,281.45,276.3
2025-01-16 10:00:00,24.6,68.96,56,10,12.0,10.23,7.04,241.35,276.48
2025-01-16 11:00:00,26.42,71.54,65,11,12.0,13.78,6.93,231.84,269.2
2025-01-16 12:00:00,29.63,73.17,68,12,12.0,15.55,6.62,251.18,281.84
2025-01-16 13:00:00,29.36,67.09,56,8,12.0,12.11,6.96,262.3,258.19
2025-01-16 14:00:00,33.38,69.24,52,9,12.0,7.61,6.17,246.22,257.01
2025-01-16 15:00:00,27.12,76.65,56,10,12.0,6.08,6.72,263.38,238.09
2025-01-16 16:00:00,32.18,75.8,54,8,12.0,2.56,6.03,272.51,241.21
2025-01-16 17:00:00,31.29,75.24,42,7,12.0,6.7,5.82,275.94,215.69
2025-01-16 18:00:00,36.94,64.54,67,10,12.0,1.23,6.01,250.24,256.41
2025-01-16 19:00:00,29.84,69.68,57,12,12.0,1.51,5.8,198.75,272.09
2025-01-16 20:00:00,29.9,87.11,1,2,4.8,1.96,5.96,180.71,125.92
2025-01-16 21:00:00,30.37,76.99,0,3,3.5,0.0,6.06,197.51,153.7
2025-01-16 22:00:00,26.15,66.84,0,2,1.0,4.61,6.19,189.01,115.69
2025-01-16 23:00:00,29.51,71.64,16,3,12.0,0.67,7.03,171.01,181.4
2025-01-17 00:00:00,28.1,69.58,5,1,6.9,0.0,7.3,156.57,159.92
2025-01-17 01:00:00,29.41,70.06,6,4,6.7,2.22,6.82,151.0,184.96
2025-01-17 02:00:00,28.85,62.8,14,5,12.0,1.33,7.34,226.35,203.67
2025-01-17 03:00:00,31.66,66.56,6,2,4.5,2.67,7.49,158.79,161.46
2025-01-17 04:00:00,28.38,84.42,14,2,10.0,2.79,7.58,159.51,181.43
2025-01-17 05:00:00,23.73,79.04,11,4,6.9,0.0,7.46,188.05,159.83
2025-01-17 06:00:00,22.29,58.56,9,2,9.5,0.37,7.53,148.46,171.9
2025-01-17 07:00:00,25.37,82.36,0,2,0.5,1.81,7.47,189.67,140.39
2025-01-17 08:00:00,20.7,84.74,48,6,12.0,3.74,6.94,223.14,216.9
2025-01-17 09:00:00,28.71,68.98,60,10,12.0,11.57,7.04,277.62,271.28
2025-01-17 10:00:00,27.48,77.38,50,8,12.0,14.04,6.48,275.39,252.5
2025-01-17 11:00:00,24.0,68.79,65,11,12.0,9.56,6.91,273.86,259.7
2025-01-17 12:00:00,21.72,73.11,70,10,12.0,12.57,6.65,290.64,248.75
2025-01-17 13:00:00,30.35,80.85,60,9,12.0,13.64,6.54,262.92,244.56
2025-01-17 14:00:00,27.71,70.3,67,8,12.0,12.43,5.83,259.25,252.91
2025-01-17 15:00:00,32.13,56.02,61,11,12.0,13.99,6.27,237.35,241.51
2025-01-17 16:00:00,26.01,72.95,51,9,12.0,5.75,5.97,245.19,233.66
2025-01-17 17:00:00,29.33,70.52,57,9,12.0,3.28,6.51,212.58,243.5
2025-01-17 18:00:00,31.48,77.95,70,8,12.0,1.3,5.98,253.68,271.61
2025-01-17 19:00:00,31.98,69.31,51,6,12.0,0.0,5.52,265.93,241.29
2025-01-17 20:00:00,30.87,67.04,2,1,6.8,0.0,5.33,118.17,128.36
2025-01-17 21:00:00,33.42,75.52,1,4,4.7,0.0,6.01,160.1,164.11
2025-01-17 22:00:00,28.8,72.29,8,3,8.2,0.47,5.74,117.04,165.85
2025-01-17 23:00:00,30.47,65.02,2,1,6.4,0.0,6.04,184.06,144.45
2025-01-18 00:00:00,30.3,78.47,23,5,12.0,1.36,6.16,159.29,201.69
2025-01-18 01:00:00,30.32,71.73,12,2,11.9,0.71,6.5,194.41,179.14
2025-01-18 02:00:00,29.78,70.78,18,3,11.7,0.0,7.41,212.46,196.89
2025-01-18 03:00:00,24.15,75.94,8,4,8.4,0.0,6.73,161.38,163.48
2025-01-18 04:00:00,22.16,68.59,1,3,5.0,0.0,7.04,181.29,144.88
2025-01-18 05:00:00,28.37,68.05,0,4,4.9,1.96,6.77,158.73,166.73
2025-01-18 06:00:00,25.37,73.87,3,2,8.5,0.0,6.7,166.33,158.23
2025-01-18 07:00:00,22.27,74.65,13,5,9.8,4.37,7.17,138.34,193.92
2025-01-18 08:00:00,27.88,80.99,59,8,12.0,8.2,7.27,215.32,261.41
2025-01-18 09:00:00,24.43,76.02,60,9,12.0,10.98,6.66,260.19,250.57
2025-01-18 10:00:00,27.48,78.35,43,7,12.0,11.03,6.37,241.11,234.45
2025-01-18 11:00:00,25.34,73.93,55,9,12.0,11.23,6.05,259.38,241.12
2025-01-18 12:00:00,31.15,77.19,47,6,12.0,11.38,6.55,252.91,224.55
2025-01-18 13:00:00,31.35,72.44,58,9,12.0,19.46,6.62,240.71,245.6
2025-01-18 14:00:00,27.38,72.53,59,11,12.0,13.04,5.6,261.66,228.55
2025-01-18 15:00:00,31.46,69.48,46,6,12.0,13.58,5.71,240.1,198.87
2025-01-18 16:00:00,31.61,62.79,63,8,12.0,5.33,6.19,229.42,247.13
2025-01-18 17:00:00,34.25,71.17,70,9,12.0,6.12,5.65,236.38,259.03
2025-01-18 18:00:00,29.05,70.98,62,13,12.0,0.0,5.66,272.1,282.76
2025-01-18 19:00:00,33.58,64.58,54,9,12.0,0.0,5.86,231.24,272.57
2025-01-18 20:00:00,34.65,75.09,7,2,9.0,0.0,5.65,124.61,173.35
2025-01-18 21:00:00,27.47,63.62,8,3,6.1,0.0,5.66,164.33,133.66
2025-01-18 22:00:00,28.51,68.69,4,3,7.4,0.0,6.21,158.86,142.51
2025-01-18 23:00:00,25.73,80.78,12,2,7.2,0.0,5.81,141.84,167.09
2025-01-19 00:00:00,29.33,73.28,1,1,4.2,0.0,5.94,201.81,144.89
2025-01-19 01:00:00,30.83,69.68,0,2,5.6,0.25,6.46,173.05,135.29
2025-01-19 02:00:00,31.76,71.13,12,2,9.6,0.0,7.15,200.14,175.91
2025-01-19 03:00:00,27.15,73.85,10,3,9.4,1.41,7.47,168.19,167.88
2025-01-19 04:00:00,30.07,59.93,5,3,3.2,0.0,7.03,139.83,184.35
2025-01-19 05:00:00,21.72,73.95,0,1,4.7,3.27,7.56,165.73,151.15
2025-01-19 06:00:00,20.28,88.72,12,7,10.3,0.0,7.78,157.61,191.32
2025-01-19 07:00:00,24.0,70.19,2,3,7.2,3.42,7.29,195.65,163.14
2025-01-19 08:00:00,24.96,71.9,54,7,12.0,10.21,7.42,259.92,247.2
2025-01-19 09:00:00,24.05,70.97,69,7,12.0,8.91,7.72,246.96,264.15
2025-01-19 10:00:00,19.37,77.43,60,8,12.0,11.31,6.65,229.17,263.98
2025-01-19 11:00:00,24.95,70.05,44,8,12.0,12.12,6.62,245.3,244.84
2025-01-19 12:00:00,22.74,79.09,45,8,12.0,14.41,7.06,221.66,241.78
2025-01-19 13:00:00,28.64,72.93,56,9,12.0,12.05,5.96,241.72,251.59
2025-01-19 14:00:00,28.92,76.77,44,6,12.0,13.68,6.15,233.79,215.18
2025-01-19 15:00:00,26.69,65.56,39,5,12.0,9.81,5.71,199.59,189.88
2025-01-19 16:00:00,28.72,69.12,59,8,12.0,8.68,6.28,242.02,234.28
2025-01-19 17:00:00,28.18,70.29,58,7,12.0,5.08,5.31,258.05,252.59
2025-01-19 18:00:00,31.31,72.87,59,8,12.0,0.0,5.68,277.91,241.03
2025-01-19 19:00:00,34.25,62.07,57,11,12.0,0.0,5.36,266.67,266.24
2025-01-19 20:00:00,29.54,77.33,9,2,9.2,0.0,5.29,170.62,146.42
2025-01-19 21:00:00,33.12,76.72,5,4,8.0,0.02,5.27,132.64,169.3
2025-01-19 22:00:00,30.14,63.58,14,5,7.0,0.67,6.04,139.42,167.13
2025-01-19 23:00:00,28.85,67.97,22,3,12.0,0.89,6.46,169.8,201.34
2025-01-20 00:00:00,29.73,67.06,6,1,6.5,0.0,6.51,148.15,151.24
2025-01-20 01:00:00,26.45,91.51,2,4,7.4,0.0,6.79,131.75,152.78
2025-01-20 02:00:00,26.62,69.96,1,1,6.0,0.0,6.75,175.03,135.09
2025-01-20 03:00:00,23.97,86.56,3,2,8.0,1.04,7.41,165.53,158.34
2025-01-20 04:00:00,30.91,61.1,12,6,12.0,0.0,7.45,179.4,202.84
2025-01-20 05:00:00,25.26,66.99,0,3,3.4,1.12,7.32,151.94,142.57
2025-01-20 06:00:00,22.79,70.84,14,4,11.8,1.19,7.37,181.92,180.07
2025-01-20 07:00:00,24.67,68.41,15,5,11.6,6.69,7.11,158.34,179.67
2025-01-20 08:00:00,23.72,73.12,41,7,12.0,6.04,7.87,241.38,200.97
2025-01-20 09:00:00,23.58,70.13,47,9,12.0,9.25,7.35,259.63,235.7
2025-01-20 10:00:00,26.07,67.61,56,6,12.0,7.5,6.86,258.55,219.97
2025-01-20 11:00:00,27.07,80.76,54,8,12.0,11.64,6.65,236.76,230.17
2025-01-20 12:00:00,24.67,82.89,59,6,12.0,12.09,6.36,240.32,236.31
2025-01-20 13:00:00,25.53,80.38,54,9,12.0,14.53,6.19,249.73,231.19
2025-01-20 14:00:00,27.31,76.15,65,9,12.0,15.74,6.19,215.13,265.66
2025-01-20 15:00:00,23.28,75.95,52,10,12.0,11.06,5.34,191.06,218.86
2025-01-20 16:00:00,26.21,69.77,47,9,12.0,8.98,5.72,236.31,219.24
2025-01-20 17:00:00,34.25,60.96,46,7,12.0,2.2,5.68,248.57,235.07
2025-01-20 18:00:00,35.58,69.24,61,9,12.0,0.0,5.7,241.34,264.04
2025-01-20 19:00:00,31.24,61.52,55,9,12.0,0.0,5.79,264.93,261.76
2025-01-20 20:00:00,33.44,61.23,15,3,9.9,0.0,5.82,145.88,184.45
2025-01-20 21:00:00,32.64,76.82,15,4,12.0,0.0,6.08,167.01,203.86
2025-01-20 22:00:00,39.16,77.49,0,4,6.0,0.44,6.05,163.12,149.41
2025-01-20 23:00:00,33.63,70.81,1,1,4.6,0.0,6.64,200.11,158.88
2025-01-21 00:00:00,29.68,78.57,2,2,4.4,1.65,6.73,148.86,137.35
2025-01-21 01:00:00,26.65,71.23,3,2,6.6,0.0,7.49,154.28,159.53
2025-01-21 02:00:00,23.98,65.45,7,8,9.8,0.0,7.15,139.82,181.33
2025-01-21 03:00:00,27.47,76.65,18,5,11.6,0.2,6.8,153.64,189.82
2025-01-21 04:00:00,24.11,78.71,20,6,11.7,0.0,7.14,200.15,215.5
2025-01-21 05:00:00,21.62,76.97,8,4,6.4,2.53,7.1,154.16,142.05
2025-01-21 06:00:00,22.92,73.86,8,4,8.5,0.0,7.3,170.97,193.03
2025-01-21 07:00:00,21.43,83.33,4,3,7.0,6.19,7.66,171.62,160.72
2025-01-21 08:00:00,28.22,64.95,56,9,12.0,6.31,7.08,206.24,259.94
2025-01-21 09:00:00,26.34,67.75,57,7,12.0,11.74,6.87,245.27,240.24
2025-01-21 10:00:00,24.52,67.38,61,10,12.0,12.53,7.08,227.23,248.99
2025-01-21 11:00:00,28.87,71.98,61,9,12.0,15.22,6.42,231.74,257.21
2025-01-21 12:00:00,26.19,65.65,37,7,12.0,13.76,6.19,234.15,190.62
2025-01-21 13:00:00,24.81,69.44,54,8,12.0,14.0,6.43,229.82,191.94
2025-01-21 14:00:00,31.81,64.39,66,11,12.0,14.32,5.47,267.67,262.92
2025-01-21 15:00:00,30.38,68.51,51,10,12.0,10.09,5.77,223.54,231.36
2025-01-21 16:00:00,27.41,62.0,64,5,12.0,9.66,6.11,221.92,220.69
2025-01-21 17:00:00,30.35,70.96,53,8,12.0,4.33,5.09,225.0,217.96
2025-01-21 18:00:00,29.28,79.84,56,6,12.0,0.0,5.08,258.16,250.3
2025-01-21 19:00:00,28.41,72.66,46,8,12.0,0.0,5.23,263.15,251.11
2025-01-21 20:00:00,34.32,78.37,1,2,3.5,1.78,4.85,177.53,141.56
2025-01-21 21:00:00,36.64,75.29,16,6,12.0,0.0,6.6,194.34,202.09
2025-01-21 22:00:00,27.97,77.47,17,4,11.4,1.59,6.14,153.78,186.09
2025-01-21 23:00:00,32.24,69.56,10,2,8.6,0.0,6.06,160.17,172.89
2025-01-22 00:00:00,28.37,71.9,0,3,7.0,0.0,6.05,145.09,146.14
2025-01-22 01:00:00,27.82,77.47,10,3,3.3,0.41,7.48,164.39,177.04
2025-01-22 02:00:00,26.52,70.29,20,4,8.4,0.0,7.13,178.22,200.93
2025-01-22 03:00:00,24.8,61.06,24,5,12.0,0.0,7.02,191.05,209.62
2025-01-22 04:00:00,26.12,76.76,7,5,7.2,0.0,7.62,211.54,198.08
2025-01-22 05:00:00,23.09,67.52,0,3,4.1,0.23,7.41,133.98,157.3
2025-01-22 06:00:00,25.21,67.22,17,5,8.3,0.0,7.12,199.01,180.7
2025-01-22 07:00:00,24.01,74.79,8,7,8.2,4.41,7.06,159.75,180.15
2025-01-22 08:00:00,23.4,74.55,63,8,12.0,9.02,6.99,266.68,264.45
2025-01-22 09:00:00,21.87,66.41,57,8,12.0,10.98,6.71,240.78,225.72
2025-01-22 10:00:00,23.09,76.59,48,8,12.0,15.73,7.29,250.38,222.65
2025-01-22 11:00:00,27.06,79.42,55,11,12.0,17.63,6.53,260.09,228.61
2025-01-22 12:00:00,27.25,64.63,65,8,12.0,13.42,6.97,189.7,274.22
2025-01-22 13:00:00,24.52,83.34,54,11,12.0,11.22,6.0,190.75,247.7
2025-01-22 14:00:00,28.25,60.9,47,5,12.0,11.55,5.89,264.13,219.57
2025-01-22 15:00:00,30.91,84.78,42,7,12.0,10.14,5.78,237.59,202.39
2025-01-22 16:00:00,25.83,70.64,49,8,12.0,11.45,5.49,223.21,232.87
2025-01-22 17:00:00,32.19,70.09,52,7,12.0,2.87,5.52,218.05,240.95
2025-01-22 18:00:00,29.81,57.49,62,9,12.0,0.56,5.89,248.25,232.91
2025-01-22 19:00:00,33.29,67.86,46,9,12.0,0.0,6.15,250.52,248.57
2025-01-22 20:00:00,30.09,72.14,22,7,12.0,0.0,5.91,137.24,189.03
2025-01-22 21:00:00,27.35,71.85,0,1,6.0,0.0,5.52,197.18,134.74
2025-01-22 22:00:00,27.4,68.48,29,6,12.0,0.0,5.89,184.9,212.6
2025-01-22 23:00:00,30.95,63.31,24,5,12.0,2.72,6.09,172.92,201.26
2025-01-23 00:00:00,30.65,78.06,11,3,11.0,2.13,7.1,149.78,157.32
2025-01-23 01:00:00,26.77,73.07,0,2,4.7,0.0,7.05,171.39,149.16
2025-01-23 02:00:00,29.6,81.67,10,1,10.0,2.13,7.32,200.98,182.02
2025-01-23 03:00:00,22.81,71.95,7,5,5.4,0.0,6.82,211.75,161.26
2025-01-23 04:00:00,25.83,70.47,0,4,4.9,0.0,6.75,193.17,162.37
2025-01-23 05:00:00,22.14,81.81,12,3,5.5,0.35,7.47,155.0,172.34
2025-01-23 06:00:00,22.91,64.2,3,2,6.1,2.53,7.14,184.5,124.51
2025-01-23 07:00:00,24.25,66.13,4,2,8.8,4.02,7.37,179.85,171.91
2025-01-23 08:00:00,21.85,83.99,53,4,12.0,8.09,7.34,254.37,218.95
2025-01-23 09:00:00,23.17,67.17,50,9,12.0,8.96,6.93,229.59,229.38
2025-01-23 10:00:00,27.05,59.93,70,12,12.0,12.65,7.25,223.09,267.68
2025-01-23 11:00:00,23.73,88.07,51,8,12.0,16.05,6.2,220.58,241.95
2025-01-23 12:00:00,28.09,62.18,59,9,12.0,10.77,6.54,269.83,266.5
2025-01-23 13:00:00,24.14,75.99,56,9,12.0,15.8,6.53,247.07,239.06
2025-01-23 14:00:00,29.32,71.56,58,8,12.0,11.7,6.7,221.13,236.79
2025-01-23 15:00:00,32.64,49.08,58,8,12.0,7.09,5.98,207.53,281.1
2025-01-23 16:00:00,23.82,73.05,62,9,12.0,6.47,6.25,228.36,242.62
2025-01-23 17:00:00,28.84,74.55,57,10,12.0,6.2,6.14,238.69,240.43
2025-01-23 18:00:00,32.91,71.05,57,11,12.0,0.0,6.52,237.33,277.11
2025-01-23 19:00:00,31.36,75.98,55,8,12.0,0.6,5.84,253.79,245.45
2025-01-23 20:00:00,32.93,65.84,9,2,5.2,0.0,6.53,187.41,182.61
2025-01-23 21:00:00,30.35,75.34,3,2,8.1,0.0,6.22,132.08,142.93
2025-01-23 22:00:00,31.68,64.6,10,6,8.3,0.0,5.56,215.1,176.24
2025-01-23 23:00:00,30.44,60.42,12,2,9.3,2.03,6.3,190.9,185.44
2025-01-24 00:00:00,32.92,59.47,13,5,7.9,0.0,6.18,157.25,190.46
2025-01-24 01:00:00,29.67,60.6,11,5,8.3,2.2,7.24,149.03,176.7
2025-01-24 02:00:00,28.84,78.48,8,2,8.0,2.32,6.96,179.68,155.29
2025-01-24 03:00:00,25.94,62.84,10,2,7.3,0.0,6.6,163.62,149.86
2025-01-24 04:00:00,24.78,76.17,6,4,6.7,3.13,7.5,167.83,149.69
2025-01-24 05:00:00,24.09,72.88,13,4,12.0,0.0,7.74,167.46,198.89
2025-01-24 06:00:00,25.52,73.02,8,4,4.3,2.0,7.16,120.87,174.48
2025-01-24 07:00:00,23.08,84.99,11,6,9.2,5.54,7.12,175.24,186.19
2025-01-24 08:00:00,24.72,71.22,63,10,12.0,7.13,7.26,211.69,251.73
2025-01-24 09:00:00,29.32,75.35,49,6,12.0,10.03,6.43,226.72,231.16
2025-01-24 10:00:00,26.71,73.16,60,9,12.0,12.77,7.15,278.52,256.69
2025-01-24 11:00:00,24.36,73.49,55,9,12.0,13.75,7.3,242.9,255.25
2025-01-24 12:00:00,29.0,87.4,70,12,12.0,13.22,6.27,265.08,280.0
2025-01-24 13:00:00,25.94,63.35,53,8,12.0,12.57,6.94,230.44,232.91
2025-01-24 14:00:00,22.9,84.59,61,9,12.0,11.36,6.45,224.76,229.3
2025-01-24 15:00:00,26.52,77.63,55,7,12.0,12.34,5.91,286.42,237.57
2025-01-24 16:00:00,25.32,70.52,44,8,12.0,3.82,6.03,236.8,217.28
2025-01-24 17:00:00,29.95,82.04,51,13,12.0,2.63,6.29,240.66,241.62
2025-01-24 18:00:00,31.51,56.61,62,9,12.0,0.0,5.75,283.48,246.82
2025-01-24 19:00:00,36.05,62.71,52,9,12.0,0.0,5.86,242.96,262.14
2025-01-24 20:00:00,32.82,60.17,0,1,4.0,0.59,5.62,180.31,144.99
2025-01-24 21:00:00,31.32,72.56,10,1,7.2,0.0,5.89,146.41,124.54
2025-01-24 22:00:00,33.54,60.33,1,3,5.0,2.05,6.35,183.01,150.84
2025-01-24 23:00:00,25.3,76.92,11,3,8.2,1.77,6.23,189.67,145.19
2025-01-25 00:00:00,30.59,68.88,22,1,12.0,1.35,6.32,197.81,194.9
2025-01-25 01:00:00,30.96,66.57,16,6,12.0,0.0,7.11,165.16,214.33
2025-01-25 02:00:00,24.3,77.31,22,5,12.0,0.0,7.07,157.4,189.88
2025-01-25 03:00:00,29.82,68.84,6,3,6.6,0.0,6.9,156.28,174.09
2025-01-25 04:00:00,26.85,65.19,9,2,8.7,0.12,7.81,151.94,186.09
2025-01-25 05:00:00,24.13,94.32,2,3,7.3,1.33,8.01,198.17,179.68
2025-01-25 06:00:00,26.12,69.91,5,3,8.8,0.0,7.66,168.35,165.04
2025-01-25 07:00:00,29.81,55.21,3,3,6.8,4.34,6.85,182.52,179.95
2025-01-25 08:00:00,24.45,68.59,45,9,12.0,6.13,7.34,259.23,247.11
2025-01-25 09:00:00,24.76,65.4,66,12,12.0,10.47,7.27,230.98,270.52
2025-01-25 10:00:00,23.39,81.01,38,10,12.0,11.63,6.35,253.54,227.3
2025-01-25 11:00:00,23.05,77.72,66,9,12.0,14.06,7.12,247.49,266.03
2025-01-25 12:00:00,28.08,74.74,65,9,12.0,10.47,6.57,282.33,272.55
2025-01-25 13:00:00,24.82,71.63,59,10,12.0,14.5,6.69,228.88,259.04
2025-01-25 14:00:00,28.18,69.92,46,6,12.0,13.2,5.99,229.14,211.62
2025-01-25 15:00:00,27.84,69.51,42,6,12.0,10.96,6.1,246.2,217.39
2025-01-25 16:00:00,31.2,69.19,51,9,12.0,5.03,5.99,221.26,243.93
2025-01-25 17:00:00,31.66,75.28,60,11,12.0,2.2,5.79,248.17,270.97
2025-01-25 18:00:00,34.06,70.11,55,11,12.0,0.0,5.87,247.54,261.45
2025-01-25 19:00:00,30.59,73.69,47,7,12.0,0.66,5.68,265.7,255.12
2025-01-25 20:00:00,31.33,73.17,19,5,10.5,1.32,5.39,151.64,190.92
2025-01-25 21:00:00,29.42,77.2,23,5,11.3,0.0,5.22,120.4,195.35
2025-01-25 22:00:00,30.35,72.37,8,3,9.9,2.63,5.88,150.66,175.15
2025-01-25 23:00:00,31.77,71.87,11,2,8.6,2.6,6.57,141.74,186.51
2025-01-26 00:00:00,31.89,77.6,0,1,9.3,0.28,6.14,191.86,161.57
2025-01-26 01:00:00,26.73,68.23,7,4,7.9,0.74,7.08,213.59,168.74
2025-01-26 02:00:00,30.17,64.49,14,2,12.0,0.0,7.39,185.11,201.29
2025-01-26 03:00:00,30.35,62.05,13,1,9.1,0.0,7.23,172.24,201.93
2025-01-26 04:00:00,27.03,73.96,6,3,5.8,0.0,7.13,189.52,187.14
2025-01-26 05:00:00,29.86,57.72,8,5,8.3,0.0,7.63,179.2,178.29
2025-01-26 06:00:00,22.6,79.01,6,1,9.7,1.03,7.7,161.16,174.2
2025-01-26 07:00:00,21.02,76.12,8,3,7.6,5.14,7.19,183.88,161.71
2025-01-26 08:00:00,19.55,85.86,58,10,12.0,8.6,7.22,242.53,270.57
2025-01-26 09:00:00,27.88,67.38,39,4,12.0,10.38,6.78,265.0,238.69
2025-01-26 10:00:00,26.17,71.86,54,8,12.0,13.17,7.0,233.3,216.18
2025-01-26 11:00:00,25.03,81.93,58,7,12.0,10.34,5.98,270.26,243.36
2025-01-26 12:00:00,26.7,82.59,50,6,12.0,11.42,6.4,270.85,224.84
2025-01-26 13:00:00,24.15,69.93,51,8,12.0,13.1,5.99,268.52,220.18
2025-01-26 14:00:00,34.11,68.99,51,6,12.0,13.32,6.07,208.79,224.93
2025-01-26 15:00:00,29.36,73.11,51,6,12.0,9.0,5.66,220.8,224.26
2025-01-26 16:00:00,30.27,73.02,55,9,12.0,4.28,5.14,236.03,245.77
2025-01-26 17:00:00,32.64,66.91,56,12,12.0,2.24,5.5,265.89,262.92
2025-01-26 18:00:00,32.67,77.7,38,8,12.0,0.0,5.53,266.6,208.32
2025-01-26 19:00:00,32.42,55.68,60,11,12.0,0.0,6.1,262.22,271.66
2025-01-26 20:00:00,30.02,67.64,8,4,9.3,4.45,5.58,190.17,178.64
2025-01-26 21:00:00,33.04,71.61,25,4,12.0,2.47,5.64,206.75,194.74
2025-01-26 22:00:00,36.17,69.48,0,2,4.5,0.0,5.68,181.7,136.92
2025-01-26 23:00:00,34.19,77.13,3,4,7.0,0.0,6.69,183.03,176.13
2025-01-27 00:00:00,33.98,76.2,8,4,7.7,0.0,6.42,159.68,191.29
2025-01-27 01:00:00,27.76,70.17,13,4,9.0,0.0,6.8,161.81,181.01
2025-01-27 02:00:00,25.53,82.83,0,3,5.3,4.77,6.36,199.08,137.22
2025-01-27 03:00:00,26.65,67.95,3,6,6.4,0.0,6.45,203.13,157.0
2025-01-27 04:00:00,26.14,79.82,15,5,8.0,0.72,6.88,187.34,194.72
2025-01-27 05:00:00,27.91,84.74,2,2,6.4,0.0,7.84,178.44,160.05
2025-01-27 06:00:00,20.3,85.89,21,4,12.0,0.0,6.92,179.19,184.35
2025-01-27 07:00:00,27.96,72.77,6,1,5.1,5.72,7.05,162.54,145.68
2025-01-27 08:00:00,23.6,72.75,48,11,12.0,8.31,7.2,274.0,249.75
2025-01-27 09:00:00,23.07,64.75,60,12,12.0,9.78,6.85,240.92,261.97
2025-01-27 10:00:00,22.01,78.37,68,10,12.0,16.89,7.07,217.61,255.94
2025-01-27 11:00:00,21.03,69.07,58,12,12.0,13.99,6.42,247.97,235.1
2025-01-27 12:00:00,28.06,66.41,65,11,12.0,13.09,6.11,228.85,248.91
2025-01-27 13:00:00,27.15,64.26,68,10,12.0,17.35,7.24,214.55,248.47
2025-01-27 14:00:00,24.78,71.03,48,9,12.0,12.93,5.77,234.02,226.11
2025-01-27 15:00:00,25.8,73.35,63,10,12.0,13.16,6.21,224.86,253.03
2025-01-27 16:00:00,29.16,73.1,43,8,12.0,6.92,5.48,241.02,239.64
2025-01-27 17:00:00,35.0,62.9,58,7,12.0,0.0,5.19,262.6,240.36
2025-01-27 18:00:00,30.82,77.51,54,7,12.0,0.0,5.67,209.62,249.67
2025-01-27 19:00:00,28.11,70.47,65,12,12.0,2.17,5.26,274.6,244.92
2025-01-27 20:00:00,31.39,64.12,19,7,12.0,0.0,5.67,183.44,201.85
2025-01-27 21:00:00,31.18,71.36,15,6,6.0,0.51,5.66,198.58,160.01
2025-01-27 22:00:00,24.72,88.04,12,7,12.0,2.27,6.54,146.11,168.79
2025-01-27 23:00:00,30.69,72.46,14,5,11.1,0.36,5.75,176.66,195.59
2025-01-28 00:00:00,29.42,68.46,10,4,5.8,0.0,6.74,190.5,171.22
2025-01-28 01:00:00,30.78,59.36,10,2,11.2,0.0,6.81,173.67,172.23
2025-01-28 02:00:00,32.62,67.23,22,4,11.2,0.21,6.82,142.07,187.76
2025-01-28 03:00:00,29.78,72.4,23,2,11.6,0.0,6.8,160.05,200.95
2025-01-28 04:00:00,25.33,71.16,9,3,4.5,0.0,7.25,191.89,164.34
2025-01-28 05:00:00,22.41,64.26,12,1,7.5,0.0,7.35,161.26,169.38
2025-01-28 06:00:00,30.97,63.97,11,5,7.4,0.0,7.44,184.3,168.63
2025-01-28 07:00:00,24.28,84.78,0,3,6.6,0.74,7.18,146.56,163.51
2025-01-28 08:00:00,24.03,84.81,52,5,12.0,5.16,6.79,248.38,226.79
2025-01-28 09:00:00,24.08,68.54,68,10,12.0,8.47,7.37,262.54,271.11
2025-01-28 10:00:00,25.03,78.79,49,11,12.0,8.4,6.9,248.35,246.99
2025-01-28 11:00:00,24.81,65.98,70,10,12.0,13.78,6.49,233.07,250.27
2025-01-28 12:00:00,24.57,84.23,64,8,12.0,14.47,6.15,250.45,238.68
2025-01-28 13:00:00,25.6,75.4,58,6,12.0,12.43,6.62,244.94,219.63
2025-01-28 14:00:00,27.92,78.7,59,6,12.0,9.39,6.58,228.06,230.15
2025-01-28 15:00:00,27.68,60.22,48,9,12.0,10.71,6.14,263.36,216.62
2025-01-28 16:00:00,28.22,76.59,53,8,12.0,8.09,6.03,233.87,238.5
2025-01-28 17:00:00,31.09,69.78,67,10,12.0,3.82,6.14,231.2,255.85
2025-01-28 18:00:00,30.83,75.98,50,7,12.0,0.08,5.57,255.7,242.17
2025-01-28 19:00:00,35.62,73.07,63,9,12.0,1.19,6.47,255.39,307.84
2025-01-28 20:00:00,25.37,74.3,0,1,3.4,0.0,5.44,203.71,121.24
2025-01-28 21:00:00,34.59,63.18,0,2,8.3,0.0,5.85,160.04,135.57
2025-01-28 22:00:00,34.58,72.85,25,3,12.0,0.0,5.83,165.56,225.0
2025-01-28 23:00:00,25.64,73.23,10,2,11.0,0.0,6.32,198.29,167.4
2025-01-29 00:00:00,29.14,65.09,6,4,7.8,0.0,7.11,171.14,166.87
2025-01-29 01:00:00,28.11,65.48,21,5,12.0,1.77,6.62,176.48,192.42
2025-01-29 02:00:00,24.48,64.12,20,5,12.0,0.0,7.05,179.2,181.32
2025-01-29 03:00:00,25.02,70.51,17,7,12.0,0.35,6.05,202.59,194.25
2025-01-29 04:00:00,23.22,83.06,5,3,6.7,0.0,7.34,160.17,151.42
2025-01-29 05:00:00,29.55,72.16,8,3,6.0,0.0,7.62,174.12,164.83
2025-01-29 06:00:00,26.88,69.08,12,3,9.0,3.15,7.34,162.9,183.92
2025-01-29 07:00:00,27.32,78.11,16,3,9.3,4.54,6.9,166.66,193.36
2025-01-29 08:00:00,25.8,67.71,51,7,12.0,7.32,6.77,223.88,235.9
2025-01-29 09:00:00,21.31,77.35,56,9,12.0,6.58,6.87,268.94,251.65
2025-01-29 10:00:00,23.22,74.09,57,9,12.0,11.65,6.48,251.24,267.68
2025-01-29 11:00:00,26.4,78.58,65,10,12.0,9.38,7.26,246.29,254.24
2025-01-29 12:00:00,22.94,64.5,61,9,12.0,14.07,6.66,231.18,220.58
2025-01-29 13:00:00,28.75,65.53,43,9,12.0,11.03,6.8,219.99,238.68
2025-01-29 14:00:00,27.4,60.95,53,8,12.0,13.24,6.0,226.84,219.82
2025-01-29 15:00:00,28.1,70.11,48,7,12.0,10.22,5.67,209.77,214.77
2025-01-29 16:00:00,31.78,77.84,60,8,12.0,4.57,5.56,240.25,252.1
2025-01-29 17:00:00,31.94,65.7,62,7,12.0,4.39,5.57,257.3,262.4
2025-01-29 18:00:00,30.56,66.63,56,11,12.0,4.19,5.53,242.75,254.38
2025-01-29 19:00:00,34.76,73.37,53,7,12.0,0.0,6.15,310.38,221.96
2025-01-29 20:00:00,29.3,78.57,11,2,9.2,1.76,6.13,111.26,165.1
2025-01-29 21:00:00,33.4,67.6,12,3,12.0,0.0,6.03,131.75,182.49
2025-01-29 22:00:00,32.95,73.33,5,2,8.6,0.94,5.52,226.39,149.49
2025-01-29 23:00:00,30.05,63.02,0,4,4.0,0.0,6.4,172.58,130.36
2025-01-30 00:00:00,30.82,79.68,0,2,6.0,0.0,6.39,168.07,147.94
2025-01-30 01:00:00,25.91,88.51,20,8,8.3,1.19,7.2,198.26,173.03
2025-01-30 02:00:00,30.31,74.03,14,4,10.2,0.0,7.21,177.93,169.09
2025-01-30 03:00:00,26.5,58.46,13,7,9.7,0.0,7.12,191.18,176.56
2025-01-30 04:00:00,24.69,70.41,20,6,10.2,3.05,6.46,149.56,178.93
2025-01-30 05:00:00,27.79,76.43,0,3,4.6,0.0,7.23,164.42,168.37
2025-01-30 06:00:00,22.78,72.71,0,4,3.6,0.0,7.07,175.04,148.71
2025-01-30 07:00:00,20.62,86.07,13,5,7.7,3.88,7.41,193.25,177.97
2025-01-30 08:00:00,20.11,81.64,57,10,12.0,7.27,6.79,235.73,252.09
2025-01-30 09:00:00,25.65,68.7,41,10,12.0,10.76,7.16,248.59,215.51
2025-01-30 10:00:00,21.33,76.89,58,8,12.0,12.39,6.12,263.84,228.78
2025-01-30 11:00:00,29.56,64.65,52,7,12.0,15.82,6.22,255.6,229.25
2025-01-30 12:00:00,20.8,75.77,49,7,12.0,14.98,6.19,223.53,211.69
2025-01-30 13:00:00,31.21,65.87,52,11,12.0,11.15,6.1,239.4,255.65
2025-01-30 14:00:00,28.53,79.85,35,8,12.0,6.93,6.24,220.53,227.69
2025-01-30 15:00:00,28.79,86.26,50,7,12.0,10.2,5.36,214.59,230.4
2025-01-30 16:00:00,28.64,61.54,49,4,12.0,9.93,5.58,252.18,230.74
2025-01-30 17:00:00,31.83,55.86,59,9,12.0,1.12,5.51,265.8,258.06
2025-01-30 18:00:00,31.37,67.92,54,7,12.0,0.0,5.94,262.49,235.02
2025-01-30 19:00:00,34.62,56.74,60,8,12.0,0.71,5.66,229.42,271.26
2025-01-30 20:00:00,32.29,69.32,0,1,3.6,0.97,5.47,159.68,120.44
2025-01-30 21:00:00,32.24,74.27,3,1,7.8,2.24,5.56,171.93,154.51
2025-01-30 22:00:00,30.56,80.67,14,7,11.6,3.28,5.91,152.14,189.95
2025-01-30 23:00:00,30.69,71.53,8,2,5.4,0.47,5.72,130.47,145.66
2025-01-31 00:00:00,30.77,68.71,17,6,11.6,0.0,7.07,147.64,202.99
2025-01-31 01:00:00,24.76,60.42,0,2,5.7,0.0,6.71,174.93,138.76
2025-01-31 02:00:00,24.63,74.54,16,2,9.2,0.0,6.58,167.87,150.12
2025-01-31 03:00:00,28.82,71.92,5,3,7.5,2.06,6.7,168.46,168.04
2025-01-31 04:00:00,26.43,77.57,4,2,3.2,0.0,6.77,173.22,139.7
2025-01-31 05:00:00,24.71,69.34,18,4,9.4,1.92,7.4,162.97,187.8
2025-01-31 06:00:00,24.58,71.35,19,4,12.0,0.0,6.72,152.04,191.58
2025-01-31 07:00:00,25.01,63.75,18,3,11.4,4.2,7.21,187.4,189.0
2025-01-31 08:00:00,22.65,59.71,70,8,12.0,5.5,7.39,249.74,235.75
2025-01-31 09:00:00,22.19,68.31,65,10,12.0,10.94,6.86,228.52,245.24
2025-01-31 10:00:00,25.03,63.09,49,9,12.0,11.61,6.55,219.3,235.78
2025-01-31 11:00:00,22.73,78.05,56,7,12.0,15.12,7.0,226.71,264.16
2025-01-31 12:00:00,27.02,69.06,52,8,12.0,13.13,6.1,212.61,233.72
2025-01-31 13:00:00,22.71,71.94,70,13,12.0,13.47,6.2,242.89,259.16
2025-01-31 14:00:00,30.57,63.31,64,10,12.0,13.74,6.14,235.3,266.03
2025-01-31 15:00:00,30.22,47.82,53,8,12.0,9.7,5.72,226.94,225.6
2025-01-31 16:00:00,30.64,80.71,62,10,12.0,7.12,5.39,230.91,261.6
2025-01-31 17:00:00,33.29,61.3,45,6,12.0,5.14,5.53,260.3,224.09
2025-01-31 18:00:00,35.63,63.77,57,7,12.0,0.0,5.82,227.06,264.48
2025-01-31 19:00:00,34.4,57.34,47,6,12.0,0.0,5.47,283.42,239.8
2025-01-31 20:00:00,27.4,79.23,0,3,2.9,0.0,5.97,121.11,130.53
2025-01-31 21:00:00,28.66,72.54,16,5,12.0,0.0,5.84,152.81,166.35
2025-01-31 22:00:00,29.9,64.88,17,5,10.4,0.0,5.89,184.39,172.56
2025-01-31 23:00:00,30.89,67.23,14,3,9.5,0.94,6.04,146.68,179.23
2025-02-01 00:00:00,31.29,81.44,9,5,9.0,0.25,6.58,195.11,186.83
2025-02-01 01:00:00,27.22,72.03,0,2,2.2,2.79,7.1,139.46,144.56
2025-02-01 02:00:00,28.47,70.4,1,2,3.8,2.57,6.94,157.1,155.38
2025-02-01 03:00:00,25.08,67.46,2,1,3.2,0.51,6.73,173.87,135.62
2025-02-01 04:00:00,24.47,61.21,8,2,7.0,0.0,7.58,136.92,165.17
2025-02-01 05:00:00,21.65,75.32,19,2,9.8,1.34,6.96,186.41,180.6
2025-02-01 06:00:00,22.23,78.32,18,5,12.0,0.0,7.91,194.29,183.21
2025-02-01 07:00:00,20.76,84.77,0,2,3.8,5.39,7.22,194.91,134.24
2025-02-01 08:00:00,21.56,60.77,49,6,12.0,7.63,6.89,243.41,233.98
2025-02-01 09:00:00,26.77,64.99,49,8,12.0,11.21,7.26,253.39,251.06
2025-02-01 10:00:00,22.16,72.02,35,4,12.0,13.13,6.79,231.12,188.73
2025-02-01 11:00:00,31.75,69.35,60,8,12.0,18.3,6.86,267.93,260.44
2025-02-01 12:00:00,27.23,71.52,53,7,12.0,15.04,6.53,226.8,227.14
2025-02-01 13:00:00,27.43,71.55,54,9,12.0,10.96,5.81,256.84,232.95
2025-02-01 14:00:00,25.85,76.36,66,12,12.0,14.27,6.08,260.16,286.49
2025-02-01 15:00:00,30.79,63.73,56,8,12.0,9.04,6.11,219.83,240.88
2025-02-01 16:00:00,28.56,78.15,52,10,12.0,9.69,5.85,262.81,226.21
2025-02-01 17:00:00,31.13,72.84,60,9,12.0,6.71,6.17,220.63,251.27
2025-02-01 18:00:00,37.86,62.86,63,10,12.0,1.24,5.81,265.91,274.88
2025-02-01 19:00:00,31.62,80.67,57,9,12.0,0.0,5.64,233.76,270.22
2025-02-01 20:00:00,34.87,78.08,16,4,10.3,0.0,5.88,132.95,187.92
2025-02-01 21:00:00,30.11,77.06,9,4,6.3,2.68,5.76,164.2,170.35
2025-02-01 22:00:00,31.38,48.51,9,4,8.8,4.0,6.23,171.1,183.94
2025-02-01 23:00:00,35.26,77.97,11,2,8.8,0.12,6.42,172.73,175.11
2025-02-02 00:00:00,28.43,77.26,4,2,6.3,0.0,6.07,191.92,161.47
2025-02-02 01:00:00,33.57,82.15,5,5,4.6,0.0,6.98,145.26,180.14
2025-02-02 02:00:00,29.77,79.42,21,5,12.0,0.0,7.68,158.08,215.29
2025-02-02 03:00:00,25.56,84.76,26,6,12.0,0.47,7.26,129.24,217.52
2025-02-02 04:00:00,27.58,78.44,23,7,12.0,1.4,6.48,168.55,219.27
2025-02-02 05:00:00,27.6,81.72,0,1,2.6,0.0,7.12,180.81,147.83
2025-02-02 06:00:00,26.09,87.3,0,2,6.5,1.66,6.85,180.73,159.36
2025-02-02 07:00:00,20.21,78.97,0,3,1.2,6.37,7.17,141.12,134.28
2025-02-02 08:00:00,22.18,65.07,56,11,12.0,8.26,7.43,236.02,287.36
2025-02-02 09:00:00,23.52,72.99,33,2,12.0,13.21,6.81,253.32,199.64
2025-02-02 10:00:00,24.35,77.28,50,7,12.0,12.84,7.56,178.91,235.14
2025-02-02 11:00:00,26.72,73.42,66,8,12.0,14.25,5.7,265.85,250.58
2025-02-02 12:00:00,26.44,64.36,63,9,12.0,14.69,6.41,229.38,264.18
2025-02-02 13:00:00,23.63,63.64,51,7,12.0,16.24,6.43,239.14,211.76
2025-02-02 14:00:00,28.95,66.15,52,9,12.0,13.2,5.67,283.53,223.25
2025-02-02 15:00:00,30.56,75.86,60,9,12.0,8.84,5.55,237.31,238.22
2025-02-02 16:00:00,31.4,80.68,62,11,12.0,7.85,6.07,234.28,283.11
2025-02-02 17:00:00,33.53,74.54,51,10,12.0,4.49,6.4,256.06,270.88
2025-02-02 18:00:00,33.55,75.52,53,9,12.0,0.0,6.42,267.74,260.51
2025-02-02 19:00:00,33.01,67.93,50,7,12.0,2.05,5.61,270.3,235.1
2025-02-02 20:00:00,31.82,57.13,0,2,5.8,0.18,6.28,193.03,142.17
2025-02-02 21:00:00,27.71,69.02,8,2,7.2,1.41,5.91,171.24,179.75
2025-02-02 22:00:00,32.54,67.01,8,1,7.6,1.02,6.42,181.19,162.4
2025-02-02 23:00:00,31.35,66.18,0,3,10.6,0.0,6.22,171.77,171.43
2025-02-03 00:00:00,30.68,70.51,15,4,9.4,0.0,6.1,161.79,178.34
2025-02-03 01:00:00,25.84,76.6,14,1,10.5,0.0,7.27,185.25,171.76
2025-02-03 02:00:00,25.3,79.86,16,5,10.5,0.0,7.55,210.31,195.0
2025-02-03 03:00:00,29.6,68.93,4,2,8.7,3.18,6.92,206.85,185.36
2025-02-03 04:00:00,25.9,60.14,0,1,5.5,0.0,7.52,217.24,145.73
2025-02-03 05:00:00,26.88,69.41,14,2,9.4,0.75,7.22,150.08,184.22
2025-02-03 06:00:00,24.61,74.68,5,2,11.3,1.75,8.06,162.72,164.53
2025-02-03 07:00:00,24.21,83.21,3,3,4.3,2.91,6.75,129.21,154.11
2025-02-03 08:00:00,26.35,69.18,45,9,12.0,6.17,7.13,288.71,245.84
2025-02-03 09:00:00,22.85,79.2,53,9,12.0,12.0,6.56,196.45,236.59
2025-02-03 10:00:00,24.78,76.29,68,11,12.0,13.26,6.34,238.82,267.83
2025-02-03 11:00:00,24.02,75.1,51,8,12.0,12.39,6.67,249.92,222.07
2025-02-03 12:00:00,24.91,80.67,46,10,12.0,13.18,6.34,268.37,236.55
2025-02-03 13:00:00,26.19,68.64,60,10,12.0,13.69,5.94,212.1,245.89
2025-02-03 14:00:00,28.56,67.58,56,9,12.0,12.78,6.39,225.75,233.7
2025-02-03 15:00:00,27.84,72.03,38,7,12.0,12.39,6.39,236.01,206.83
2025-02-03 16:00:00,33.14,63.92,60,9,12.0,8.06,5.99,279.56,268.69
2025-02-03 17:00:00,28.59,75.14,70,10,12.0,1.66,5.07,269.46,264.32
2025-02-03 18:00:00,31.0,64.91,34,3,12.0,0.0,5.82,263.59,205.07
2025-02-03 19:00:00,30.76,71.65,45,7,12.0,0.62,5.84,247.72,234.16
2025-02-03 20:00:00,35.62,65.97,0,5,5.6,0.29,5.51,148.47,167.21
2025-02-03 21:00:00,32.36,70.46,9,3,9.2,0.0,6.06,187.35,155.75
2025-02-03 22:00:00,34.04,64.55,18,4,12.0,2.11,5.92,161.88,178.8
2025-02-03 23:00:00,27.11,70.25,11,5,10.5,0.0,6.01,168.75,167.25
2025-02-04 00:00:00,30.67,70.8,21,5,11.9,0.67,6.09,167.32,206.59
2025-02-04 01:00:00,31.26,71.13,17,3,11.3,0.0,7.0,168.77,194.64
2025-02-04 02:00:00,28.21,71.83,24,5,12.0,1.76,7.35,188.1,207.9
2025-02-04 03:00:00,29.63,82.8,19,3,10.8,0.0,7.02,189.2,193.81
2025-02-04 04:00:00,24.71,67.37,7,3,9.5,1.5,7.54,144.75,152.77
2025-02-04 05:00:00,28.69,71.06,11,2,10.8,0.0,7.81,177.62,175.31
2025-02-04 06:00:00,30.28,59.39,3,4,8.5,2.65,7.35,167.26,176.08
2025-02-04 07:00:00,23.23,77.94,8,2,6.3,0.0,7.25,155.69,157.85
2025-02-04 08:00:00,22.89,67.77,55,7,12.0,8.76,7.36,240.17,240.98
2025-02-04 09:00:00,27.77,70.21,54,8,12.0,8.68,6.77,244.16,228.62
2025-02-04 10:00:00,28.48,69.06,66,10,12.0,12.87,7.09,264.07,266.19
2025-02-04 11:00:00,23.86,76.86,52,6,12.0,14.36,6.76,225.05,197.59
2025-02-04 12:00:00,24.95,70.27,48,7,12.0,11.22,6.04,235.93,205.8
2025-02-04 13:00:00,26.26,69.05,48,8,12.0,15.52,5.84,254.13,209.23
2025-02-04 14:00:00,24.64,84.4,60,11,12.0,12.91,5.76,238.31,224.48
2025-02-04 15:00:00,26.74,74.87,44,3,12.0,10.13,6.11,201.34,190.72
2025-02-04 16:00:00,27.49,68.43,53,9,12.0,7.77,5.69,277.79,238.02
2025-02-04 17:00:00,28.91,69.61,66,9,12.0,3.87,5.72,257.99,270.28
2025-02-04 18:00:00,31.38,81.15,57,8,12.0,1.67,6.18,199.77,243.25
2025-02-04 19:00:00,32.45,67.24,54,7,12.0,0.0,5.88,242.28,235.42
2025-02-04 20:00:00,35.88,61.66,10,3,11.5,1.67,5.58,167.07,174.36
2025-02-04 21:00:00,29.37,66.25,2,3,2.8,1.14,5.59,157.31,136.45
2025-02-04 22:00:00,33.92,64.01,3,2,8.1,0.0,6.21,180.92,147.27
2025-02-04 23:00:00,30.29,66.23,8,5,4.7,3.69,5.95,161.87,168.83
2025-02-05 00:00:00,29.88,61.73,12,4,6.3,0.9,6.94,215.99,169.01
2025-02-05 01:00:00,30.72,62.22,18,4,11.7,0.39,6.79,205.61,186.58
2025-02-05 02:00:00,25.19,68.16,11,3,7.2,1.15,6.95,198.56,159.07
2025-02-05 03:00:00,27.92,76.2,21,6,12.0,0.0,6.73,191.56,235.36
2025-02-05 04:00:00,26.42,70.44,23,7,12.0,2.4,7.41,156.17,220.3
2025-02-05 05:00:00,26.4,71.67,16,2,10.3,0.0,7.67,174.75,179.51
2025-02-05 06:00:00,25.26,82.81,20,3,12.0,1.64,7.25,173.36,163.69
2025-02-05 07:00:00,30.27,79.47,2,3,6.3,1.49,7.6,160.66,147.44
2025-02-05 08:00:00,22.41,73.94,46,9,12.0,3.41,7.05,244.28,240.18
2025-02-05 09:00:00,22.81,71.22,59,9,12.0,10.7,7.04,237.08,244.41
2025-02-05 10:00:00,22.98,69.46,44,6,12.0,11.36,7.63,257.52,203.22
2025-02-05 11:00:00,23.78,79.8,53,8,12.0,13.14,6.58,192.55,230.77
2025-02-05 12:00:00,24.41,73.08,61,12,12.0,9.32,6.69,202.03,250.51
2025-02-05 13:00:00,29.94,67.94,66,10,12.0,16.92,6.16,221.21,248.95
2025-02-05 14:00:00,31.55,63.82,53,6,12.0,12.33,6.2,232.03,227.67
2025-02-05 15:00:00,27.61,66.89,50,8,12.0,12.57,6.18,192.1,213.15
2025-02-05 16:00:00,27.92,74.3,58,10,12.0,4.21,5.49,237.6,232.26
2025-02-05 17:00:00,32.01,59.99,46,7,12.0,3.82,5.48,272.48,210.99
2025-02-05 18:00:00,30.08,77.51,54,10,12.0,0.82,5.9,249.12,246.09
2025-02-05 19:00:00,33.45,64.45,55,10,12.0,0.27,5.78,234.15,237.82
2025-02-05 20:00:00,32.51,67.8,10,3,9.5,0.47,6.22,175.73,195.78
2025-02-05 21:00:00,28.07,62.59,11,3,8.4,0.0,6.03,134.77,172.81
2025-02-05 22:00:00,35.33,66.78,3,1,5.3,0.63,6.75,140.29,162.18
2025-02-05 23:00:00,35.32,64.58,4,4,8.9,0.0,6.54,159.88,164.45
2025-02-06 00:00:00,28.47,71.32,4,2,4.0,0.0,7.16,165.56,140.28
2025-02-06 01:00:00,28.07,82.26,0,1,6.6,0.03,7.3,184.72,132.88
2025-02-06 02:00:00,28.71,72.74,13,3,12.0,0.0,6.68,161.25,206.95
2025-02-06 03:00:00,27.8,66.58,17,5,12.0,0.0,7.58,236.7,215.23
2025-02-06 04:00:00,27.65,67.27,16,2,10.1,2.25,7.52,213.34,189.64
2025-02-06 05:00:00,30.2,74.63,8,1,7.5,0.0,7.58,179.56,169.32
2025-02-06 06:00:00,24.09,83.83,4,2,5.4,0.0,7.71,160.96,152.03
2025-02-06 07:00:00,22.14,78.08,16,3,9.3,3.38,7.16,146.19,180.66
2025-02-06 08:00:00,20.55,82.03,60,10,12.0,4.78,7.31,240.58,276.86
2025-02-06 09:00:00,22.31,80.25,57,8,12.0,10.22,6.92,250.82,249.68
2025-02-06 10:00:00,24.45,84.42,69,13,12.0,13.57,7.71,200.92,264.06
2025-02-06 11:00:00,29.66,57.19,55,10,12.0,14.15,6.44,239.16,239.27
2025-02-06 12:00:00,24.71,78.98,53,9,12.0,14.07,6.05,244.01,239.01
2025-02-06 13:00:00,27.52,79.22,52,7,12.0,14.73,6.01,244.56,216.23
2025-02-06 14:00:00,27.96,62.66,43,11,12.0,11.02,6.08,227.19,225.23
2025-02-06 15:00:00,32.01,63.0,60,9,12.0,9.98,5.91,207.3,268.43
2025-02-06 16:00:00,36.32,60.22,54,7,12.0,9.8,6.12,225.66,237.85
2025-02-06 17:00:00,29.5,65.85,59,10,12.0,3.04,5.74,211.36,233.78
2025-02-06 18:00:00,30.24,67.06,70,11,12.0,1.22,5.53,239.47,307.11
2025-02-06 19:00:00,34.47,69.17,52,7,12.0,1.27,5.9,233.02,256.44
2025-02-06 20:00:00,33.7,74.07,0,5,4.1,0.0,6.21,195.37,156.22
2025-02-06 21:00:00,36.48,73.63,14,5,9.2,1.38,6.01,181.32,188.79
2025-02-06 22:00:00,32.92,62.69,11,3,8.6,0.0,6.4,161.22,147.32
2025-02-06 23:00:00,29.93,64.74,4,6,4.8,0.86,6.32,165.1,159.29
2025-02-07 00:00:00,31.48,78.78,13,5,12.0,0.0,6.41,134.53,184.31
2025-02-07 01:00:00,31.81,73.86,16,4,10.8,0.56,6.95,127.64,194.85
2025-02-07 02:00:00,30.05,71.14,2,6,3.4,0.26,6.98,195.49,187.47
2025-02-07 03:00:00,28.23,75.15,8,4,8.6,0.22,7.42,210.31,183.7
2025-02-07 04:00:00,28.67,71.32,22,6,12.0,0.54,7.73,193.46,236.72
2025-02-07 05:00:00,28.09,75.61,4,2,8.5,0.0,7.23,166.45,150.48
2025-02-07 06:00:00,27.99,69.65,11,3,7.3,0.0,7.53,152.78,159.01
2025-02-07 07:00:00,25.76,75.45,0,1,2.8,3.79,7.65,181.78,155.59
2025-02-07 08:00:00,23.58,64.52,43,9,12.0,9.21,7.34,280.54,233.02
2025-02-07 09:00:00,24.5,69.63,56,6,12.0,11.07,7.24,257.98,241.21
2025-02-07 10:00:00,27.55,67.57,65,12,12.0,13.02,6.95,267.1,270.13
2025-02-07 11:00:00,23.13,72.79,44,6,12.0,12.5,6.8,238.08,215.02
2025-02-07 12:00:00,26.92,66.27,56,9,12.0,14.37,6.68,242.99,248.94
2025-02-07 13:00:00,25.98,69.68,52,8,12.0,11.86,6.08,217.75,232.42
2025-02-07 14:00:00,28.07,61.35,63,9,12.0,11.28,5.51,214.04,239.8
2025-02-07 15:00:00,32.23,72.88,45,8,12.0,10.61,5.9,262.43,256.7
2025-02-07 16:00:00,30.48,69.69,58,9,12.0,3.37,5.75,236.73,251.42
2025-02-07 17:00:00,30.94,58.0,50,7,12.0,7.08,6.29,230.85,226.9
2025-02-07 18:00:00,28.06,66.11,57,9,12.0,0.0,5.8,306.5,242.45
2025-02-07 19:00:00,33.73,70.35,56,8,12.0,3.78,5.92,244.31,252.94
2025-02-07 20:00:00,33.61,64.27,8,2,9.9,0.0,5.66,160.43,161.57
2025-02-07 21:00:00,37.27,60.63,14,1,7.2,0.0,5.73,188.54,145.66
2025-02-07 22:00:00,30.69,69.59,10,3,6.7,0.0,5.81,153.4,160.31
2025-02-07 23:00:00,31.38,72.04,9,4,5.6,0.0,5.85,159.42,154.19
2025-02-08 00:00:00,30.62,60.11,7,3,2.1,0.0,6.75,185.32,163.71
2025-02-08 01:00:00,32.98,72.37,11,6,10.5,0.0,6.81,189.67,201.03
2025-02-08 02:00:00,27.76,66.56,12,7,12.0,0.18,7.42,181.44,195.21
2025-02-08 03:00:00,27.66,72.11,2,2,6.8,0.0,7.26,184.36,174.48
2025-02-08 04:00:00,27.52,72.09,7,2,8.2,1.68,7.28,236.73,170.95
2025-02-08 05:00:00,25.64,69.96,2,4,5.9,2.82,6.58,142.27,158.6
2025-02-08 06:00:00,23.42,68.04,10,4,8.6,0.0,7.97,163.71,176.46
2025-02-08 07:00:00,24.62,72.37,5,4,10.1,7.33,7.29,155.84,166.93
2025-02-08 08:00:00,26.68,84.3,61,10,12.0,8.55,6.46,230.49,275.19
2025-02-08 09:00:00,21.57,66.97,60,9,12.0,10.41,7.14,236.86,242.69
2025-02-08 10:00:00,24.87,86.04,48,7,12.0,10.98,6.62,273.91,234.71
2025-02-08 11:00:00,23.42,73.39,55,9,12.0,13.86,6.41,211.54,235.15
2025-02-08 12:00:00,28.99,71.56,60,9,12.0,15.79,6.59,250.12,245.61
2025-02-08 13:00:00,23.16,67.78,54,10,12.0,18.74,6.09,231.58,238.96
2025-02-08 14:00:00,26.6,67.58,49,6,12.0,16.51,6.46,237.15,207.45
2025-02-08 15:00:00,29.98,67.09,46,9,12.0,6.84,5.89,250.21,243.88
2025-02-08 16:00:00,33.91,60.54,62,7,12.0,6.58,5.95,257.93,258.76
2025-02-08 17:00:00,30.66,68.67,62,10,12.0,3.78,5.93,221.87,279.49
2025-02-08 18:00:00,30.08,67.7,53,8,12.0,2.69,5.79,238.14,222.85
2025-02-08 19:00:00,36.57,78.96,61,7,12.0,0.0,5.8,259.63,277.49
2025-02-08 20:00:00,28.38,63.57,0,1,0.8,0.0,5.86,161.06,125.37
2025-02-08 21:00:00,26.37,73.86,21,3,11.4,0.11,6.46,147.26,163.08
2025-02-08 22:00:00,32.56,70.54,9,3,8.9,0.0,6.4,167.88,168.37
2025-02-08 23:00:00,29.57,63.41,11,2,9.8,1.97,6.05,161.64,176.26
2025-02-09 00:00:00,27.45,77.19,7,1,9.2,4.78,6.11,160.97,156.82
2025-02-09 01:00:00,30.81,67.25,21,7,11.6,1.82,6.43,206.79,229.17
2025-02-09 02:00:00,28.61,54.13,2,1,5.9,1.9,7.05,187.19,149.09
2025-02-09 03:00:00,25.55,78.33,22,6,12.0,2.47,6.68,165.69,206.87
2025-02-09 04:00:00,22.8,67.82,13,2,10.5,0.91,6.96,171.17,173.04
2025-02-09 05:00:00,27.35,65.12,15,2,9.1,0.0,6.8,158.18,171.33
2025-02-09 06:00:00,26.16,78.1,7,2,8.0,0.0,7.63,179.7,172.93
2025-02-09 07:00:00,23.89,72.45,0,3,1.0,5.82,7.5,169.64,141.31
2025-02-09 08:00:00,28.62,77.99,62,7,12.0,7.58,7.5,278.65,266.01
2025-02-09 09:00:00,21.46,85.05,57,9,12.0,7.93,6.9,250.7,252.62
2025-02-09 10:00:00,20.72,72.58,66,8,12.0,14.74,6.28,244.52,247.29
2025-02-09 11:00:00,23.44,80.74,53,7,12.0,11.97,6.41,239.54,234.87
2025-02-09 12:00:00,25.89,68.19,52,9,12.0,11.75,6.03,245.5,253.08
2025-02-09 13:00:00,27.57,87.93,66,13,12.0,11.77,5.82,237.93,263.48
2025-02-09 14:00:00,27.4,67.57,70,9,12.0,12.74,6.5,207.38,252.48
2025-02-09 15:00:00,29.92,77.84,55,10,12.0,11.84,5.85,241.01,266.26
2025-02-09 16:00:00,26.87,78.7,49,7,12.0,7.51,5.91,263.38,243.31
2025-02-09 17:00:00,34.44,69.71,61,9,12.0,2.51,6.11,284.69,269.76
2025-02-09 18:00:00,31.26,65.03,53,10,12.0,0.0,5.34,219.68,278.83
2025-02-09 19:00:00,34.66,66.28,60,8,12.0,1.54,5.94,276.66,267.87
2025-02-09 20:00:00,32.86,53.53,8,1,7.6,0.0,5.3,116.53,180.09
2025-02-09 21:00:00,33.01,70.07,23,5,12.0,0.68,6.02,162.63,222.57
2025-02-09 22:00:00,32.89,71.03,4,5,7.0,0.0,6.47,168.56,194.14
2025-02-09 23:00:00,31.95,70.17,14,5,11.9,0.6,5.89,170.72,181.36
2025-02-10 00:00:00,31.61,48.66,6,1,7.6,0.78,6.79,154.18,165.36
2025-02-10 01:00:00,32.36,60.09,8,2,9.8,4.85,6.79,223.4,168.1
2025-02-10 02:00:00,28.49,66.42,7,4,7.5,0.8,6.74,141.22,154.43
2025-02-10 03:00:00,28.74,73.53,16,6,8.5,0.0,6.65,214.28,210.79
2025-02-10 04:00:00,25.78,75.58,17,4,10.8,0.35,7.28,165.18,205.08
2025-02-10 05:00:00,28.77,70.27,14,3,12.0,0.0,7.45,171.9,189.85
2025-02-10 06:00:00,22.84,80.06,9,6,7.3,0.0,7.19,177.81,170.66
2025-02-10 07:00:00,28.64,64.37,11,3,6.7,6.12,6.93,148.42,170.2
2025-02-10 08:00:00,23.9,79.14,62,9,12.0,7.61,7.46,260.7,237.78
2025-02-10 09:00:00,20.56,80.53,62,8,12.0,12.14,7.48,259.01,228.78
2025-02-10 10:00:00,24.86,76.84,33,4,12.0,8.87,7.23,248.1,197.42
2025-02-10 11:00:00,23.47,73.9,53,13,12.0,11.57,7.26,237.73,260.61
2025-02-10 12:00:00,28.1,84.74,53,10,12.0,14.6,6.27,261.88,241.5
2025-02-10 13:00:00,25.33,77.32,60,8,12.0,11.87,5.8,266.54,231.82
2025-02-10 14:00:00,26.88,66.0,54,11,12.0,9.28,6.24,247.84,235.24
2025-02-10 15:00:00,24.31,76.32,61,10,12.0,7.74,5.79,255.98,274.85
2025-02-10 16:00:00,28.87,76.66,46,8,12.0,6.36,6.15,246.51,215.01
2025-02-10 17:00:00,24.77,70.15,57,8,12.0,4.45,5.36,271.8,210.91
2025-02-10 18:00:00,27.5,79.97,62,9,12.0,3.43,5.36,274.86,242.46
2025-02-10 19:00:00,33.76,70.64,43,7,12.0,0.0,5.75,268.79,238.09
2025-02-10 20:00:00,33.96,51.43,30,3,12.0,0.0,5.87,173.31,200.86
2025-02-10 21:00:00,32.93,70.65,20,4,9.5,0.0,6.17,224.37,179.41
2025-02-10 22:00:00,29.05,68.43,10,3,10.5,1.15,6.07,187.44,169.94
2025-02-10 23:00:00,30.71,73.86,3,4,6.6,0.25,5.62,187.41,173.28
2025-02-11 00:00:00,29.99,77.22,9,2,9.3,0.0,7.71,175.86,174.42
2025-02-11 01:00:00,26.14,74.67,11,5,7.5,0.0,6.72,169.55,176.86
2025-02-11 02:00:00,31.76,81.03,14,1,9.6,0.0,7.91,156.37,184.87
2025-02-11 03:00:00,29.16,69.94,22,6,12.0,0.0,7.02,213.73,201.52
2025-02-11 04:00:00,25.45,78.16,6,1,7.7,0.0,6.82,206.46,163.71
2025-02-11 05:00:00,25.24,79.57,15,4,7.8,0.35,7.16,184.37,194.82
2025-02-11 06:00:00,25.06,73.38,0,3,4.8,0.0,7.69,177.72,170.85
2025-02-11 07:00:00,19.03,83.73,7,3,4.9,3.72,7.49,172.45,155.61
2025-02-11 08:00:00,23.38,71.07,58,9,12.0,6.64,7.3,240.58,253.36
2025-02-11 09:00:00,22.43,72.94,61,7,12.0,10.7,7.04,233.82,264.88
2025-02-11 10:00:00,22.03,66.99,49,7,12.0,14.55,6.95,202.25,222.07
2025-02-11 11:00:00,24.47,76.16,51,10,12.0,12.78,6.65,266.78,232.87
2025-02-11 12:00:00,30.49,72.53,67,9,12.0,14.0,6.92,243.77,253.92
2025-02-11 13:00:00,28.57,79.86,64,10,12.0,9.56,6.61,227.52,251.35
2025-02-11 14:00:00,26.57,78.54,57,7,12.0,16.07,5.77,237.32,221.37
2025-02-11 15:00:00,30.47,68.28,37,8,12.0,6.18,5.42,274.72,241.09
2025-02-11 16:00:00,33.5,59.9,70,8,12.0,6.83,5.38,210.64,252.33
2025-02-11 17:00:00,33.14,71.43,55,10,12.0,0.0,5.6,218.17,275.25
2025-02-11 18:00:00,31.61,77.25,52,7,12.0,0.0,5.78,241.71,237.6
2025-02-11 19:00:00,30.25,75.71,51,10,12.0,3.47,5.71,239.23,257.18
2025-02-11 20:00:00,33.75,75.57,13,4,10.6,2.29,6.03,197.22,167.23
2025-02-11 21:00:00,32.85,67.12,13,3,8.0,1.97,5.93,179.14,169.73
2025-02-11 22:00:00,33.7,64.74,18,7,10.9,0.0,6.66,174.59,184.22
2025-02-11 23:00:00,32.42,63.75,3,2,5.7,3.3,6.47,183.51,151.91
2025-02-12 00:00:00,32.62,68.37,8,2,9.7,0.51,6.51,167.12,180.92
2025-02-12 01:00:00,27.7,71.66,26,6,12.0,1.38,6.18,176.97,217.86
2025-02-12 02:00:00,31.29,71.14,12,1,8.2,5.29,7.02,169.22,168.67
2025-02-12 03:00:00,27.46,71.47,9,1,6.1,2.18,7.24,199.37,155.0
2025-02-12 04:00:00,31.19,68.83,2,4,3.9,0.0,6.94,164.3,167.1
2025-02-12 05:00:00,23.45,69.75,14,2,7.2,1.02,6.87,195.64,159.85
2025-02-12 06:00:00,28.88,77.98,18,5,9.9,2.81,7.68,179.04,192.54
2025-02-12 07:00:00,24.63,74.89,17,4,12.0,4.87,6.93,154.47,182.08
2025-02-12 08:00:00,22.37,74.72,53,7,12.0,8.57,7.25,261.17,238.92
2025-02-12 09:00:00,22.93,70.32,58,10,12.0,12.48,7.08,266.11,266.27
2025-02-12 10:00:00,23.74,65.66,68,10,12.0,17.18,7.06,219.52,272.0
2025-02-12 11:00:00,26.23,82.39,64,8,12.0,11.65,6.37,233.82,247.57
2025-02-12 12:00:00,27.31,76.37,49,6,12.0,15.4,6.46,254.56,211.14
2025-02-12 13:00:00,25.53,62.36,35,4,12.0,14.44,5.95,252.34,179.85
2025-02-12 14:00:00,27.94,77.38,57,9,12.0,11.35,6.13,217.88,224.59
2025-02-12 15:00:00,34.39,73.98,61,8,12.0,8.6,6.11,237.54,263.61
2025-02-12 16:00:00,34.32,68.45,46,7,12.0,10.3,6.12,258.01,212.04
2025-02-12 17:00:00,31.92,80.44,55,8,12.0,1.58,6.25,280.52,221.45
2025-02-12 18:00:00,31.56,71.03,53,7,12.0,0.0,5.61,233.46,248.8
2025-02-12 19:00:00,32.16,59.17,56,6,12.0,0.0,5.63,256.51,248.15
2025-02-12 20:00:00,33.53,70.68,6,7,5.0,0.0,6.25,169.15,160.32
2025-02-12 21:00:00,29.31,72.8,20,4,9.8,0.0,6.14,173.8,186.68
2025-02-12 22:00:00,30.82,65.8,11,6,5.7,0.0,6.53,185.16,159.74
2025-02-12 23:00:00,26.66,76.96,3,4,4.6,0.17,6.98,157.68,151.76
2025-02-13 00:00:00,31.0,58.23,17,4,12.0,2.89,6.2,180.53,192.34
2025-02-13 01:00:00,30.65,77.08,0,2,3.7,0.0,6.99,225.59,159.23
2025-02-13 02:00:00,26.79,66.7,20,5,12.0,1.73,6.69,181.43,200.47
2025-02-13 03:00:00,30.9,63.08,18,7,10.6,1.5,7.61,155.36,186.0
2025-02-13 04:00:00,22.94,74.75,21,6,12.0,0.0,6.78,168.98,203.52
2025-02-13 05:00:00,21.51,79.57,9,2,9.1,0.0,7.59,155.15,191.04
2025-02-13 06:00:00,25.1,75.18,6,3,10.2,0.0,7.11,191.68,176.47
2025-02-13 07:00:00,26.75,67.67,11,5,7.4,4.39,7.47,182.97,161.98
2025-02-13 08:00:00,28.21,68.31,54,7,12.0,8.14,7.64,242.41,239.43
2025-02-13 09:00:00,22.99,67.58,50,9,12.0,10.56,6.84,265.25,230.0
2025-02-13 10:00:00,27.23,70.96,51,10,12.0,10.33,6.39,275.73,218.26
2025-02-13 11:00:00,25.08,81.57,52,7,12.0,12.26,6.62,245.69,231.81
2025-02-13 12:00:00,25.57,73.67,46,6,12.0,10.99,6.36,216.18,213.41
2025-02-13 13:00:00,29.17,77.19,60,11,12.0,13.66,5.84,181.92,251.25
2025-02-13 14:00:00,29.63,81.05,55,8,12.0,11.39,5.4,226.44,236.0
2025-02-13 15:00:00,25.09,69.92,53,7,12.0,10.96,6.36,261.31,214.61
2025-02-13 16:00:00,33.69,66.71,46,9,12.0,8.39,6.33,211.62,247.59
2025-02-13 17:00:00,34.28,82.8,46,8,12.0,2.96,5.52,219.58,240.73
2025-02-13 18:00:00,29.9,80.78,70,11,12.0,0.56,5.6,253.14,267.91
2025-02-13 19:00:00,32.85,56.9,50,10,12.0,0.0,6.01,241.37,254.82
2025-02-13 20:00:00,33.24,71.05,15,6,8.0,0.0,6.1,156.79,190.16
2025-02-13 21:00:00,32.52,68.84,11,3,6.7,0.0,6.56,192.71,156.37
2025-02-13 22:00:00,30.09,76.32,0,5,6.0,0.0,6.32,160.68,156.03
2025-02-13 23:00:00,29.15,65.98,24,7,12.0,0.0,5.93,157.87,203.73
2025-02-14 00:00:00,29.94,64.77,15,1,12.0,0.0,6.78,196.49,170.14
2025-02-14 01:00:00,31.97,64.49,4,1,6.9,0.0,6.46,163.89,141.62
2025-02-14 02:00:00,29.36,67.05,10,1,8.5,1.64,6.88,202.57,158.58
2025-02-14 03:00:00,26.04,79.08,1,2,4.1,1.05,7.46,182.71,164.36
2025-02-14 04:00:00,27.93,63.78,25,3,12.0,1.11,6.88,203.9,192.12
2025-02-14 05:00:00,18.05,74.61,3,1,5.6,1.38,7.25,184.8,148.79
2025-02-14 06:00:00,27.41,59.89,6,4,7.5,0.0,6.87,175.64,171.23
2025-02-14 07:00:00,19.79,84.8,4,1,4.9,3.6,6.93,159.25,141.24
2025-02-14 08:00:00,23.09,84.33,56,9,12.0,8.66,7.0,230.12,234.52
2025-02-14 09:00:00,21.34,74.37,66,10,12.0,11.23,7.64,232.13,273.32
2025-02-14 10:00:00,21.3,74.6,69,10,12.0,14.18,6.91,219.9,281.65
2025-02-14 11:00:00,28.07,75.12,52,8,12.0,13.44,7.63,238.12,231.81
2025-02-14 12:00:00,24.83,84.54,58,6,12.0,12.03,6.83,207.29,248.55
2025-02-14 13:00:00,27.83,74.98,56,8,12.0,14.0,6.64,256.65,222.41
2025-02-14 14:00:00,27.88,67.2,47,10,12.0,10.97,5.72,224.4,231.0
2025-02-14 15:00:00,30.23,59.11,70,9,12.0,11.21,5.88,213.87,244.07
2025-02-14 16:00:00,30.19,62.66,66,12,12.0,7.58,5.41,257.47,270.25
2025-02-14 17:00:00,27.62,72.78,57,7,12.0,3.73,5.62,240.59,233.06
2025-02-14 18:00:00,33.95,63.24,68,8,12.0,0.0,5.54,264.24,264.95
2025-02-14 19:00:00,30.63,71.52,65,8,12.0,2.0,5.71,254.4,271.79
2025-02-14 20:00:00,28.11,68.05,11,5,5.2,1.85,6.1,194.4,175.68
2025-02-14 21:00:00,30.79,62.64,13,3,12.0,0.0,5.84,154.96,173.39
2025-02-14 22:00:00,35.22,58.71,22,5,12.0,0.0,6.4,157.99,217.7
2025-02-14 23:00:00,32.95,79.47,2,2,4.4,0.36,5.78,205.63,165.32
2025-02-15 00:00:00,29.13,77.43,23,5,12.0,2.37,6.66,172.88,218.39
2025-02-15 01:00:00,28.16,84.0,8,5,10.6,0.0,6.55,146.8,188.37
2025-02-15 02:00:00,27.2,76.34,22,6,8.9,0.94,6.99,168.48,208.09
2025-02-15 03:00:00,32.16,66.08,10,1,10.2,0.0,7.37,164.8,179.97
2025-02-15 04:00:00,26.95,81.99,13,3,8.6,0.0,6.69,193.73,212.17
2025-02-15 05:00:00,26.25,73.0,10,6,9.3,1.86,7.79,142.85,197.6
2025-02-15 06:00:00,27.11,74.17,6,3,12.0,1.3,7.23,175.95,181.81
2025-02-15 07:00:00,24.73,73.99,8,1,11.0,3.32,7.92,148.04,177.3
2025-02-15 08:00:00,23.35,54.62,66,8,12.0,8.58,7.22,237.96,263.67
2025-02-15 09:00:00,23.65,86.28,36,8,12.0,11.27,7.53,266.39,249.04
2025-02-15 10:00:00,24.36,77.99,45,8,12.0,9.15,6.92,279.63,234.22
2025-02-15 11:00:00,25.08,76.35,49,6,12.0,13.69,6.8,232.07,235.78
2025-02-15 12:00:00,27.82,71.69,46,9,12.0,16.83,6.54,244.27,231.36
2025-02-15 13:00:00,27.09,73.78,67,12,12.0,14.47,6.22,233.13,248.47
2025-02-15 14:00:00,29.83,66.54,65,12,12.0,6.89,6.01,233.05,274.39
2025-02-15 15:00:00,28.83,75.73,60,12,12.0,7.76,6.01,248.73,275.33
2025-02-15 16:00:00,30.2,61.31,50,9,12.0,8.99,6.0,274.99,241.0
2025-02-15 17:00:00,25.83,74.82,66,10,12.0,2.51,5.81,233.62,248.06
2025-02-15 18:00:00,33.75,71.9,42,6,12.0,2.24,5.88,258.95,249.02
2025-02-15 19:00:00,32.73,67.3,70,10,12.0,4.09,5.2,275.73,260.53
2025-02-15 20:00:00,34.5,70.05,5,1,8.1,0.0,6.12,185.74,152.39
2025-02-15 21:00:00,24.62,67.42,8,2,10.6,0.0,5.67,171.5,143.77
2025-02-15 22:00:00,36.69,59.16,7,5,6.2,0.0,5.52,214.87,166.98
2025-02-15 23:00:00,30.48,71.92,1,1,3.2,1.52,6.94,169.51,146.35
2025-02-16 00:00:00,32.77,73.41,25,3,12.0,0.0,6.99,223.01,215.98
2025-02-16 01:00:00,26.44,59.97,16,5,8.3,0.0,6.7,194.09,179.51
2025-02-16 02:00:00,29.53,74.58,20,4,11.5,0.0,7.27,207.38,211.3
2025-02-16 03:00:00,24.33,70.77,0,1,4.3,0.0,6.95,179.25,154.52
2025-02-16 04:00:00,24.44,73.14,11,3,10.0,0.0,7.03,199.03,176.03
2025-02-16 05:00:00,29.96,61.25,14,3,10.5,0.0,7.06,197.85,175.39
2025-02-16 06:00:00,24.06,68.8,12,3,9.5,0.0,7.08,178.99,198.42
2025-02-16 07:00:00,24.68,81.09,1,3,8.6,5.12,7.18,166.27,154.56
2025-02-16 08:00:00,26.18,73.51,64,8,12.0,9.7,6.94,273.14,236.75
2025-02-16 09:00:00,25.38,71.16,56,9,12.0,9.69,6.07,250.25,247.32
2025-02-16 10:00:00,24.91,73.35,47,7,12.0,12.19,6.84,225.3,237.64
2025-02-16 11:00:00,26.08,76.77,40,7,12.0,14.09,6.37,237.66,228.27
2025-02-16 12:00:00,32.01,72.28,60,7,12.0,17.93,6.6,240.66,235.41
2025-02-16 13:00:00,26.82,72.3,70,10,12.0,11.5,6.21,254.49,244.69
2025-02-16 14:00:00,28.5,79.3,47,8,12.0,9.6,6.32,279.22,237.95
2025-02-16 15:00:00,31.66,76.23,56,10,12.0,9.8,5.94,269.17,261.55
2025-02-16 16:00:00,32.76,71.56,64,12,12.0,7.79,5.36,238.28,286.76
2025-02-16 17:00:00,33.8,68.33,45,9,12.0,3.56,5.28,243.72,254.41
2025-02-16 18:00:00,33.06,73.06,51,9,12.0,0.0,5.27,249.11,253.86
2025-02-16 19:00:00,29.01,73.5,48,10,12.0,1.77,5.42,264.41,233.34
2025-02-16 20:00:00,36.08,73.77,18,4,11.7,0.0,5.56,154.58,192.47
2025-02-16 21:00:00,29.0,77.6,21,7,10.5,1.11,6.26,139.23,198.54
2025-02-16 22:00:00,32.22,61.92,11,5,7.7,3.11,6.17,166.06,168.0
2025-02-16 23:00:00,28.94,63.74,3,2,7.8,0.0,5.64,151.57,168.8
2025-02-17 00:00:00,29.84,65.8,6,6,8.1,0.0,6.19,218.53,187.93
2025-02-17 01:00:00,29.86,77.53,5,3,8.6,1.13,6.69,181.51,150.94
2025-02-17 02:00:00,28.8,60.4,2,6,5.2,0.0,6.55,206.91,163.43
2025-02-17 03:00:00,28.02,74.75,9,4,5.4,0.0,7.09,155.32,196.98
2025-02-17 04:00:00,30.03,73.11,15,3,11.3,0.0,6.9,170.36,205.71
2025-02-17 05:00:00,26.31,81.32,14,3,10.4,0.72,7.23,171.26,186.59
2025-02-17 06:00:00,23.93,76.11,10,3,9.1,0.0,7.1,191.02,185.81
2025-02-17 07:00:00,26.55,63.61,10,2,5.7,4.61,7.31,163.2,180.91
2025-02-17 08:00:00,26.97,66.0,54,10,12.0,4.87,7.7,245.59,261.21
2025-02-17 09:00:00,21.07,68.58,45,7,12.0,7.42,7.38,242.3,207.04
2025-02-17 10:00:00,26.03,69.61,56,6,12.0,12.16,6.52,233.76,244.08
2025-02-17 11:00:00,26.92,71.47,50,8,12.0,13.73,7.59,226.68,245.87
2025-02-17 12:00:00,25.26,65.76,44,7,12.0,14.59,6.91,241.5,203.5
2025-02-17 13:00:00,30.4,80.61,58,8,12.0,16.48,6.05,247.73,244.61
2025-02-17 14:00:00,27.62,62.99,50,8,12.0,14.69,5.8,244.86,214.21
2025-02-17 15:00:00,29.35,80.48,57,9,12.0,10.8,6.05,269.99,224.01
2025-02-17 16:00:00,29.57,79.2,62,10,12.0,8.62,6.05,289.18,257.36
2025-02-17 17:00:00,30.87,76.28,47,9,12.0,4.15,6.35,255.9,255.42
2025-02-17 18:00:00,28.72,66.64,56,9,12.0,2.36,5.88,260.67,248.46
2025-02-17 19:00:00,28.26,74.21,41,5,12.0,0.73,5.49,238.74,213.67
2025-02-17 20:00:00,35.99,57.47,22,8,11.0,0.0,5.63,197.84,194.13
2025-02-17 21:00:00,29.75,77.15,0,1,6.4,0.0,6.15,200.92,148.68
2025-02-17 22:00:00,28.99,70.79,6,3,10.5,2.3,5.63,173.21,154.03
2025-02-17 23:00:00,25.44,70.92,21,3,12.0,0.0,6.82,167.3,174.06
2025-02-18 00:00:00,28.4,63.15,8,4,7.6,3.83,6.31,185.09,174.18
2025-02-18 01:00:00,25.73,56.25,0,2,2.3,0.0,7.04,149.25,122.77
2025-02-18 02:00:00,32.11,61.86,16,4,10.9,2.5,7.32,174.79,191.51
2025-02-18 03:00:00,29.49,78.75,16,6,12.0,0.0,8.13,191.76,193.59
2025-02-18 04:00:00,24.28,71.78,5,4,6.4,0.81,7.09,210.42,159.47
2025-02-18 05:00:00,30.8,68.85,6,2,9.1,0.0,7.18,196.49,148.3
2025-02-18 06:00:00,26.99,77.3,7,4,8.2,0.0,7.18,187.8,182.96
2025-02-18 07:00:00,23.32,87.91,8,5,8.4,6.58,7.33,179.32,175.81
2025-02-18 08:00:00,18.0,88.28,40,8,12.0,6.12,6.97,263.99,245.56
2025-02-18 09:00:00,29.86,63.89,54,8,12.0,11.87,7.49,204.57,251.94
2025-02-18 10:00:00,21.06,63.26,69,8,12.0,10.81,7.25,239.53,240.62
2025-02-18 11:00:00,21.06,93.38,48,8,12.0,15.5,6.62,252.6,232.97
2025-02-18 12:00:00,28.56,87.49,50,9,12.0,13.14,6.25,209.91,250.17
2025-02-18 13:00:00,33.06,69.77,46,6,12.0,11.1,6.14,243.02,242.85
2025-02-18 14:00:00,31.46,60.68,60,9,12.0,13.42,5.94,211.77,224.21
2025-02-18 15:00:00,30.45,77.03,65,10,12.0,11.79,6.11,225.09,249.84
2025-02-18 16:00:00,31.49,68.8,64,12,12.0,8.28,5.87,256.88,255.79
2025-02-18 17:00:00,32.96,67.74,45,10,12.0,3.33,6.01,251.33,260.06
2025-02-18 18:00:00,33.36,74.51,59,11,12.0,0.0,6.22,240.84,277.42
2025-02-18 19:00:00,32.57,71.14,66,10,12.0,0.0,5.83,206.38,283.81
2025-02-18 20:00:00,32.26,60.72,14,5,9.2,0.0,6.01,188.13,167.11
2025-02-18 21:00:00,31.71,67.13,14,5,7.7,0.0,6.79,143.48,181.77
2025-02-18 22:00:00,29.58,75.52,6,3,9.1,2.26,6.3,155.09,141.64
2025-02-18 23:00:00,30.13,74.08,12,7,9.5,0.0,6.12,170.04,175.71
2025-02-19 00:00:00,25.77,75.4,20,3,12.0,0.0,6.48,170.29,185.93
2025-02-19 01:00:00,28.79,77.98,13,4,7.9,0.0,6.12,116.5,180.58
2025-02-19 02:00:00,25.53,71.2,0,3,2.9,0.0,7.09,185.33,150.59
2025-02-19 03:00:00,24.21,75.91,6,2,6.8,0.0,6.87,187.28,148.99
2025-02-19 04:00:00,26.45,49.46,20,5,7.9,0.71,6.88,159.07,194.29
2025-02-19 05:00:00,28.65,68.4,13,5,11.1,0.0,6.97,153.51,194.57
2025-02-19 06:00:00,26.83,78.17,11,4,7.4,0.0,7.7,190.47,199.83
2025-02-19 07:00:00,20.21,74.72,6,3,6.6,4.53,7.18,176.07,146.9
2025-02-19 08:00:00,21.53,73.27,65,10,12.0,9.67,7.46,250.87,238.5
2025-02-19 09:00:00,26.49,65.77,68,11,12.0,5.97,7.2,248.03,284.41
2025-02-19 10:00:00,22.08,83.17,65,9,12.0,10.59,6.97,243.46,257.89
2025-02-19 11:00:00,24.61,78.21,67,10,12.0,15.75,6.57,228.61,245.61
2025-02-19 12:00:00,27.38,78.22,52,8,12.0,15.87,6.67,252.34,228.8
2025-02-19 13:00:00,24.54,62.34,51,10,12.0,11.67,6.14,238.75,235.06
2025-02-19 14:00:00,28.26,70.69,54,6,12.0,14.44,6.15,220.51,219.66
2025-02-19 15:00:00,25.7,71.65,55,7,12.0,9.99,6.32,249.58,214.47
2025-02-19 16:00:00,28.5,69.69,66,13,12.0,8.32,6.27,263.88,266.57
2025-02-19 17:00:00,31.63,65.15,64,10,12.0,2.22,5.57,264.33,273.4
2025-02-19 18:00:00,27.48,69.94,59,8,12.0,0.58,5.83,273.77,239.98
2025-02-19 19:00:00,32.96,74.47,44,8,12.0,0.0,5.93,278.54,239.02
2025-02-19 20:00:00,31.95,55.84,0,1,3.3,0.0,5.89,163.02,132.04
2025-02-19 21:00:00,33.24,80.77,12,1,8.4,0.0,6.2,184.99,151.83
2025-02-19 22:00:00,32.02,72.57,17,5,9.2,0.28,6.37,142.73,187.2
2025-02-19 23:00:00,34.24,67.34,9,2,10.6,4.81,6.94,178.97,166.94
2025-02-20 00:00:00,30.31,76.73,25,5,12.0,5.12,7.25,183.36,212.61
2025-02-20 01:00:00,27.96,61.86,1,3,6.4,0.0,6.65,182.26,168.93
2025-02-20 02:00:00,28.31,67.13,0,2,7.0,2.96,7.48,151.94,163.39
2025-02-20 03:00:00,28.32,70.93,5,1,5.0,0.0,7.22,155.32,146.6
2025-02-20 04:00:00,26.12,82.87,4,3,7.2,0.8,7.13,202.19,150.23
2025-02-20 05:00:00,25.27,73.58,14,4,8.1,0.0,7.49,199.09,163.98
2025-02-20 06:00:00,22.78,78.8,7,1,7.1,0.0,7.22,206.15,158.02
2025-02-20 07:00:00,22.48,71.74,0,1,4.1,8.94,7.26,146.8,123.14
2025-02-20 08:00:00,20.49,80.66,62,8,12.0,6.23,6.81,235.0,236.41
2025-02-20 09:00:00,28.51,83.38,41,8,12.0,8.6,7.09,284.26,258.31
2025-02-20 10:00:00,21.43,83.57,46,5,12.0,10.12,7.23,257.23,220.75
2025-02-20 11:00:00,23.44,74.62,42,8,12.0,11.98,6.96,244.61,223.42
2025-02-20 12:00:00,24.2,79.39,57,9,12.0,11.16,6.63,228.75,245.09
2025-02-20 13:00:00,29.2,75.2,56,8,12.0,13.97,6.9,234.21,260.1
2025-02-20 14:00:00,27.26,76.06,70,8,12.0,12.53,6.85,217.37,252.22
2025-02-20 15:00:00,32.15,76.88,62,8,12.0,10.57,6.11,213.82,258.31
2025-02-20 16:00:00,28.32,79.51,67,11,12.0,6.98,6.37,270.58,275.78
2025-02-20 17:00:00,31.53,68.64,57,11,12.0,2.49,5.85,269.07,280.83
2025-02-20 18:00:00,29.38,75.53,47,6,12.0,0.0,5.73,246.71,225.86
2025-02-20 19:00:00,37.23,62.86,56,10,12.0,0.32,6.06,244.43,279.78
2025-02-20 20:00:00,29.03,64.82,15,5,9.7,0.0,5.78,132.47,154.86
2025-02-20 21:00:00,32.64,66.87,16,4,11.1,0.0,5.11,139.92,208.44
2025-02-20 22:00:00,33.05,67.93,6,2,11.5,0.0,6.01,176.31,173.53
2025-02-20 23:00:00,31.86,57.66,14,3,12.0,3.08,5.77,167.5,187.63
2025-02-21 00:00:00,29.54,76.95,3,5,6.5,3.94,6.36,216.0,147.14
2025-02-21 01:00:00,28.71,52.13,2,3,3.0,0.0,6.52,177.79,132.15
2025-02-21 02:00:00,28.11,90.93,1,4,2.6,0.0,6.71,161.36,148.37
2025-02-21 03:00:00,26.6,83.5,10,4,10.8,0.0,6.7,144.03,182.18
2025-02-21 04:00:00,28.41,69.89,1,1,4.5,2.27,6.77,144.14,144.49
2025-02-21 05:00:00,30.7,70.18,7,4,7.1,0.0,7.05,166.97,174.19
2025-02-21 06:00:00,23.14,77.52,17,7,8.7,0.71,7.17,158.05,191.82
2025-02-21 07:00:00,20.71,72.98,2,1,6.6,2.31,7.17,120.75,114.02
2025-02-21 08:00:00,23.78,76.3,51,9,12.0,4.67,7.28,236.53,252.57
2025-02-21 09:00:00,30.59,69.18,56,9,12.0,11.42,7.31,257.84,255.11
2025-02-21 10:00:00,22.53,75.17,57,7,12.0,12.51,6.55,225.59,244.7
2025-02-21 11:00:00,29.27,72.38,51,6,12.0,14.83,6.4,221.29,223.01
2025-02-21 12:00:00,30.19,61.27,61,9,12.0,10.58,7.08,245.07,251.85
2025-02-21 13:00:00,25.58,73.97,60,10,12.0,17.19,6.56,264.35,245.12
2025-02-21 14:00:00,29.42,72.15,64,11,12.0,12.63,5.83,250.9,266.89
2025-02-21 15:00:00,33.11,69.33,54,6,12.0,6.29,5.5,254.6,250.14
2025-02-21 16:00:00,29.05,69.75,51,9,12.0,8.97,5.63,269.37,233.29
2025-02-21 17:00:00,30.32,78.34,50,8,12.0,2.88,5.64,275.63,241.77
2025-02-21 18:00:00,30.01,68.12,57,9,12.0,0.06,5.94,222.64,250.83
2025-02-21 19:00:00,29.33,72.66,52,9,12.0,0.0,4.92,284.59,237.82
2025-02-21 20:00:00,30.38,79.42,5,5,5.3,0.0,5.47,151.17,135.7
2025-02-21 21:00:00,28.8,70.88,6,3,7.9,0.0,6.56,207.37,160.39
2025-02-21 22:00:00,31.55,71.02,5,1,6.4,0.0,6.11,168.38,140.35
2025-02-21 23:00:00,28.9,70.69,12,3,7.6,1.73,6.31,187.9,176.82
2025-02-22 00:00:00,30.58,78.85,0,3,9.8,0.23,6.3,148.57,157.58
2025-02-22 01:00:00,25.15,72.19,12,5,7.2,0.89,6.98,133.92,171.71
2025-02-22 02:00:00,28.83,80.4,15,5,11.0,1.63,6.27,157.15,186.75
2025-02-22 03:00:00,29.05,70.54,5,2,6.9,0.24,6.92,182.11,174.64
2025-02-22 04:00:00,21.02,70.87,25,3,11.7,0.66,6.46,145.96,189.13
2025-02-22 05:00:00,26.11,78.08,10,4,7.8,0.0,7.27,171.37,189.77
2025-02-22 06:00:00,27.61,70.14,0,1,2.3,0.0,7.14,202.68,117.55
2025-02-22 07:00:00,21.11,81.16,8,4,11.9,3.79,6.7,118.26,199.63
2025-02-22 08:00:00,28.18,52.77,56,10,12.0,7.37,7.55,256.99,253.29
2025-02-22 09:00:00,25.18,74.01,59,8,12.0,10.7,7.31,260.56,263.37
2025-02-22 10:00:00,22.77,72.44,53,8,12.0,14.94,7.26,248.44,242.76
2025-02-22 11:00:00,25.03,66.63,47,8,12.0,13.33,6.18,228.69,237.76
2025-02-22 12:00:00,27.4,68.55,46,7,12.0,14.73,6.15,250.91,215.2
2025-02-22 13:00:00,27.15,68.58,50,6,12.0,13.64,6.71,256.45,222.05
2025-02-22 14:00:00,29.35,70.72,51,8,12.0,11.62,6.38,259.16,242.8
2025-02-22 15:00:00,26.73,63.32,46,8,12.0,9.48,6.43,248.77,226.88
2025-02-22 16:00:00,30.42,72.52,49,10,12.0,5.43,5.72,241.95,235.24
2025-02-22 17:00:00,27.29,82.06,60,8,12.0,3.39,5.69,240.92,255.97
2025-02-22 18:00:00,31.19,71.74,68,12,12.0,0.0,5.92,254.14,310.43
2025-02-22 19:00:00,29.6,76.54,61,8,12.0,0.0,5.25,235.46,250.5
2025-02-22 20:00:00,30.16,78.15,20,2,10.6,0.0,5.88,137.93,188.08
2025-02-22 21:00:00,34.95,75.79,18,4,10.7,0.0,6.82,158.59,201.74
2025-02-22 22:00:00,34.19,80.76,17,3,12.0,0.0,5.97,146.19,190.94
2025-02-22 23:00:00,32.35,65.46,7,1,5.6,0.0,5.73,178.27,168.53
2025-02-23 00:00:00,27.27,67.48,11,6,7.9,0.0,6.64,148.83,192.92
2025-02-23 01:00:00,28.24,77.31,7,2,7.5,0.1,6.39,167.64,160.0
2025-02-23 02:00:00,31.03,74.83,8,6,4.9,0.0,6.86,181.88,202.68
2025-02-23 03:00:00,27.32,77.91,11,2,9.7,0.0,7.45,181.67,180.95
2025-02-23 04:00:00,31.8,82.57,16,1,8.0,0.58,7.39,182.92,201.55
2025-02-23 05:00:00,26.15,73.37,13,5,7.4,0.75,7.1,188.43,192.25
2025-02-23 06:00:00,25.02,77.07,9,2,5.9,0.0,7.59,128.11,169.88
2025-02-23 07:00:00,23.36,68.38,10,3,5.2,4.76,6.69,205.87,162.29
2025-02-23 08:00:00,24.33,89.51,58,7,12.0,6.17,7.26,249.02,262.85
2025-02-23 09:00:00,23.76,72.62,60,9,12.0,10.7,6.93,258.95,242.45
2025-02-23 10:00:00,26.31,71.03,43,5,12.0,12.04,6.07,237.86,222.79
2025-02-23 11:00:00,27.56,69.88,46,7,12.0,11.52,6.28,238.79,246.47
2025-02-23 12:00:00,24.04,70.26,64,9,12.0,12.4,6.49,212.72,258.68
2025-02-23 13:00:00,23.64,69.95,55,9,12.0,15.85,6.55,223.2,214.61
2025-02-23 14:00:00,23.41,71.55,52,9,12.0,15.28,6.11,244.35,212.51
2025-02-23 15:00:00,30.31,60.83,53,9,12.0,11.33,5.83,227.12,242.24
2025-02-23 16:00:00,27.24,67.03,53,9,12.0,5.83,6.09,235.98,232.41
2025-02-23 17:00:00,25.45,87.43,59,9,12.0,6.48,5.82,256.4,257.37
2025-02-23 18:00:00,32.44,74.04,46,7,12.0,1.23,6.05,306.57,232.45
2025-02-23 19:00:00,38.1,71.41,55,9,12.0,0.67,5.93,243.27,273.39
2025-02-23 20:00:00,31.98,77.45,12,3,9.3,3.68,5.56,188.35,195.6
2025-02-23 21:00:00,33.96,80.67,13,3,9.9,0.0,6.17,197.83,184.91
2025-02-23 22:00:00,31.67,57.03,12,4,12.0,1.55,6.44,195.82,173.44
2025-02-23 23:00:00,30.58,61.58,14,2,11.9,0.0,6.78,162.28,187.91
2025-02-24 00:00:00,32.3,63.37,5,5,7.6,0.0,6.32,191.14,177.15
2025-02-24 01:00:00,28.31,68.5,2,2,7.8,5.2,6.58,160.77,153.89
2025-02-24 02:00:00,28.67,69.43,30,6,12.0,1.0,7.21,208.98,233.91
2025-02-24 03:00:00,27.77,69.03,8,3,6.4,3.7,7.36,178.99,151.18
2025-02-24 04:00:00,24.33,76.1,9,4,9.1,1.09,7.01,202.47,185.61
2025-02-24 05:00:00,27.65,72.49,15,4,10.4,0.8,7.04,195.33,182.79
2025-02-24 06:00:00,24.1,69.67,23,5,11.4,0.0,7.15,173.69,217.32
2025-02-24 07:00:00,22.25,60.8,6,5,9.6,5.58,7.3,164.12,141.3
2025-02-24 08:00:00,25.34,66.91,47,3,12.0,7.05,6.88,271.89,244.81
2025-02-24 09:00:00,21.89,72.43,45,9,12.0,10.06,7.21,240.46,226.73
2025-02-24 10:00:00,24.61,72.65,68,12,12.0,11.6,6.3,231.44,254.93
2025-02-24 11:00:00,25.15,66.09,47,5,12.0,13.32,6.42,249.92,224.46
2025-02-24 12:00:00,28.71,68.06,55,10,12.0,14.05,6.56,259.91,252.63
2025-02-24 13:00:00,28.15,63.98,47,9,12.0,13.77,5.97,216.23,233.38
2025-02-24 14:00:00,27.94,71.16,43,8,12.0,12.02,5.95,217.2,230.4
2025-02-24 15:00:00,31.08,62.33,53,6,12.0,6.79,5.89,238.64,231.76
2025-02-24 16:00:00,33.48,62.22,47,9,12.0,8.08,6.55,233.14,234.99
2025-02-24 17:00:00,32.22,59.88,49,9,12.0,3.38,5.27,256.16,224.91
2025-02-24 18:00:00,31.49,68.48,70,10,12.0,0.0,5.78,240.46,271.33
2025-02-24 19:00:00,28.58,65.53,58,10,12.0,0.0,5.37,270.14,245.52
2025-02-24 20:00:00,29.34,77.41,17,4,9.6,0.0,5.44,205.59,176.38
2025-02-24 21:00:00,31.1,72.67,17,5,12.0,2.56,5.63,182.67,188.31
2025-02-24 22:00:00,29.94,70.15,9,3,6.1,1.22,6.05,166.5,180.04
2025-02-24 23:00:00,30.36,64.76,6,2,4.5,0.0,6.79,183.56,144.42
2025-02-25 00:00:00,30.14,73.16,12,3,7.6,0.0,6.91,172.9,172.2
2025-02-25 01:00:00,30.36,75.18,11,1,10.6,2.21,6.55,162.18,165.61
2025-02-25 02:00:00,27.82,73.12,5,2,7.4,0.0,6.81,227.19,143.92
2025-02-25 03:00:00,28.18,83.1,11,4,5.3,0.0,7.27,152.8,211.2
2025-02-25 04:00:00,26.16,76.5,4,4,7.6,1.76,7.21,192.95,156.19
2025-02-25 05:00:00,20.23,83.83,9,3,8.1,2.23,7.05,196.64,166.08
2025-02-25 06:00:00,22.19,77.0,7,1,6.6,0.0,7.53,216.77,174.94
2025-02-25 07:00:00,23.78,79.69,0,4,4.5,4.6,7.84,141.86,137.5
2025-02-25 08:00:00,20.98,71.34,36,8,12.0,6.92,7.56,238.98,228.73
2025-02-25 09:00:00,25.64,70.45,47,8,12.0,8.72,7.54,224.83,218.37
2025-02-25 10:00:00,28.36,74.19,69,9,12.0,14.46,6.85,265.86,255.05
2025-02-25 11:00:00,28.22,74.24,53,8,12.0,12.2,6.33,228.82,246.18
2025-02-25 12:00:00,25.47,77.33,61,9,12.0,15.51,5.8,258.7,239.29
2025-02-25 13:00:00,30.69,77.82,38,7,12.0,13.66,5.57,236.62,231.63
2025-02-25 14:00:00,28.37,61.77,47,7,12.0,11.78,6.03,235.74,222.01
2025-02-25 15:00:00,28.19,65.04,44,6,12.0,8.79,6.11,241.45,220.49
2025-02-25 16:00:00,28.47,73.28,53,10,12.0,5.03,6.1,232.71,235.95
2025-02-25 17:00:00,30.07,65.48,70,11,12.0,3.12,5.81,228.6,258.81
2025-02-25 18:00:00,30.49,93.9,59,8,12.0,0.0,5.45,267.87,238.01
2025-02-25 19:00:00,32.29,72.61,69,11,12.0,0.19,5.96,235.34,266.44
2025-02-25 20:00:00,32.4,68.37,8,3,5.5,0.0,5.39,177.7,148.89
2025-02-25 21:00:00,31.87,65.68,21,3,10.7,0.0,5.55,188.93,198.22
2025-02-25 22:00:00,32.56,65.45,27,7,12.0,0.81,6.31,179.66,218.44
2025-02-25 23:00:00,33.81,68.15,9,3,11.4,0.0,5.86,141.22,163.34
2025-02-26 00:00:00,32.37,69.72,6,2,7.7,1.48,6.23,172.88,158.2
2025-02-26 01:00:00,25.32,70.68,0,2,2.8,1.7,6.36,167.73,135.81
2025-02-26 02:00:00,21.62,74.56,8,4,5.6,0.0,6.96,153.73,193.69
2025-02-26 03:00:00,29.3,80.5,11,3,9.1,0.0,7.27,213.88,181.76
2025-02-26 04:00:00,22.58,85.48,26,5,12.0,0.0,7.41,159.13,210.05
2025-02-26 05:00:00,24.61,76.14,0,4,4.6,0.85,7.07,162.33,143.1
2025-02-26 06:00:00,21.61,67.08,10,1,6.3,0.26,7.24,170.17,163.2
2025-02-26 07:00:00,19.63,81.63,0,1,7.2,0.42,7.53,132.6,159.11
2025-02-26 08:00:00,25.35,84.73,52,9,12.0,5.7,7.01,227.25,248.98
2025-02-26 09:00:00,26.03,82.96,57,12,12.0,10.52,6.75,218.67,270.51
2025-02-26 10:00:00,23.09,80.57,59,10,12.0,12.35,6.68,256.13,256.17
2025-02-26 11:00:00,18.69,88.47,60,12,12.0,15.94,6.49,242.09,246.78
2025-02-26 12:00:00,24.63,74.73,58,8,12.0,11.7,6.51,228.08,253.98
2025-02-26 13:00:00,27.94,76.44,60,8,12.0,13.51,6.28,229.53,232.96
2025-02-26 14:00:00,24.3,69.82,55,9,12.0,10.12,6.04,226.7,223.17
2025-02-26 15:00:00,29.49,73.0,47,9,12.0,10.12,5.65,218.61,230.26
2025-02-26 16:00:00,29.96,79.93,40,5,12.0,6.64,5.48,235.58,204.84
2025-02-26 17:00:00,32.28,64.88,51,8,12.0,4.17,5.95,250.84,204.26
2025-02-26 18:00:00,31.76,63.34,54,8,12.0,0.0,5.82,238.63,236.27
2025-02-26 19:00:00,29.43,71.68,65,9,12.0,1.52,5.58,268.49,232.38
2025-02-26 20:00:00,34.99,65.52,9,2,8.9,0.0,5.79,146.04,162.7
2025-02-26 21:00:00,31.47,74.12,8,4,10.5,0.0,6.36,203.04,182.39
2025-02-26 22:00:00,31.4,66.45,13,4,9.9,0.45,6.07,224.43,179.02
2025-02-26 23:00:00,28.5,83.68,8,4,7.6,3.71,6.29,173.92,165.8
2025-02-27 00:00:00,28.89,62.35,16,4,12.0,0.0,7.03,153.57,186.51
2025-02-27 01:00:00,26.82,81.6,26,4,12.0,0.0,7.08,137.24,204.4
2025-02-27 02:00:00,27.57,66.95,28,6,12.0,0.46,6.68,187.75,245.88
2025-02-27 03:00:00,31.24,57.16,11,2,9.7,2.25,7.44,184.78,173.73
2025-02-27 04:00:00,22.57,77.47,13,3,8.4,0.61,7.13,212.47,171.16
2025-02-27 05:00:00,21.14,75.02,23,3,12.0,0.0,6.91,133.46,178.71
2025-02-27 06:00:00,28.21,64.08,9,2,10.5,0.84,7.76,164.56,154.3
2025-02-27 07:00:00,23.61,63.3,15,4,9.9,4.66,7.02,158.11,180.76
2025-02-27 08:00:00,22.33,75.91,46,7,12.0,5.64,7.01,243.05,243.12
2025-02-27 09:00:00,26.74,79.72,53,7,12.0,11.55,6.93,269.05,267.29
2025-02-27 10:00:00,23.02,79.58,64,11,12.0,12.06,7.61,266.48,259.41
2025-02-27 11:00:00,29.74,71.18,49,8,12.0,10.02,6.37,249.65,235.61
2025-02-27 12:00:00,27.69,75.57,54,8,12.0,13.73,6.29,249.84,247.64
2025-02-27 13:00:00,25.74,73.39,42,5,12.0,12.38,6.17,231.3,225.83
2025-02-27 14:00:00,33.39,58.22,70,8,12.0,14.73,6.28,213.49,244.27
2025-02-27 15:00:00,27.52,62.39,65,9,12.0,7.24,5.91,224.86,259.3
2025-02-27 16:00:00,31.86,67.88,57,7,12.0,6.03,5.57,213.26,262.65
2025-02-27 17:00:00,31.58,68.37,59,10,12.0,4.14,5.95,208.84,253.07
2025-02-27 18:00:00,34.72,73.25,58,9,12.0,4.84,6.17,238.53,242.68
2025-02-27 19:00:00,35.77,71.86,66,12,12.0,3.91,5.16,234.33,287.6
2025-02-27 20:00:00,32.08,73.38,6,3,6.5,0.0,5.57,169.78,141.09
2025-02-27 21:00:00,29.98,68.65,16,3,7.3,0.7,6.11,183.99,183.48
2025-02-27 22:00:00,32.61,59.11,19,1,12.0,1.2,5.67,177.6,202.07
2025-02-27 23:00:00,29.13,74.09,20,6,12.0,0.0,6.24,165.34,192.75
2025-02-28 00:00:00,35.03,70.75,0,1,5.4,0.02,6.94,185.2,174.88
2025-02-28 01:00:00,29.38,54.32,5,2,8.6,2.71,6.92,203.03,167.02
2025-02-28 02:00:00,27.09,66.8,2,5,7.4,0.28,7.08,254.36,183.44
2025-02-28 03:00:00,27.43,67.56,11,4,7.7,3.9,7.33,168.45,166.76
2025-02-28 04:00:00,22.63,76.59,0,3,6.2,0.0,7.31,168.63,159.15
2025-02-28 05:00:00,22.74,70.06,0,3,6.2,0.0,7.15,169.59,154.38
2025-02-28 06:00:00,27.54,72.06,27,7,12.0,0.0,7.64,159.35,212.48
2025-02-28 07:00:00,22.49,74.38,15,6,12.0,1.02,7.11,182.47,188.08
2025-02-28 08:00:00,21.38,75.52,56,8,12.0,9.21,7.14,251.81,248.22
2025-02-28 09:00:00,25.48,68.75,58,8,12.0,9.23,6.49,264.09,233.54
2025-02-28 10:00:00,27.5,67.88,56,7,12.0,12.64,6.73,255.44,225.53
2025-02-28 11:00:00,26.97,65.16,63,10,12.0,12.33,6.73,229.79,241.89
2025-02-28 12:00:00,28.49,74.32,50,8,12.0,17.45,6.51,249.92,220.51
2025-02-28 13:00:00,25.07,78.05,56,6,12.0,15.99,6.62,224.08,227.31
2025-02-28 14:00:00,24.45,69.09,57,8,12.0,12.24,5.95,245.77,224.28
2025-02-28 15:00:00,32.79,79.29,47,10,12.0,7.45,5.8,257.18,258.48
2025-02-28 16:00:00,29.19,68.96,65,10,12.0,8.49,5.62,269.84,238.31
2025-02-28 17:00:00,30.2,81.17,51,9,12.0,5.79,5.81,259.39,245.78
2025-02-28 18:00:00,34.78,62.76,63,9,12.0,0.0,6.24,243.11,261.81
2025-02-28 19:00:00,33.25,54.14,56,6,12.0,0.0,4.92,292.87,238.14
2025-02-28 20:00:00,33.14,71.22,23,5,11.7,0.15,5.64,140.43,206.28
2025-02-28 21:00:00,37.28,67.25,2,4,7.3,2.17,5.81,183.25,134.04
2025-02-28 22:00:00,29.86,70.94,1,1,7.0,0.0,5.35,191.25,117.04
2025-02-28 23:00:00,33.15,63.9,3,3,8.4,1.92,6.25,195.28,162.04
2025-03-01 00:00:00,30.14,70.26,11,1,4.8,0.0,6.38,174.99,160.1
2025-03-01 01:00:00,29.71,67.23,22,5,12.0,0.0,6.55,171.42,190.38
2025-03-01 02:00:00,31.82,67.21,23,6,12.0,3.66,6.51,187.01,238.75
2025-03-01 03:00:00,28.23,77.73,0,2,7.0,0.0,7.04,163.02,148.28
2025-03-01 04:00:00,27.35,73.75,12,7,12.0,0.0,6.78,158.19,198.43
2025-03-01 05:00:00,27.85,76.37,0,1,2.4,1.57,6.98,151.99,162.68
2025-03-01 06:00:00,23.62,73.44,16,3,10.6,0.0,7.23,217.7,179.55
2025-03-01 07:00:00,22.04,73.78,19,5,12.0,2.51,7.63,195.95,187.2
2025-03-01 08:00:00,21.39,68.55,55,7,12.0,6.6,7.34,252.21,247.94
2025-03-01 09:00:00,19.22,75.56,56,7,12.0,5.59,7.28,243.47,232.25
2025-03-01 10:00:00,29.68,47.58,56,7,12.0,14.37,7.59,228.15,251.54
2025-03-01 11:00:00,22.41,71.78,49,9,12.0,13.87,6.86,237.02,239.06
2025-03-01 12:00:00,25.45,73.21,58,9,12.0,12.38,6.13,213.57,251.48
2025-03-01 13:00:00,26.27,77.15,53,11,12.0,10.09,6.1,222.71,264.22
2025-03-01 14:00:00,28.77,69.58,62,9,12.0,9.39,5.8,222.01,250.37
2025-03-01 15:00:00,31.07,72.28,54,10,12.0,6.71,5.89,255.09,247.98
2025-03-01 16:00:00,32.15,53.84,48,9,12.0,7.45,5.66,238.58,238.81
2025-03-01 17:00:00,29.37,70.64,43,6,12.0,4.1,5.4,244.88,187.08
2025-03-01 18:00:00,31.05,58.11,40,5,12.0,1.22,6.02,262.18,221.27
2025-03-01 19:00:00,32.57,60.34,66,7,12.0,1.47,6.08,250.35,257.9
2025-03-01 20:00:00,31.38,68.33,6,4,9.6,1.26,5.87,210.66,174.64
2025-03-01 21:00:00,35.88,75.42,13,5,6.8,3.08,5.58,135.39,173.66
2025-03-01 22:00:00,32.69,71.31,24,2,12.0,2.39,6.14,122.35,211.08
2025-03-01 23:00:00,32.67,68.86,5,2,7.6,1.92,6.08,158.01,161.75
2025-03-02 00:00:00,31.66,69.3,5,2,8.8,0.47,6.95,155.85,180.56
2025-03-02 01:00:00,31.97,64.23,9,4,6.6,1.44,6.29,194.96,172.11
2025-03-02 02:00:00,28.45,67.88,10,3,11.5,0.0,7.13,238.75,190.84
2025-03-02 03:00:00,23.72,77.99,25,7,12.0,0.0,7.29,148.89,196.76
2025-03-02 04:00:00,27.0,63.0,23,4,12.0,3.44,7.51,192.72,177.66
2025-03-02 05:00:00,23.54,79.27,15,2,11.2,0.0,7.34,160.31,181.88
2025-03-02 06:00:00,23.21,72.63,22,4,11.9,0.0,7.18,177.5,200.39
2025-03-02 07:00:00,25.6,79.46,9,3,5.1,2.9,8.11,184.8,170.15
2025-03-02 08:00:00,27.1,79.36,57,10,12.0,5.9,6.89,258.66,264.21
2025-03-02 09:00:00,24.19,62.96,53,8,12.0,8.97,7.32,242.85,240.39
2025-03-02 10:00:00,25.31,69.81,45,8,12.0,12.61,6.91,257.23,240.08
2025-03-02 11:00:00,29.43,65.01,65,9,12.0,14.07,6.83,239.54,285.17
2025-03-02 12:00:00,26.6,60.29,59,9,12.0,15.82,6.62,248.54,277.77
2025-03-02 13:00:00,33.47,60.94,55,7,12.0,17.9,5.91,259.05,253.29
2025-03-02 14:00:00,29.41,88.1,55,7,12.0,11.39,5.63,252.08,212.3
2025-03-02 15:00:00,24.63,78.62,43,9,12.0,9.77,5.49,254.35,235.15
2025-03-02 16:00:00,31.88,82.7,47,7,12.0,3.32,5.65,242.7,250.14
2025-03-02 17:00:00,31.78,75.16,58,8,12.0,1.04,5.81,187.59,254.6
2025-03-02 18:00:00,34.69,62.13,51,10,12.0,0.0,5.46,224.61,268.95
2025-03-02 19:00:00,33.55,65.44,53,9,12.0,0.93,5.22,257.81,258.14
2025-03-02 20:00:00,31.65,73.56,9,6,8.4,0.98,6.13,173.25,180.83
2025-03-02 21:00:00,28.8,74.5,5,3,6.4,1.23,5.4,168.59,158.13
2025-03-02 22:00:00,30.94,65.9,2,1,8.7,2.51,6.27,209.43,146.98
2025-03-02 23:00:00,28.7,60.94,0,5,6.6,3.41,6.03,163.27,136.16
2025-03-03 00:00:00,28.55,94.63,9,4,6.5,0.0,6.93,178.48,149.13
2025-03-03 01:00:00,30.51,69.26,15,4,8.8,0.0,6.52,166.39,196.1
2025-03-03 02:00:00,32.17,66.8,0,2,4.2,1.31,6.28,191.41,139.92
2025-03-03 03:00:00,27.95,72.83,10,3,10.8,1.87,7.05,198.28,160.0
2025-03-03 04:00:00,23.01,73.79,12,3,12.0,0.27,6.9,175.81,158.71
2025-03-03 05:00:00,26.28,74.06,2,1,10.0,0.0,7.56,181.77,155.78
2025-03-03 06:00:00,27.53,81.34,21,7,10.9,0.0,7.42,187.74,230.95
2025-03-03 07:00:00,22.61,74.9,7,3,7.7,3.54,7.05,173.86,158.4
2025-03-03 08:00:00,23.66,66.9,54,9,12.0,8.38,6.84,265.65,228.27
2025-03-03 09:00:00,24.17,73.55,54,12,12.0,8.56,6.68,247.47,274.45
2025-03-03 10:00:00,22.57,72.55,41,6,12.0,10.52,6.69,239.02,215.31
2025-03-03 11:00:00,26.79,82.81,63,11,12.0,14.72,7.18,288.84,257.65
2025-03-03 12:00:00,25.7,81.81,47,6,12.0,12.3,6.45,283.66,224.93
2025-03-03 13:00:00,28.01,72.74,53,9,12.0,13.83,6.62,253.41,237.97
2025-03-03 14:00:00,25.78,64.6,60,10,12.0,12.32,5.58,214.02,233.83
2025-03-03 15:00:00,27.94,63.46,67,11,12.0,9.9,5.26,235.86,251.69
2025-03-03 16:00:00,31.81,69.44,46,9,12.0,5.71,5.48,242.14,219.89
2025-03-03 17:00:00,29.9,73.03,51,7,12.0,7.09,5.96,256.53,224.09
2025-03-03 18:00:00,35.78,63.93,66,12,12.0,0.8,5.6,264.24,292.04
2025-03-03 19:00:00,30.86,66.63,59,11,12.0,0.0,6.04,253.85,273.22
2025-03-03 20:00:00,32.56,64.66,15,3,9.3,0.66,6.25,183.45,172.86
2025-03-03 21:00:00,34.2,67.5,2,2,5.4,3.66,5.6,164.6,145.2
2025-03-03 22:00:00,27.92,55.38,7,2,8.4,0.18,6.39,150.88,141.67
2025-03-03 23:00:00,26.43,65.39,9,3,7.0,3.07,6.78,139.07,161.29
2025-03-04 00:00:00,26.19,68.88,3,1,5.1,0.0,6.86,150.82,126.08
2025-03-04 01:00:00,32.19,77.52,0,3,5.1,0.0,6.15,200.44,168.05
2025-03-04 02:00:00,26.62,67.27,6,1,6.2,0.0,6.25,148.34,156.68
2025-03-04 03:00:00,33.36,69.51,21,3,8.8,3.95,6.91,157.12,191.5
2025-03-04 04:00:00,24.59,75.97,10,3,7.2,0.0,7.05,155.99,174.0
2025-03-04 05:00:00,25.63,82.74,21,6,12.0,0.35,7.57,159.44,203.8
2025-03-04 06:00:00,28.39,80.56,11,3,10.1,3.48,6.96,222.42,182.81
2025-03-04 07:00:00,29.15,70.79,4,3,9.1,5.57,7.42,157.91,171.5
2025-03-04 08:00:00,29.15,67.86,65,10,12.0,7.75,6.81,229.58,286.93
2025-03-04 09:00:00,27.16,67.94,57,10,12.0,12.47,7.19,271.74,260.85
2025-03-04 10:00:00,27.1,70.95,63,10,12.0,10.79,6.74,205.72,274.05
2025-03-04 11:00:00,26.65,69.9,46,9,12.0,14.56,6.83,264.58,235.16
2025-03-04 12:00:00,27.95,75.91,63,9,12.0,13.77,6.37,221.93,251.41
2025-03-04 13:00:00,25.59,76.63,64,8,12.0,13.26,5.52,235.19,248.07
2025-03-04 14:00:00,25.95,77.57,57,9,12.0,12.51,6.28,240.47,242.46
2025-03-04 15:00:00,29.03,80.1,49,7,12.0,12.25,6.34,236.92,220.64
2025-03-04 16:00:00,29.57,83.94,55,9,12.0,10.13,5.51,227.45,223.14
2025-03-04 17:00:00,29.7,71.69,60,10,12.0,3.09,6.01,235.22,249.33
2025-03-04 18:00:00,33.21,76.05,57,11,12.0,0.0,5.49,287.59,256.99
2025-03-04 19:00:00,34.25,65.16,60,10,12.0,0.0,5.25,270.77,270.11
2025-03-04 20:00:00,32.22,77.34,18,3,12.0,3.9,5.59,175.3,179.71
2025-03-04 21:00:00,35.56,74.14,5,1,6.3,2.96,5.87,146.45,143.6
2025-03-04 22:00:00,28.61,78.63,1,5,7.1,0.0,5.64,146.59,155.65
2025-03-04 23:00:00,30.34,71.02,10,1,10.1,3.32,6.77,163.78,159.63
2025-03-05 00:00:00,28.21,67.18,7,2,11.2,0.0,5.96,130.23,153.64
2025-03-05 01:00:00,24.37,64.78,16,5,12.0,1.33,6.52,185.24,201.98
2025-03-05 02:00:00,27.79,71.86,1,5,8.8,0.0,6.58,148.71,166.94
2025-03-05 03:00:00,26.66,83.67,18,4,11.4,4.33,7.54,198.21,181.97
2025-03-05 04:00:00,29.78,68.58,21,5,12.0,0.0,6.67,181.4,186.77
2025-03-05 05:00:00,26.75,78.37,10,2,11.3,0.0,7.56,198.31,180.25
2025-03-05 06:00:00,21.98,82.12,10,3,8.2,0.0,7.37,178.82,175.16
2025-03-05 07:00:00,28.77,69.47,4,1,5.0,8.88,6.84,174.01,140.06
2025-03-05 08:00:00,27.05,81.88,51,7,12.0,7.52,7.07,280.68,244.68
2025-03-05 09:00:00,25.59,53.33,52,9,12.0,7.84,7.0,257.78,231.11
2025-03-05 10:00:00,23.97,66.26,67,9,12.0,10.55,7.1,275.25,255.15
2025-03-05 11:00:00,22.77,69.25,54,10,12.0,10.03,6.48,231.74,253.78
2025-03-05 12:00:00,25.07,68.31,44,7,12.0,15.08,6.72,250.27,211.84
2025-03-05 13:00:00,29.69,73.17,57,7,12.0,11.02,6.31,243.73,232.15
2025-03-05 14:00:00,32.71,70.73,62,11,12.0,14.34,6.26,237.75,277.25
2025-03-05 15:00:00,32.89,71.33,55,7,12.0,11.48,5.63,223.0,239.29
2025-03-05 16:00:00,28.78,75.63,67,9,12.0,6.8,5.72,222.63,250.16
2025-03-05 17:00:00,28.03,65.33,61,9,12.0,6.1,5.77,249.95,235.76
2025-03-05 18:00:00,31.82,60.8,47,9,12.0,1.85,5.73,260.51,224.21
2025-03-05 19:00:00,27.44,75.16,51,7,12.0,0.31,5.71,271.03,236.41
2025-03-05 20:00:00,32.81,64.22,12,2,6.7,0.0,6.54,178.03,173.11
2025-03-05 21:00:00,31.49,58.56,0,2,6.0,0.83,6.14,139.2,144.12
2025-03-05 22:00:00,30.3,77.19,13,3,12.0,0.82,6.35,157.89,176.18
2025-03-05 23:00:00,26.84,82.58,0,1,8.8,0.98,6.38,169.6,152.0
2025-03-06 00:00:00,31.28,80.6,18,4,8.1,0.16,6.69,158.04,171.32
2025-03-06 01:00:00,27.7,73.52,17,2,10.4,0.65,6.78,194.45,179.91
2025-03-06 02:00:00,25.08,78.43,14,1,8.2,0.6,7.54,156.82,167.26
2025-03-06 03:00:00,19.78,87.34,5,6,7.0,2.72,7.04,178.29,167.95
2025-03-06 04:00:00,25.93,68.96,11,3,6.2,0.0,7.48,179.08,176.28
2025-03-06 05:00:00,29.6,78.65,6,3,6.0,0.0,8.0,173.83,168.49
2025-03-06 06:00:00,28.69,73.45,2,1,4.0,0.15,7.53,163.28,175.83
2025-03-06 07:00:00,22.99,81.9,7,4,8.5,2.1,7.17,141.23,155.61
2025-03-06 08:00:00,22.49,77.16,61,9,12.0,7.42,6.94,238.89,248.83
2025-03-06 09:00:00,25.31,82.96,55,4,12.0,7.67,6.89,225.27,242.2
2025-03-06 10:00:00,22.04,77.74,67,9,12.0,10.21,7.04,251.83,248.54
2025-03-06 11:00:00,25.93,63.06,61,9,12.0,17.64,7.33,250.57,246.95
2025-03-06 12:00:00,27.92,82.22,60,9,12.0,13.54,6.71,210.53,243.72
2025-03-06 13:00:00,30.03,63.94,42,7,12.0,11.18,6.16,225.15,215.4
2025-03-06 14:00:00,27.75,80.95,53,7,12.0,11.89,5.99,282.17,213.48
2025-03-06 15:00:00,28.53,71.0,46,6,12.0,11.97,5.88,240.69,223.71
2025-03-06 16:00:00,27.81,80.37,54,8,12.0,9.41,5.34,252.23,241.16
2025-03-06 17:00:00,28.76,79.41,49,5,12.0,0.7,5.57,233.56,232.6
2025-03-06 18:00:00,30.9,72.98,52,5,12.0,0.0,5.52,229.58,224.93
2025-03-06 19:00:00,32.78,72.21,63,10,12.0,0.45,6.7,238.85,272.75
2025-03-06 20:00:00,34.28,70.56,14,4,10.6,0.0,6.13,174.06,207.99
2025-03-06 21:00:00,29.86,56.6,18,5,9.5,0.0,5.56,149.11,184.77
2025-03-06 22:00:00,35.2,67.79,0,2,3.7,0.0,5.55,167.83,133.97
2025-03-06 23:00:00,30.15,62.68,10,1,9.7,0.0,5.84,152.97,151.76
2025-03-07 00:00:00,29.95,71.84,18,1,6.3,0.0,6.99,167.97,160.09
2025-03-07 01:00:00,27.17,64.58,22,3,12.0,0.0,6.23,176.28,205.33
2025-03-07 02:00:00,21.94,67.95,0,3,3.7,2.39,7.46,171.26,144.48
2025-03-07 03:00:00,29.17,82.41,7,5,5.9,0.0,7.15,174.81,158.68
2025-03-07 04:00:00,27.84,79.6,18,4,10.4,2.16,7.11,182.64,208.78
2025-03-07 05:00:00,24.47,74.44,8,1,4.8,0.06,6.87,168.52,160.58
2025-03-07 06:00:00,24.7,75.6,3,1,8.2,0.0,7.74,174.21,159.46
2025-03-07 07:00:00,25.43,72.07,0,1,0.7,0.29,7.46,161.81,156.4
2025-03-07 08:00:00,20.09,81.52,47,7,12.0,9.34,7.51,243.92,222.84
2025-03-07 09:00:00,22.81,70.9,41,9,12.0,10.13,6.97,250.69,242.05
2025-03-07 10:00:00,26.52,79.99,55,10,12.0,8.92,7.13,246.61,227.72
2025-03-07 11:00:00,22.04,74.4,62,9,12.0,14.29,7.23,246.7,235.58
2025-03-07 12:00:00,26.73,69.95,45,8,12.0,12.82,6.71,241.05,234.23
2025-03-07 13:00:00,23.57,75.25,57,8,12.0,13.65,5.92,215.57,250.34
2025-03-07 14:00:00,29.17,67.05,62,7,12.0,12.6,6.28,208.93,226.47
2025-03-07 15:00:00,28.95,73.64,55,11,12.0,12.33,6.2,221.85,241.32
2025-03-07 16:00:00,25.96,69.66,42,4,12.0,4.75,6.39,241.93,205.96
2025-03-07 17:00:00,33.74,71.26,58,6,12.0,4.77,5.93,232.07,231.74
2025-03-07 18:00:00,29.63,79.37,55,11,12.0,2.66,6.09,212.48,251.11
2025-03-07 19:00:00,29.84,65.68,54,9,12.0,5.04,5.94,285.12,260.88
2025-03-07 20:00:00,32.5,67.93,6,1,7.2,2.1,5.33,215.9,136.23
2025-03-07 21:00:00,34.74,70.51,11,4,7.7,0.72,6.22,178.94,173.22
2025-03-07 22:00:00,28.92,68.3,14,5,12.0,0.55,6.14,130.86,187.0
2025-03-07 23:00:00,30.98,73.16,29,3,12.0,3.1,6.99,150.9,206.3
2025-03-08 00:00:00,31.07,73.74,11,3,8.8,0.0,6.0,163.41,169.04
2025-03-08 01:00:00,30.77,77.65,22,6,11.6,1.59,6.31,207.69,209.4
2025-03-08 02:00:00,28.44,67.45,13,2,11.2,4.39,7.15,138.99,177.14
2025-03-08 03:00:00,26.05,66.77,9,4,6.3,0.0,7.59,170.39,179.62
2025-03-08 04:00:00,23.93,72.7,11,5,8.0,0.0,7.15,206.8,168.85
2025-03-08 05:00:00,25.39,67.05,0,1,5.1,0.0,7.23,169.6,166.26
2025-03-08 06:00:00,21.86,80.25,12,3,12.0,0.59,7.37,156.44,186.18
2025-03-08 07:00:00,18.0,70.87,0,2,3.9,1.95,7.1,161.68,151.03
2025-03-08 08:00:00,25.09,90.37,48,5,12.0,6.31,7.54,224.72,229.74
2025-03-08 09:00:00,26.4,82.19,56,8,12.0,9.31,6.9,237.77,239.02
2025-03-08 10:00:00,18.63,78.65,65,11,12.0,13.25,7.15,230.66,246.65
2025-03-08 11:00:00,22.65,81.82,66,9,12.0,11.63,6.24,236.5,264.63
2025-03-08 12:00:00,27.55,60.86,53,6,12.0,12.83,7.1,238.84,228.1
2025-03-08 13:00:00,32.11,86.79,56,10,12.0,16.34,5.55,246.46,234.66
2025-03-08 14:00:00,28.05,67.83,63,10,12.0,11.16,5.73,226.05,259.03
2025-03-08 15:00:00,27.22,71.71,44,7,12.0,11.35,6.72,245.36,217.55
2025-03-08 16:00:00,29.54,57.93,58,9,12.0,7.03,5.84,196.82,245.67
2025-03-08 17:00:00,34.27,71.02,48,9,12.0,3.58,5.5,225.97,227.25
2025-03-08 18:00:00,29.85,62.96,54,9,12.0,1.48,5.25,251.31,229.68
2025-03-08 19:00:00,29.87,71.41,51,9,12.0,0.0,5.57,261.78,240.91
2025-03-08 20:00:00,30.79,66.23,13,3,8.2,0.89,5.91,135.75,160.26
2025-03-08 21:00:00,29.48,63.42,14,1,10.5,1.11,6.1,177.21,161.79
2025-03-08 22:00:00,31.77,63.73,17,5,12.0,1.7,6.21,186.5,205.89
2025-03-08 23:00:00,34.89,68.76,13,5,8.3,0.0,5.67,211.41,178.75
2025-03-09 00:00:00,30.81,61.06,11,3,8.4,0.0,6.55,170.66,167.16
2025-03-09 01:00:00,28.4,66.48,25,6,12.0,0.0,6.83,203.81,207.13
2025-03-09 02:00:00,27.27,77.15,0,1,3.8,0.0,7.02,177.95,137.01
2025-03-09 03:00:00,23.06,93.68,24,5,12.0,0.35,7.08,179.23,203.89
2025-03-09 04:00:00,28.21,75.2,8,6,5.6,2.94,6.76,165.49,194.49
2025-03-09 05:00:00,24.98,67.7,15,3,9.7,3.69,6.95,158.67,178.47
2025-03-09 06:00:00,24.08,72.17,7,2,7.6,0.0,7.72,180.28,171.55
2025-03-09 07:00:00,32.12,69.34,4,1,5.6,5.37,7.0,146.79,135.46
2025-03-09 08:00:00,24.75,71.83,59,10,12.0,6.71,6.94,235.03,265.66
2025-03-09 09:00:00,22.26,82.34,63,8,12.0,6.67,6.96,237.4,275.63
2025-03-09 10:00:00,23.47,76.69,59,9,12.0,13.33,6.47,252.76,250.41
2025-03-09 11:00:00,28.04,78.33,51,8,12.0,17.19,6.93,259.52,240.68
2025-03-09 12:00:00,26.28,71.0,70,10,12.0,13.24,6.06,224.57,269.36
2025-03-09 13:00:00,23.37,84.52,65,10,12.0,11.71,6.67,231.85,276.0
2025-03-09 14:00:00,30.3,69.23,62,9,12.0,12.26,5.63,257.57,270.8
2025-03-09 15:00:00,27.36,65.65,52,10,12.0,9.65,5.84,218.75,229.39
2025-03-09 16:00:00,34.68,82.56,50,10,12.0,12.22,5.93,248.8,264.7
2025-03-09 17:00:00,33.53,55.36,53,9,12.0,5.64,6.0,233.53,266.8
2025-03-09 18:00:00,30.35,65.19,64,12,12.0,0.26,5.62,218.68,254.3
2025-03-09 19:00:00,35.07,62.66,47,9,12.0,0.0,5.48,251.03,250.37
2025-03-09 20:00:00,32.17,86.64,1,3,9.7,0.0,6.3,154.96,172.26
2025-03-09 21:00:00,34.0,80.45,14,6,8.7,3.7,6.0,162.29,157.56
2025-03-09 22:00:00,32.68,79.18,13,2,12.0,0.16,6.04,210.69,175.69
2025-03-09 23:00:00,28.71,69.19,4,1,8.7,1.64,5.66,181.96,145.33
2025-03-10 00:00:00,28.39,88.71,1,1,5.4,0.78,6.57,172.76,137.74
2025-03-10 01:00:00,31.61,72.05,22,4,12.0,0.0,6.71,212.22,215.46
2025-03-10 02:00:00,27.16,79.43,13,5,9.3,3.38,6.43,139.1,180.91
2025-03-10 03:00:00,25.96,74.69,0,1,5.0,0.38,6.79,207.64,149.23
2025-03-10 04:00:00,23.61,74.73,0,3,5.0,0.0,7.23,188.3,151.58
2025-03-10 05:00:00,26.23,71.48,7,2,4.9,0.04,7.44,174.92,190.23
2025-03-10 06:00:00,29.69,69.35,16,3,12.0,2.86,6.94,166.68,203.93
2025-03-10 07:00:00,21.47,80.83,15,4,11.5,0.66,6.92,123.61,182.37
2025-03-10 08:00:00,24.06,77.33,64,12,12.0,7.54,7.23,260.96,269.83
2025-03-10 09:00:00,27.67,72.01,43,6,12.0,10.05,6.77,270.46,216.4
2025-03-10 10:00:00,24.34,85.13,57,9,12.0,9.04,6.83,245.75,237.3
2025-03-10 11:00:00,26.3,52.42,66,8,12.0,15.06,7.33,244.02,235.38
2025-03-10 12:00:00,23.34,78.83,66,9,12.0,14.51,6.49,265.53,259.79
2025-03-10 13:00:00,28.04,77.0,58,7,12.0,15.28,6.65,280.22,225.06
2025-03-10 14:00:00,27.53,80.36,70,11,12.0,14.4,5.66,262.96,269.64
2025-03-10 15:00:00,31.5,69.1,60,10,12.0,9.79,5.67,226.12,247.51
2025-03-10 16:00:00,32.97,69.98,63,11,12.0,5.89,5.53,262.75,256.58
2025-03-10 17:00:00,37.3,72.39,55,7,12.0,0.77,5.34,272.73,247.42
2025-03-10 18:00:00,32.91,79.0,49,9,12.0,0.0,5.08,254.61,266.09
2025-03-10 19:00:00,32.68,66.62,48,8,12.0,0.02,5.79,251.83,276.13
2025-03-10 20:00:00,32.49,70.73,11,3,9.4,0.0,5.94,166.77,166.19
2025-03-10 21:00:00,30.98,81.66,8,1,9.6,1.17,5.6,161.82,152.26
2025-03-10 22:00:00,32.31,54.11,0,2,2.9,0.0,5.84,175.4,151.88
2025-03-10 23:00:00,30.09,65.71,2,3,7.1,0.0,6.32,136.56,157.7
2025-03-11 00:00:00,30.42,80.57,7,3,7.8,0.0,6.51,141.24,160.57
2025-03-11 01:00:00,32.33,76.62,16,5,12.0,0.37,7.07,216.92,207.46
2025-03-11 02:00:00,25.48,77.42,10,4,8.0,0.0,7.3,179.19,182.77
2025-03-11 03:00:00,29.81,67.59,9,1,9.6,0.0,6.83,147.5,167.9
2025-03-11 04:00:00,29.29,64.92,2,2,4.3,0.0,7.17,146.23,153.6
2025-03-11 05:00:00,24.88,70.05,10,4,5.1,0.0,6.92,196.02,189.2
2025-03-11 06:00:00,19.23,88.97,21,4,9.4,0.6,7.83,207.57,175.8
2025-03-11 07:00:00,22.62,71.37,11,5,7.8,4.9,7.37,177.08,165.62
2025-03-11 08:00:00,27.24,73.24,43,7,12.0,6.05,7.54,270.08,229.23
2025-03-11 09:00:00,24.08,69.47,45,4,12.0,7.82,6.94,212.85,236.08
2025-03-11 10:00:00,22.04,82.07,60,10,12.0,12.4,7.26,230.92,226.58
2025-03-11 11:00:00,23.91,71.09,53,8,12.0,14.56,6.97,243.16,241.09
2025-03-11 12:00:00,28.1,71.25,54,6,12.0,17.23,6.95,258.02,227.14
2025-03-11 13:00:00,28.33,59.98,50,8,12.0,15.82,5.82,220.85,247.27
2025-03-11 14:00:00,27.4,61.12,59,7,12.0,9.61,6.13,263.69,240.21
2025-03-11 15:00:00,28.12,71.97,53,9,12.0,9.62,6.32,246.3,211.56
2025-03-11 16:00:00,29.02,62.01,54,8,12.0,7.91,5.48,245.98,252.67
2025-03-11 17:00:00,28.52,86.37,48,6,12.0,1.92,5.91,246.66,223.14
2025-03-11 18:00:00,35.5,52.32,62,11,12.0,0.0,5.9,272.14,247.19
2025-03-11 19:00:00,31.06,64.26,53,9,12.0,1.35,5.97,280.77,241.08
2025-03-11 20:00:00,35.04,67.19,15,3,12.0,0.5,5.92,168.6,184.64
2025-03-11 21:00:00,35.67,64.08,0,1,0.0,0.0,6.15,164.29,124.25
2025-03-11 22:00:00,33.96,60.1,24,4,12.0,0.0,6.25,153.16,182.39
2025-03-11 23:00:00,29.75,64.07,20,3,12.0,0.0,6.71,153.14,191.93
2025-03-12 00:00:00,31.01,62.96,0,3,5.8,0.0,6.25,164.74,138.97
2025-03-12 01:00:00,28.97,69.31,4,1,3.4,0.0,6.83,208.13,135.01
2025-03-12 02:00:00,25.74,87.24,14,4,10.2,0.0,7.33,182.97,200.94
2025-03-12 03:00:00,27.78,72.7,0,2,5.8,0.1,6.79,169.38,148.72
2025-03-12 04:00:00,23.05,83.74,9,5,8.6,0.78,6.95,151.62,160.68
2025-03-12 05:00:00,28.14,75.45,13,4,8.7,0.0,7.46,198.55,176.37
2025-03-12 06:00:00,23.37,83.03,9,4,9.9,0.81,7.78,167.66,182.31
2025-03-12 07:00:00,24.64,54.75,14,3,12.0,4.17,7.23,169.7,183.47
2025-03-12 08:00:00,24.71,72.17,49,6,12.0,6.39,7.23,229.9,240.96
2025-03-12 09:00:00,23.49,84.31,37,6,12.0,9.07,7.19,238.36,223.22
2025-03-12 10:00:00,26.0,69.4,63,11,12.0,11.46,6.73,224.68,266.6
2025-03-12 11:00:00,23.98,87.15,63,11,12.0,11.81,7.47,248.66,268.19
2025-03-12 12:00:00,28.18,82.26,70,10,12.0,14.69,6.18,231.56,258.8
2025-03-12 13:00:00,23.6,71.8,37,5,12.0,11.83,6.32,243.42,182.65
2025-03-12 14:00:00,28.32,68.26,61,8,12.0,10.56,6.14,245.81,260.12
2025-03-12 15:00:00,33.88,60.79,39,6,12.0,10.89,5.17,213.06,223.48
2025-03-12 16:00:00,27.5,67.94,69,10,12.0,6.52,5.51,249.75,255.75
2025-03-12 17:00:00,29.13,62.58,59,11,12.0,3.75,5.25,214.68,245.64
2025-03-12 18:00:00,32.75,71.68,47,8,12.0,0.0,5.95,251.03,266.73
2025-03-12 19:00:00,32.31,58.79,61,10,12.0,0.0,5.13,237.46,249.48
2025-03-12 20:00:00,32.88,72.81,6,2,9.7,3.36,6.14,187.27,162.25
2025-03-12 21:00:00,33.09,72.84,12,4,12.0,0.0,5.52,131.56,174.29
2025-03-12 22:00:00,33.05,56.84,12,4,9.3,3.5,6.44,178.33,170.82
2025-03-12 23:00:00,33.6,78.93,24,5,12.0,0.52,5.8,198.65,197.55
2025-03-13 00:00:00,31.02,73.48,25,5,12.0,0.0,6.65,133.23,181.46
2025-03-13 01:00:00,28.43,76.95,5,3,6.2,0.0,7.03,142.43,166.95
2025-03-13 02:00:00,29.68,65.51,18,5,12.0,2.46,7.1,210.04,206.24
2025-03-13 03:00:00,31.71,73.76,13,5,7.9,0.0,6.64,153.22,183.1
2025-03-13 04:00:00,25.67,81.52,0,1,6.3,2.83,7.59,162.87,179.45
2025-03-13 05:00:00,22.74,75.0,4,4,5.4,0.53,7.46,180.82,162.95
2025-03-13 06:00:00,27.3,86.5,29,3,12.0,2.02,6.47,180.63,207.81
2025-03-13 07:00:00,23.84,75.22,13,4,6.1,0.13,7.31,176.83,178.73
2025-03-13 08:00:00,18.57,86.59,63,13,12.0,6.55,8.18,237.26,263.47
2025-03-13 09:00:00,26.25,75.27,53,8,12.0,5.24,7.46,234.66,237.18
2025-03-13 10:00:00,23.2,79.46,51,8,12.0,14.52,6.73,260.78,220.74
2025-03-13 11:00:00,24.95,62.44,55,8,12.0,11.56,6.9,272.99,230.43
2025-03-13 12:00:00,26.83,75.42,53,9,12.0,12.01,6.36,258.25,245.93
2025-03-13 13:00:00,27.44,67.25,43,8,12.0,9.65,6.65,180.86,219.21
2025-03-13 14:00:00,29.77,64.83,47,7,12.0,13.01,5.82,268.56,229.01
2025-03-13 15:00:00,27.95,84.25,61,9,12.0,10.04,6.36,223.94,233.14
2025-03-13 16:00:00,31.28,68.21,52,7,12.0,5.5,6.13,260.41,227.68
2025-03-13 17:00:00,30.18,63.45,55,8,12.0,4.15,5.95,257.64,231.93
2025-03-13 18:00:00,33.31,65.77,57,8,12.0,0.0,6.42,265.68,207.42
2025-03-13 19:00:00,33.4,59.12,58,9,12.0,0.0,6.08,251.85,251.55
2025-03-13 20:00:00,29.66,80.87,19,3,9.1,0.0,6.16,165.77,164.5
2025-03-13 21:00:00,34.58,62.53,1,2,4.9,3.29,6.33,172.68,152.63
2025-03-13 22:00:00,30.12,74.22,15,4,8.1,1.94,6.35,173.28,184.19
2025-03-13 23:00:00,32.85,78.1,16,4,8.8,0.91,6.46,203.19,169.47
2025-03-14 00:00:00,30.92,66.46,18,5,11.3,0.49,6.26,185.37,191.9
2025-03-14 01:00:00,33.63,71.78,0,2,3.9,0.0,6.47,167.53,139.08
2025-03-14 02:00:00,27.44,65.18,12,2,12.0,1.47,7.05,191.82,180.27
2025-03-14 03:00:00,26.09,90.46,24,5,12.0,1.13,7.28,175.87,197.81
2025-03-14 04:00:00,25.95,79.99,9,3,9.8,0.0,7.2,188.62,169.49
2025-03-14 05:00:00,24.41,73.16,14,5,11.5,0.4,7.1,158.18,187.3
2025-03-14 06:00:00,26.54,67.62,16,6,10.9,0.0,7.25,213.65,202.38
2025-03-14 07:00:00,20.1,76.74,2,1,8.3,2.66,7.25,172.6,145.39
2025-03-14 08:00:00,21.37,74.26,70,11,12.0,4.61,7.29,258.65,279.26
2025-03-14 09:00:00,21.47,90.24,59,10,12.0,7.48,6.99,240.58,263.1
2025-03-14 10:00:00,26.91,64.18,59,7,12.0,13.06,7.31,228.51,241.73
2025-03-14 11:00:00,29.45,71.93,42,8,12.0,10.99,6.67,233.68,217.02
2025-03-14 12:00:00,25.74,73.45,61,11,12.0,15.54,6.27,247.71,232.09
2025-03-14 13:00:00,26.54,72.2,59,8,12.0,15.59,6.26,212.41,227.33
2025-03-14 14:00:00,28.18,71.12,68,10,12.0,12.0,5.71,218.37,260.6
2025-03-14 15:00:00,31.94,68.43,53,9,12.0,8.69,6.64,230.98,228.48
2025-03-14 16:00:00,27.68,78.33,47,8,12.0,9.06,6.04,228.45,237.51
2025-03-14 17:00:00,31.42,73.87,50,7,12.0,4.73,5.72,231.67,220.09
2025-03-14 18:00:00,33.9,70.8,51,10,12.0,2.39,6.2,218.47,250.87
2025-03-14 19:00:00,33.12,47.18,46,4,12.0,0.0,5.66,243.84,237.8
2025-03-14 20:00:00,32.47,70.97,20,6,12.0,0.0,5.8,162.98,195.91
2025-03-14 21:00:00,34.37,55.95,21,5,11.7,0.0,5.69,160.98,184.25
2025-03-14 22:00:00,24.71,78.83,8,2,6.2,0.42,5.77,187.44,116.39
2025-03-14 23:00:00,32.52,79.16,7,4,4.4,1.25,6.37,164.0,170.14
2025-03-15 00:00:00,28.36,65.26,0,1,4.2,0.28,6.87,180.82,148.9
2025-03-15 01:00:00,24.46,72.65,16,4,9.2,2.67,6.4,137.12,186.48
2025-03-15 02:00:00,29.28,66.91,23,5,12.0,0.0,6.82,175.21,211.96
2025-03-15 03:00:00,30.4,78.97,5,3,7.7,0.0,6.99,195.59,170.9
2025-03-15 04:00:00,25.66,74.31,9,2,7.6,0.0,7.46,180.93,162.72
2025-03-15 05:00:00,27.55,84.41,13,3,9.9,0.0,7.12,182.24,190.45
2025-03-15 06:00:00,28.57,74.5,24,5,12.0,0.0,7.56,199.15,229.28
2025-03-15 07:00:00,27.42,74.1,12,2,6.7,3.09,7.52,149.96,139.75
2025-03-15 08:00:00,28.1,72.41,57,9,12.0,6.55,6.96,280.73,275.61
2025-03-15 09:00:00,25.99,79.13,56,8,12.0,10.36,6.96,270.59,248.33
2025-03-15 10:00:00,24.72,62.13,44,9,12.0,11.2,6.93,245.82,231.93
2025-03-15 11:00:00,21.17,77.38,43,10,12.0,15.62,6.55,213.57,233.75
2025-03-15 12:00:00,25.38,73.34,49,7,12.0,10.12,6.19,234.66,228.12
2025-03-15 13:00:00,24.86,79.28,63,11,12.0,9.07,6.81,227.91,265.82
2025-03-15 14:00:00,33.43,66.89,52,8,12.0,14.13,5.48,251.8,221.63
2025-03-15 15:00:00,28.6,64.31,51,7,12.0,11.74,6.02,239.29,226.18
2025-03-15 16:00:00,30.31,70.44,51,7,12.0,9.48,6.28,232.21,240.64
2025-03-15 17:00:00,32.21,61.48,54,9,12.0,4.9,5.45,219.55,244.62
2025-03-15 18:00:00,31.57,56.02,69,8,12.0,0.01,5.71,248.51,263.33
2025-03-15 19:00:00,36.1,71.42,54,9,12.0,0.0,6.04,238.38,264.98
2025-03-15 20:00:00,30.44,74.34,4,3,7.4,0.0,4.74,196.88,161.97
2025-03-15 21:00:00,32.35,72.22,10,5,3.2,0.3,5.92,187.14,188.7
2025-03-15 22:00:00,29.61,79.99,24,6,12.0,0.0,5.55,114.01,211.88
2025-03-15 23:00:00,27.53,67.67,6,3,9.1,4.93,6.63,175.55,178.3
2025-03-16 00:00:00,28.47,61.65,1,2,8.2,0.0,6.22,145.51,155.43
2025-03-16 01:00:00,28.94,70.85,6,5,8.6,0.0,7.33,183.82,153.38
2025-03-16 02:00:00,26.93,70.32,11,7,8.3,3.01,6.57,203.36,183.74
2025-03-16 03:00:00,25.23,68.04,16,3,11.7,0.0,7.22,172.05,179.85
2025-03-16 04:00:00,22.48,75.3,18,6,12.0,0.0,6.89,170.32,199.96
2025-03-16 05:00:00,24.96,69.84,2,1,5.9,0.0,7.19,189.21,150.77
2025-03-16 06:00:00,20.77,64.21,2,1,7.6,0.0,7.3,238.1,153.93
2025-03-16 07:00:00,26.04,70.29,7,2,6.6,4.75,7.28,134.3,155.85
2025-03-16 08:00:00,24.21,66.7,60,10,12.0,10.35,7.77,268.82,265.78
2025-03-16 09:00:00,20.49,78.88,45,6,12.0,8.12,7.57,255.27,229.06
2025-03-16 10:00:00,23.76,70.37,50,10,12.0,12.52,6.64,231.08,243.1
2025-03-16 11:00:00,23.29,83.08,50,9,12.0,18.94,6.72,228.88,214.53
2025-03-16 12:00:00,26.8,84.07,63,11,12.0,15.13,6.09,229.43,272.53
2025-03-16 13:00:00,30.32,75.13,59,9,12.0,15.48,5.81,267.48,258.46
2025-03-16 14:00:00,23.31,64.42,62,11,12.0,10.59,5.87,226.36,249.51
2025-03-16 15:00:00,29.32,81.61,66,6,12.0,13.0,6.52,224.53,226.15
2025-03-16 16:00:00,29.6,81.91,53,9,12.0,5.62,5.22,233.86,249.29
2025-03-16 17:00:00,32.51,68.98,46,8,12.0,1.89,5.93,243.25,234.5
2025-03-16 18:00:00,32.0,78.46,46,5,12.0,2.96,5.86,263.23,221.7
2025-03-16 19:00:00,29.98,66.75,40,7,12.0,0.0,5.47,270.61,224.59
2025-03-16 20:00:00,31.2,56.69,6,4,5.2,0.0,6.03,154.43,178.56
2025-03-16 21:00:00,29.87,65.37,7,1,7.9,3.25,6.16,186.82,155.56
2025-03-16 22:00:00,34.15,79.8,16,2,9.6,0.0,6.09,213.35,184.33
2025-03-16 23:00:00,30.88,59.55,10,6,8.7,0.0,6.24,186.03,179.62
2025-03-17 00:00:00,34.75,67.27,6,2,7.9,0.0,6.41,152.09,169.45
2025-03-17 01:00:00,28.88,71.62,9,5,5.6,0.0,6.41,149.31,172.23
2025-03-17 02:00:00,26.23,69.65,2,4,8.2,0.08,6.96,187.07,170.61
2025-03-17 03:00:00,23.18,72.27,18,5,12.0,2.68,6.89,168.46,182.67
2025-03-17 04:00:00,21.49,77.06,4,4,4.7,3.28,7.25,197.13,142.74
2025-03-17 05:00:00,21.21,72.82,1,1,4.7,0.31,7.06,153.72,134.03
2025-03-17 06:00:00,25.2,64.0,17,4,12.0,0.0,7.07,155.69,190.61
2025-03-17 07:00:00,25.41,75.32,15,1,11.1,4.98,7.08,156.86,172.67
2025-03-17 08:00:00,20.05,85.08,41,4,12.0,7.01,7.64,257.58,209.34
2025-03-17 09:00:00,26.37,79.23,62,9,12.0,9.98,6.58,222.68,246.28
2025-03-17 10:00:00,23.33,69.6,49,7,12.0,10.06,7.52,249.81,227.58
2025-03-17 11:00:00,25.54,64.96,52,8,12.0,10.29,6.98,214.06,244.07
2025-03-17 12:00:00,30.03,68.59,56,9,12.0,13.96,5.95,271.44,260.06
2025-03-17 13:00:00,29.21,82.13,60,9,12.0,11.38,6.09,254.51,262.43
2025-03-17 14:00:00,27.33,76.99,59,9,12.0,11.06,5.53,249.6,241.79
2025-03-17 15:00:00,26.81,77.76,55,9,12.0,12.86,6.16,223.71,233.12
2025-03-17 16:00:00,24.62,80.59,52,7,12.0,6.86,6.25,253.57,239.57
2025-03-17 17:00:00,29.03,74.22,58,8,12.0,5.84,5.81,229.23,240.38
2025-03-17 18:00:00,30.94,70.79,54,8,12.0,0.59,6.13,225.87,255.19
2025-03-17 19:00:00,29.4,75.66,69,10,12.0,1.17,5.79,232.81,267.65
2025-03-17 20:00:00,31.67,65.61,15,2,10.5,0.0,6.15,181.65,143.72
2025-03-17 21:00:00,32.06,59.26,3,4,6.1,2.31,6.04,149.39,163.09
2025-03-17 22:00:00,30.9,75.03,6,4,6.4,0.62,6.1,188.44,174.32
2025-03-17 23:00:00,29.2,79.82,10,2,9.0,0.0,6.56,177.17,162.72
2025-03-18 00:00:00,30.42,62.48,20,4,10.1,0.62,6.45,166.83,176.29
2025-03-18 01:00:00,30.14,76.26,21,8,12.0,0.0,7.22,172.91,234.42
2025-03-18 02:00:00,25.27,85.67,7,3,7.4,0.0,6.79,169.37,162.42
2025-03-18 03:00:00,30.49,70.24,3,3,2.8,0.0,7.26,180.35,155.7
2025-03-18 04:00:00,25.75,67.85,2,1,5.2,0.0,6.95,146.17,153.31
2025-03-18 05:00:00,25.22,74.81,12,3,8.0,3.12,6.72,134.61,203.8
2025-03-18 06:00:00,26.31,69.33,28,8,8.8,0.0,7.43,181.05,223.43
2025-03-18 07:00:00,24.72,69.98,14,4,9.6,7.79,6.64,177.79,176.78
2025-03-18 08:00:00,26.38,76.16,42,7,12.0,7.13,7.95,215.34,233.31
2025-03-18 09:00:00,24.85,62.98,49,8,12.0,9.43,6.94,249.29,254.83
2025-03-18 10:00:00,23.0,65.39,50,12,12.0,11.12,6.87,230.88,251.55
2025-03-18 11:00:00,26.08,73.48,48,8,12.0,14.37,6.6,242.96,238.55
2025-03-18 12:00:00,23.14,75.25,52,7,12.0,15.79,6.55,254.08,224.78
2025-03-18 13:00:00,27.24,74.94,58,8,12.0,8.45,6.41,263.32,249.97
2025-03-18 14:00:00,27.92,85.18,60,10,12.0,12.13,5.81,249.53,245.95
2025-03-18 15:00:00,28.51,72.37,64,8,12.0,5.92,5.04,234.48,250.21
2025-03-18 16:00:00,29.68,75.01,59,10,12.0,8.96,5.42,247.88,240.53
2025-03-18 17:00:00,26.12,66.48,39,6,12.0,5.62,5.56,248.93,197.96
2025-03-18 18:00:00,30.09,75.91,47,5,12.0,0.08,5.8,255.01,229.33
2025-03-18 19:00:00,32.1,65.45,54,7,12.0,0.42,5.79,265.33,233.44
2025-03-18 20:00:00,32.4,69.42,11,3,7.0,0.0,6.07,141.57,167.37
2025-03-18 21:00:00,29.29,70.33,17,6,11.2,0.0,5.36,162.46,183.02
2025-03-18 22:00:00,34.63,74.59,10,5,5.4,0.0,5.79,169.45,162.1
2025-03-18 23:00:00,28.66,62.37,10,3,8.7,0.0,6.14,165.5,168.52
2025-03-19 00:00:00,32.42,52.92,12,5,8.9,1.74,7.03,181.07,193.59
2025-03-19 01:00:00,30.1,69.03,8,2,3.0,2.56,7.66,225.17,141.19
2025-03-19 02:00:00,26.38,76.41,11,1,12.0,1.22,6.43,171.34,176.86
2025-03-19 03:00:00,31.4,70.68,19,4,11.0,0.0,7.45,153.06,188.72
2025-03-19 04:00:00,23.02,84.11,9,1,7.6,0.0,7.22,151.83,175.72
2025-03-19 05:00:00,27.47,75.43,10,4,9.6,0.18,7.47,205.34,190.7
2025-03-19 06:00:00,27.04,68.73,10,4,8.4,0.59,6.84,219.24,162.5
2025-03-19 07:00:00,22.46,59.6,20,3,12.0,3.18,7.75,173.83,195.21
2025-03-19 08:00:00,27.48,70.7,46,8,12.0,5.68,6.42,229.16,232.61
2025-03-19 09:00:00,23.51,82.34,69,10,12.0,11.13,6.61,254.82,253.68
2025-03-19 10:00:00,25.26,71.18,46,9,12.0,13.55,6.81,248.64,239.67
2025-03-19 11:00:00,25.82,73.72,50,6,12.0,10.9,6.5,240.44,240.04
2025-03-19 12:00:00,25.66,76.58,61,10,12.0,13.23,6.51,218.2,256.15
2025-03-19 13:00:00,28.99,64.2,63,8,12.0,15.08,6.05,252.19,240.16
2025-03-19 14:00:00,29.98,74.97,44,8,12.0,14.1,5.98,240.31,224.66
2025-03-19 15:00:00,24.66,85.8,46,9,12.0,10.03,5.87,255.26,215.93
2025-03-19 16:00:00,33.26,67.11,57,8,12.0,7.73,5.73,244.59,243.59
2025-03-19 17:00:00,26.67,65.03,70,12,12.0,4.13,5.78,187.26,273.15
2025-03-19 18:00:00,34.05,67.3,65,7,12.0,1.91,6.01,233.54,240.99
2025-03-19 19:00:00,34.68,51.75,53,10,12.0,0.0,5.46,220.39,259.7
2025-03-19 20:00:00,29.27,73.47,0,4,0.7,0.54,6.28,161.51,121.52
2025-03-19 21:00:00,30.84,73.18,11,4,6.4,0.0,5.95,188.19,151.89
2025-03-19 22:00:00,28.7,83.24,13,3,12.0,2.18,6.54,159.39,183.66
2025-03-19 23:00:00,30.29,69.04,7,3,9.2,0.0,6.17,176.32,156.56
2025-03-20 00:00:00,29.23,74.0,3,1,5.9,0.82,6.2,197.13,135.79
2025-03-20 01:00:00,30.98,63.88,11,7,9.2,0.0,6.74,139.04,189.46
2025-03-20 02:00:00,31.28,67.21,2,1,3.6,1.5,7.8,173.99,144.79
2025-03-20 03:00:00,30.45,59.61,25,7,12.0,0.88,6.59,196.24,219.89
2025-03-20 04:00:00,24.59,73.02,22,4,11.3,0.48,7.43,173.33,198.04
2025-03-20 05:00:00,24.65,72.21,15,6,11.1,3.92,7.33,181.4,180.01
2025-03-20 06:00:00,20.33,79.47,11,6,6.2,0.0,7.44,157.86,154.11
2025-03-20 07:00:00,22.12,71.75,5,3,6.4,5.48,6.85,195.83,149.15
2025-03-20 08:00:00,26.41,73.69,55,9,12.0,9.34,7.35,228.68,265.8
2025-03-20 09:00:00,28.18,69.54,68,9,12.0,11.75,7.17,265.63,266.66
2025-03-20 10:00:00,21.45,74.26,62,8,12.0,10.77,6.38,236.44,238.36
2025-03-20 11:00:00,23.69,75.58,57,9,12.0,13.05,6.75,236.92,261.76
2025-03-20 12:00:00,25.93,73.73,62,12,12.0,12.79,6.41,251.22,268.58
2025-03-20 13:00:00,27.67,77.56,59,8,12.0,12.93,6.17,244.57,220.47
2025-03-20 14:00:00,25.98,72.57,58,12,12.0,10.44,6.08,223.27,248.42
2025-03-20 15:00:00,30.1,68.08,63,9,12.0,9.17,6.32,220.0,255.85
2025-03-20 16:00:00,28.82,70.16,59,9,12.0,9.94,5.97,249.36,230.6
2025-03-20 17:00:00,30.79,65.04,62,10,12.0,2.98,5.36,274.97,254.13
2025-03-20 18:00:00,32.83,66.1,56,9,12.0,0.21,5.87,242.53,253.68
2025-03-20 19:00:00,31.88,83.5,53,5,12.0,0.0,5.71,253.7,232.33
2025-03-20 20:00:00,30.91,63.57,6,2,6.4,0.0,5.59,113.95,135.59
2025-03-20 21:00:00,31.59,67.54,5,3,9.3,1.65,5.5,144.41,177.28
2025-03-20 22:00:00,31.24,67.02,0,2,3.4,0.98,6.38,184.02,144.83
2025-03-20 23:00:00,29.9,68.94,3,3,8.1,2.84,6.09,168.08,145.75
2025-03-21 00:00:00,29.35,68.73,2,3,5.2,0.0,6.82,132.96,165.01
2025-03-21 01:00:00,33.03,70.43,6,2,10.6,0.0,6.33,194.58,172.83
2025-03-21 02:00:00,29.4,59.05,22,3,12.0,0.0,7.6,147.42,209.87
2025-03-21 03:00:00,26.23,80.5,9,5,10.2,3.05,7.99,220.06,181.53
2025-03-21 04:00:00,27.74,76.61,12,1,5.9,0.6,7.38,196.82,149.08
2025-03-21 05:00:00,24.34,65.86,12,3,4.4,0.0,7.73,177.86,153.72
2025-03-21 06:00:00,27.47,56.49,23,3,12.0,2.18,7.14,151.87,210.21
2025-03-21 07:00:00,25.06,67.22,5,4,8.6,3.84,7.08,152.18,178.68
2025-03-21 08:00:00,23.73,73.29,53,10,12.0,8.78,7.61,270.1,234.49
2025-03-21 09:00:00,25.26,91.98,54,8,12.0,13.07,7.12,264.54,259.28
2025-03-21 10:00:00,20.61,80.98,64,10,12.0,10.17,6.42,236.17,264.96
2025-03-21 11:00:00,22.35,63.3,66,11,12.0,16.69,6.73,258.85,245.16
2025-03-21 12:00:00,23.02,70.66,59,12,12.0,13.85,6.07,273.58,247.73
2025-03-21 13:00:00,27.32,72.1,65,7,12.0,12.7,6.23,224.87,217.59
2025-03-21 14:00:00,32.33,70.74,56,10,12.0,12.43,6.47,255.8,243.03
2025-03-21 15:00:00,34.61,58.17,54,9,12.0,7.51,6.45,251.79,247.69
2025-03-21 16:00:00,31.6,68.54,64,9,12.0,6.96,5.9,227.51,260.41
2025-03-21 17:00:00,32.08,64.12,59,10,12.0,3.14,6.2,262.4,256.54
2025-03-21 18:00:00,26.96,65.0,49,9,12.0,0.0,5.54,260.3,235.6
2025-03-21 19:00:00,30.51,72.06,63,10,12.0,0.0,6.32,227.38,252.71
2025-03-21 20:00:00,30.03,76.0,8,6,10.5,2.28,5.55,131.12,177.75
2025-03-21 21:00:00,30.31,76.27,7,3,6.6,0.0,5.65,178.55,177.7
2025-03-21 22:00:00,31.04,73.89,17,4,10.9,0.0,5.94,151.04,191.01
2025-03-21 23:00:00,29.65,67.36,9,3,5.3,0.9,6.03,141.23,159.34
2025-03-22 00:00:00,25.05,79.07,13,4,9.1,1.53,6.68,165.44,168.16
2025-03-22 01:00:00,30.91,72.13,15,4,8.2,0.0,7.15,178.28,187.21
2025-03-22 02:00:00,25.32,74.81,4,2,7.1,0.0,6.91,208.86,144.35
2025-03-22 03:00:00,27.56,68.02,13,4,6.2,0.0,7.17,181.15,165.1
2025-03-22 04:00:00,31.19,66.29,21,4,12.0,0.0,6.71,156.19,209.28
2025-03-22 05:00:00,22.87,76.11,2,1,4.0,2.11,7.31,151.63,153.07
2025-03-22 06:00:00,18.21,95.0,14,4,12.0,1.93,7.92,216.55,174.85
2025-03-22 07:00:00,23.42,77.31,3,2,8.8,2.03,7.77,177.93,177.72
2025-03-22 08:00:00,26.75,68.6,63,10,12.0,6.53,6.81,229.06,265.81
2025-03-22 09:00:00,29.03,65.45,63,10,12.0,11.3,6.91,262.06,269.64
2025-03-22 10:00:00,21.46,73.13,52,8,12.0,11.85,8.09,261.88,249.57
2025-03-22 11:00:00,26.41,88.35,70,13,12.0,15.4,6.85,239.31,277.98
2025-03-22 12:00:00,24.84,71.42,64,10,12.0,13.81,7.03,257.55,265.47
2025-03-22 13:00:00,26.7,79.26,61,10,12.0,14.49,6.85,219.69,262.04
2025-03-22 14:00:00,34.61,64.74,60,8,12.0,11.48,5.71,241.44,247.86
2025-03-22 15:00:00,25.28,75.73,63,7,12.0,8.33,6.19,246.19,235.97
2025-03-22 16:00:00,30.63,75.7,47,7,12.0,9.33,5.87,268.06,244.53
2025-03-22 17:00:00,32.0,65.2,57,6,12.0,0.62,6.34,264.57,263.67
2025-03-22 18:00:00,34.18,63.19,58,9,12.0,0.0,6.39,232.88,271.87
2025-03-22 19:00:00,32.11,80.74,52,10,12.0,0.0,5.44,254.03,246.73
2025-03-22 20:00:00,32.77,75.55,14,2,10.1,1.72,7.01,175.91,189.55
2025-03-22 21:00:00,30.88,75.52,20,1,12.0,0.0,5.99,181.54,180.35
2025-03-22 22:00:00,32.14,74.62,7,5,4.0,0.25,6.32,189.24,155.69
2025-03-22 23:00:00,29.97,73.84,10,2,5.7,0.0,5.36,149.68,155.0
2025-03-23 00:00:00,31.55,83.64,3,2,6.0,0.88,6.85,163.0,160.68
2025-03-23 01:00:00,28.11,72.23,0,3,7.9,3.65,5.95,192.42,170.36
2025-03-23 02:00:00,28.94,75.38,16,5,12.0,0.0,6.85,140.75,192.74
2025-03-23 03:00:00,26.89,62.62,10,4,7.3,0.0,6.87,169.03,166.77
2025-03-23 04:00:00,28.82,65.65,10,5,11.3,1.67,7.36,211.14,189.0
2025-03-23 05:00:00,25.04,65.66,2,1,5.1,5.89,7.34,149.51,146.27
2025-03-23 06:00:00,20.1,86.45,9,1,7.5,1.18,7.51,174.08,168.39
2025-03-23 07:00:00,27.29,54.63,19,6,11.8,2.16,7.71,174.59,215.0
2025-03-23 08:00:00,21.74,73.57,55,7,12.0,6.7,6.84,263.91,216.13
2025-03-23 09:00:00,22.5,54.89,55,8,12.0,7.45,6.99,260.71,240.15
2025-03-23 10:00:00,23.05,69.65,57,7,12.0,13.73,6.6,249.0,239.02
2025-03-23 11:00:00,28.61,68.14,45,7,12.0,15.62,6.38,275.09,217.18
2025-03-23 12:00:00,20.66,86.83,60,9,12.0,16.81,7.18,265.85,232.2
2025-03-23 13:00:00,34.81,70.01,45,6,12.0,12.86,5.85,264.67,239.1
2025-03-23 14:00:00,30.64,64.32,47,6,12.0,10.51,5.81,250.96,234.62
2025-03-23 15:00:00,29.59,78.35,47,8,12.0,12.89,6.7,233.13,230.23
2025-03-23 16:00:00,29.86,70.82,54,7,12.0,9.76,5.76,241.31,240.88
2025-03-23 17:00:00,31.54,69.78,52,7,12.0,1.65,5.7,262.91,248.19
2025-03-23 18:00:00,32.77,60.24,55,5,12.0,0.0,5.84,277.34,228.12
2025-03-23 19:00:00,33.48,61.24,48,11,12.0,1.58,5.31,244.16,241.18
2025-03-23 20:00:00,33.39,62.45,18,6,11.3,0.0,5.48,186.13,194.21
2025-03-23 21:00:00,32.09,69.46,17,3,12.0,0.06,5.72,174.85,179.81
2025-03-23 22:00:00,30.97,70.47,9,2,8.7,0.0,6.46,158.23,162.35
2025-03-23 23:00:00,30.45,81.09,6,3,5.9,0.0,6.53,153.54,165.31
2025-03-24 00:00:00,29.51,73.64,5,3,8.5,0.0,6.28,155.65,163.26
2025-03-24 01:00:00,31.87,50.34,8,1,5.4,0.0,6.66,166.38,127.81
2025-03-24 02:00:00,29.48,72.8,0,1,7.6,0.0,7.17,196.09,155.93
2025-03-24 03:00:00,19.61,67.72,2,1,3.9,0.0,6.23,167.49,128.78
2025-03-24 04:00:00,27.64,65.49,17,2,12.0,0.0,7.3,185.65,190.58
2025-03-24 05:00:00,25.66,67.95,12,4,8.9,0.06,7.54,149.14,173.61
2025-03-24 06:00:00,24.49,69.81,23,5,12.0,1.98,6.98,173.56,192.8
2025-03-24 07:00:00,23.17,65.76,8,2,10.5,3.02,7.5,218.28,159.94
2025-03-24 08:00:00,26.81,74.26,52,7,12.0,6.15,7.2,217.16,257.3
2025-03-24 09:00:00,26.51,63.17,52,11,12.0,12.05,7.7,248.54,247.5
2025-03-24 10:00:00,22.6,78.27,52,9,12.0,13.59,6.72,245.64,247.92
2025-03-24 11:00:00,26.19,88.93,50,7,12.0,15.12,6.91,217.49,240.76
2025-03-24 12:00:00,23.57,65.79,57,12,12.0,8.96,5.99,237.25,246.67
2025-03-24 13:00:00,23.52,73.15,55,7,12.0,12.63,6.32,242.36,219.33
2025-03-24 14:00:00,26.43,55.43,51,7,12.0,10.98,6.39,231.95,217.32
2025-03-24 15:00:00,31.19,67.66,65,10,12.0,8.25,5.75,238.23,258.96
2025-03-24 16:00:00,32.38,73.43,70,8,12.0,9.11,6.2,249.32,254.43
2025-03-24 17:00:00,32.11,74.17,64,12,12.0,2.54,6.05,254.18,282.03
2025-03-24 18:00:00,33.28,68.85,59,9,12.0,0.0,5.75,231.27,250.41
2025-03-24 19:00:00,33.15,74.62,61,8,12.0,0.49,5.63,245.91,267.23
2025-03-24 20:00:00,30.4,88.14,25,6,12.0,0.0,4.73,192.54,189.01
2025-03-24 21:00:00,32.94,80.53,16,4,11.1,0.0,5.71,185.29,166.68
2025-03-24 22:00:00,33.47,64.52,5,2,8.3,2.04,6.49,155.9,138.91
2025-03-24 23:00:00,32.71,58.54,13,2,12.0,1.06,6.2,163.68,171.48
2025-03-25 00:00:00,32.97,65.68,15,2,12.0,1.06,6.66,150.72,175.29
2025-03-25 01:00:00,30.81,63.41,2,6,9.0,0.97,6.54,129.81,165.59
2025-03-25 02:00:00,28.88,74.54,8,1,9.1,2.18,6.4,161.08,174.87
2025-03-25 03:00:00,29.64,62.58,19,7,11.0,0.0,7.33,137.03,200.45
2025-03-25 04:00:00,25.93,72.94,0,1,5.5,0.0,6.76,189.5,122.88
2025-03-25 05:00:00,22.97,81.39,0,3,6.3,0.0,7.18,174.77,160.26
2025-03-25 06:00:00,24.13,74.01,9,4,8.4,0.0,7.43,192.73,190.76
2025-03-25 07:00:00,22.27,69.38,13,5,7.7,1.5,7.04,168.98,181.22
2025-03-25 08:00:00,22.31,84.21,44,8,12.0,10.24,7.74,258.96,221.46
2025-03-25 09:00:00,23.78,61.8,54,6,12.0,7.7,7.76,256.77,237.32
2025-03-25 10:00:00,22.55,73.52,64,9,12.0,9.78,6.62,254.14,242.47
2025-03-25 11:00:00,24.4,74.23,56,7,12.0,14.86,6.44,244.52,219.13
2025-03-25 12:00:00,21.27,76.83,63,10,12.0,15.73,6.35,243.89,240.47
2025-03-25 13:00:00,27.5,73.61,50,6,12.0,10.19,6.7,213.91,224.71
2025-03-25 14:00:00,28.0,76.27,49,5,12.0,12.62,6.27,217.77,213.89
2025-03-25 15:00:00,26.99,72.46,62,9,12.0,8.8,6.2,259.45,267.27
2025-03-25 16:00:00,31.65,66.87,58,6,12.0,7.66,6.27,248.61,238.49
2025-03-25 17:00:00,33.17,65.53,46,8,12.0,3.02,5.41,287.44,245.75
2025-03-25 18:00:00,27.45,68.11,49,6,12.0,0.0,5.88,251.33,251.36
2025-03-25 19:00:00,29.96,76.14,68,9,12.0,0.0,5.75,270.17,259.23
2025-03-25 20:00:00,30.08,66.02,3,1,8.3,1.25,5.96,197.5,146.83
2025-03-25 21:00:00,29.51,76.87,17,7,8.2,3.89,6.34,162.8,195.14
2025-03-25 22:00:00,33.54,68.26,6,1,10.3,0.78,6.05,128.5,163.99
2025-03-25 23:00:00,30.34,66.71,10,3,9.1,0.0,6.05,168.55,166.42
2025-03-26 00:00:00,29.34,75.39,12,1,6.9,0.0,6.13,183.94,189.97
2025-03-26 01:00:00,24.03,69.69,0,1,4.2,0.0,7.32,165.63,151.16
2025-03-26 02:00:00,29.59,75.36,0,5,1.2,0.0,6.89,173.92,131.75
2025-03-26 03:00:00,23.87,76.38,11,4,5.6,0.61,6.59,197.87,182.76
2025-03-26 04:00:00,26.15,69.12,4,1,9.8,0.0,7.68,122.85,181.48
2025-03-26 05:00:00,25.87,77.19,18,4,9.9,0.96,6.67,157.41,203.62
2025-03-26 06:00:00,27.94,75.87,0,1,6.1,0.0,6.76,188.3,161.51
2025-03-26 07:00:00,20.86,85.1,15,4,10.0,7.04,7.16,186.45,192.53
2025-03-26 08:00:00,18.0,85.76,44,8,12.0,8.17,7.0,234.41,232.96
2025-03-26 09:00:00,24.6,77.82,52,8,12.0,8.49,7.17,233.11,248.44
2025-03-26 10:00:00,29.04,63.38,46,8,12.0,14.13,6.23,239.79,232.34
2025-03-26 11:00:00,28.27,88.95,70,11,12.0,11.21,6.82,216.34,263.2
2025-03-26 12:00:00,26.52,63.21,44,7,12.0,12.29,6.95,248.43,203.12
2025-03-26 13:00:00,25.74,80.23,54,7,12.0,11.92,5.95,228.5,237.83
2025-03-26 14:00:00,30.02,73.61,41,6,12.0,14.78,5.97,212.6,219.6
2025-03-26 15:00:00,26.6,64.76,68,11,12.0,9.54,5.65,264.76,258.16
2025-03-26 16:00:00,31.19,68.9,58,10,12.0,5.74,5.92,246.3,243.22
2025-03-26 17:00:00,32.09,68.58,56,7,12.0,3.95,5.35,245.96,226.92
2025-03-26 18:00:00,34.11,76.86,67,10,12.0,1.08,5.28,251.16,267.85
2025-03-26 19:00:00,38.76,59.47,56,8,12.0,3.18,5.67,248.43,264.44
2025-03-26 20:00:00,32.98,66.68,12,5,7.1,0.0,5.93,150.81,202.03
2025-03-26 21:00:00,30.59,53.83,11,3,9.6,2.53,5.99,195.1,164.56
2025-03-26 22:00:00,31.4,81.76,15,7,9.7,0.0,5.95,164.52,197.27
2025-03-26 23:00:00,26.41,65.62,6,3,3.5,1.81,6.53,166.94,159.8
2025-03-27 00:00:00,28.26,74.1,8,5,8.2,2.33,6.58,194.67,170.93
2025-03-27 01:00:00,28.01,71.28,16,2,9.5,2.43,6.3,140.0,177.83
2025-03-27 02:00:00,26.69,72.23,12,3,9.9,1.14,5.96,125.77,182.98
2025-03-27 03:00:00,27.35,78.13,9,4,6.4,0.0,7.25,192.55,187.12
2025-03-27 04:00:00,23.94,86.54,0,1,2.6,1.49,7.1,175.35,139.08
2025-03-27 05:00:00,27.97,73.78,22,5,12.0,0.0,6.88,199.8,201.07
2025-03-27 06:00:00,24.54,79.01,5,4,8.4,0.0,7.87,167.76,174.57
2025-03-27 07:00:00,24.11,77.02,18,4,11.3,2.71,7.84,192.78,170.06
2025-03-27 08:00:00,23.18,82.5,56,7,12.0,6.27,7.64,233.26,248.82
2025-03-27 09:00:00,24.52,71.19,45,10,12.0,10.38,7.14,256.39,248.05
2025-03-27 10:00:00,26.6,80.51,65,8,12.0,10.73,5.79,229.47,274.73
2025-03-27 11:00:00,23.0,83.27,57,9,12.0,14.18,7.12,260.52,251.75
2025-03-27 12:00:00,24.35,82.13,66,9,12.0,11.26,6.18,206.92,221.48
2025-03-27 13:00:00,26.21,68.64,54,7,12.0,13.6,6.1,238.63,243.53
2025-03-27 14:00:00,24.64,73.18,61,10,12.0,11.58,6.41,224.74,263.12
2025-03-27 15:00:00,26.99,74.39,41,7,12.0,11.93,6.65,254.94,200.84
2025-03-27 16:00:00,28.81,61.84,51,9,12.0,9.23,6.35,244.22,229.18
2025-03-27 17:00:00,33.01,79.65,45,4,12.0,3.28,5.79,226.55,237.2
2025-03-27 18:00:00,32.12,69.03,52,9,12.0,0.0,5.96,265.89,248.66
2025-03-27 19:00:00,32.35,70.94,59,8,12.0,0.0,5.34,258.03,245.23
2025-03-27 20:00:00,34.13,63.67,5,1,4.2,2.25,5.24,199.93,134.24
2025-03-27 21:00:00,31.52,60.25,17,7,12.0,0.0,6.31,161.87,229.4
2025-03-27 22:00:00,32.44,64.66,3,3,10.5,3.5,6.21,203.53,171.88
2025-03-27 23:00:00,30.57,71.74,17,4,12.0,1.79,5.79,162.64,183.48
2025-03-28 00:00:00,30.66,74.85,20,6,12.0,0.51,6.48,173.15,220.79
2025-03-28 01:00:00,27.58,73.43,18,5,10.0,0.26,6.92,176.92,190.25
2025-03-28 02:00:00,21.9,78.69,7,2,6.4,0.0,7.22,178.52,167.42
2025-03-28 03:00:00,26.63,70.6,0,2,4.6,0.0,7.29,188.23,156.4
2025-03-28 04:00:00,29.56,74.38,15,3,9.4,0.83,7.07,146.17,182.92
2025-03-28 05:00:00,27.49,82.74,9,2,5.5,0.0,6.98,196.78,172.66
2025-03-28 06:00:00,26.95,77.67,2,1,5.4,0.94,7.34,176.84,159.2
2025-03-28 07:00:00,27.23,78.21,6,1,8.8,5.68,7.55,167.79,170.67
2025-03-28 08:00:00,24.22,76.7,66,11,12.0,6.64,7.51,248.79,292.95
2025-03-28 09:00:00,24.63,63.84,46,8,12.0,9.04,7.62,247.27,259.54
2025-03-28 10:00:00,22.99,68.19,59,8,12.0,10.33,6.91,276.98,247.33
2025-03-28 11:00:00,24.38,77.72,57,7,12.0,15.19,6.32,250.97,208.93
2025-03-28 12:00:00,27.54,72.25,52,8,12.0,15.51,6.88,218.96,243.65
2025-03-28 13:00:00,29.97,73.7,60,7,12.0,17.9,6.32,235.65,234.89
2025-03-28 14:00:00,27.65,83.98,68,10,12.0,12.48,5.65,264.22,237.68
2025-03-28 15:00:00,27.91,77.15,53,10,12.0,9.71,6.15,203.89,249.22
2025-03-28 16:00:00,30.0,79.41,53,12,12.0,7.93,6.3,229.49,258.34
2025-03-28 17:00:00,32.33,69.63,60,8,12.0,3.05,5.86,236.84,242.23
2025-03-28 18:00:00,27.85,66.45,62,11,12.0,0.0,6.2,256.09,246.9
2025-03-28 19:00:00,26.12,72.91,54,7,12.0,0.18,5.56,253.33,249.02
2025-03-28 20:00:00,30.62,64.53,8,1,7.4,0.92,5.55,139.6,155.6
2025-03-28 21:00:00,28.81,82.34,0,1,7.4,1.05,6.23,231.07,131.94
2025-03-28 22:00:00,30.19,76.0,4,3,6.1,0.89,5.98,172.37,162.15
2025-03-28 23:00:00,30.46,73.92,1,1,5.2,2.13,6.71,178.21,138.85
2025-03-29 00:00:00,28.87,80.04,15,3,12.0,1.04,6.56,211.26,194.83
2025-03-29 01:00:00,32.67,54.59,8,2,5.1,0.54,7.13,197.1,173.06
2025-03-29 02:00:00,28.82,75.55,8,2,8.5,0.0,7.12,167.99,143.68
2025-03-29 03:00:00,27.72,63.02,10,2,8.4,0.49,6.75,173.36,174.97
2025-03-29 04:00:00,27.56,72.26,3,1,5.5,0.0,6.5,180.0,155.25
2025-03-29 05:00:00,22.32,73.79,22,5,10.8,0.0,7.55,174.79,192.63
2025-03-29 06:00:00,27.13,77.24,20,5,10.7,1.0,7.5,164.31,191.48
2025-03-29 07:00:00,23.95,76.43,23,4,12.0,4.66,6.92,167.41,196.06
2025-03-29 08:00:00,25.68,83.04,60,10,12.0,7.85,7.47,291.6,264.92
2025-03-29 09:00:00,21.46,72.37,55,11,12.0,11.01,7.55,258.57,262.15
2025-03-29 10:00:00,20.65,82.11,68,10,12.0,12.37,6.65,245.3,259.71
2025-03-29 11:00:00,27.22,73.68,50,10,12.0,13.03,6.03,210.92,246.09
2025-03-29 12:00:00,26.94,61.29,48,11,12.0,17.54,6.84,243.92,244.2
2025-03-29 13:00:00,24.71,67.87,50,12,12.0,13.82,6.74,224.71,239.03
2025-03-29 14:00:00,25.83,72.47,59,7,12.0,7.04,5.84,238.23,229.26
2025-03-29 15:00:00,31.85,77.09,49,6,12.0,5.04,6.21,251.09,263.34
2025-03-29 16:00:00,27.03,75.93,54,8,12.0,9.41,5.92,258.14,235.43
2025-03-29 17:00:00,34.94,58.97,42,7,12.0,0.0,5.69,250.46,233.54
2025-03-29 18:00:00,29.21,70.17,59,11,12.0,0.0,5.9,248.64,281.34
2025-03-29 19:00:00,33.46,82.3,43,8,12.0,0.0,5.55,249.14,263.7
2025-03-29 20:00:00,31.18,70.55,3,1,5.4,0.0,5.42,160.15,163.79
2025-03-29 21:00:00,33.37,65.95,20,3,11.5,0.77,6.08,143.27,188.21
2025-03-29 22:00:00,30.1,73.97,19,4,11.0,0.0,6.19,161.43,196.65
2025-03-29 23:00:00,30.42,75.65,13,1,8.8,0.0,5.4,144.12,176.89
2025-03-30 00:00:00,30.1,67.34,12,3,12.0,1.46,6.09,204.02,210.41
2025-03-30 01:00:00,26.53,76.55,6,1,3.7,5.26,6.47,171.91,151.54
2025-03-30 02:00:00,29.85,68.4,4,1,4.7,1.08,7.08,137.82,163.46
2025-03-30 03:00:00,25.68,78.66,7,1,6.6,0.0,6.53,177.16,148.67
2025-03-30 04:00:00,25.43,74.99,0,3,5.0,1.74,7.08,161.99,141.63
2025-03-30 05:00:00,22.69,79.09,12,4,10.6,3.49,7.95,191.2,200.17
2025-03-30 06:00:00,18.13,73.59,10,3,10.2,2.13,7.32,196.96,172.49
2025-03-30 07:00:00,23.66,69.29,3,4,8.2,0.54,7.32,191.76,174.79
2025-03-30 08:00:00,30.03,77.2,68,11,12.0,8.06,7.17,263.68,301.6
2025-03-30 09:00:00,26.1,72.78,60,10,12.0,8.98,7.41,261.69,276.43
2025-03-30 10:00:00,24.49,76.45,61,9,12.0,12.23,6.91,259.01,264.18
2025-03-30 11:00:00,24.51,72.3,51,8,12.0,12.77,6.63,241.79,243.28
2025-03-30 12:00:00,26.06,79.65,55,8,12.0,15.49,6.55,242.52,241.1
2025-03-30 13:00:00,28.33,67.51,60,6,12.0,12.82,6.76,229.19,243.87
2025-03-30 14:00:00,25.05,73.12,56,10,12.0,14.96,6.24,232.72,252.48
2025-03-30 15:00:00,31.82,74.83,68,11,12.0,9.89,5.95,263.52,262.93
2025-03-30 16:00:00,31.79,77.56,53,7,12.0,6.55,6.22,241.18,230.32
2025-03-30 17:00:00,32.62,65.1,51,10,12.0,4.77,5.54,233.09,251.83
2025-03-30 18:00:00,32.56,82.53,60,8,12.0,0.71,4.58,272.35,259.26
2025-03-30 19:00:00,31.91,71.45,45,7,12.0,1.2,5.88,265.3,244.26
2025-03-30 20:00:00,33.68,60.72,17,6,10.0,0.0,5.96,160.48,193.9
2025-03-30 21:00:00,33.34,70.84,0,2,7.6,2.67,5.72,193.56,144.89
2025-03-30 22:00:00,30.58,67.51,15,6,8.5,1.98,6.01,195.59,195.1
2025-03-30 23:00:00,29.39,74.06,5,2,3.7,0.0,6.73,186.97,171.02
2025-03-31 00:00:00,30.25,70.12,14,6,11.9,1.65,6.66,205.94,198.49
2025-03-31 01:00:00,32.91,69.08,17,3,10.5,0.0,7.22,152.77,175.56
2025-03-31 02:00:00,24.9,67.79,11,5,11.4,1.14,6.99,166.45,184.77
2025-03-31 03:00:00,23.3,82.22,0,1,7.9,1.65,7.01,147.02,122.59
2025-03-31 04:00:00,26.41,65.02,3,1,5.5,0.5,7.44,134.97,150.84
2025-03-31 05:00:00,25.3,66.13,4,3,9.1,0.0,7.4,199.17,142.65
2025-03-31 06:00:00,24.97,76.69,0,1,3.2,0.0,7.45,163.4,138.31
2025-03-31 07:00:00,24.75,85.5,19,4,9.9,4.21,7.19,171.3,194.12
2025-03-31 08:00:00,23.44,72.72,56,9,12.0,5.55,6.99,300.71,247.76
2025-03-31 09:00:00,27.86,77.0,46,6,12.0,12.01,6.88,281.43,241.74
2025-03-31 10:00:00,20.53,84.74,67,8,12.0,9.11,7.08,265.58,254.36
2025-03-31 11:00:00,23.1,81.13,49,8,12.0,16.16,6.93,241.26,211.02
2025-03-31 12:00:00,25.74,71.4,57,8,12.0,14.1,5.58,238.77,245.05
2025-03-31 13:00:00,22.86,67.96,48,10,12.0,11.81,6.04,241.12,234.68
2025-03-31 14:00:00,27.56,56.85,39,6,12.0,11.22,5.54,257.08,219.26
2025-03-31 15:00:00,33.19,66.53,44,8,12.0,9.49,5.76,255.51,237.52
2025-03-31 16:00:00,30.05,78.81,51,9,12.0,7.97,5.6,226.09,243.03
2025-03-31 17:00:00,31.41,61.75,62,9,12.0,1.17,5.78,244.38,245.25
2025-03-31 18:00:00,28.31,76.68,58,6,12.0,0.0,5.77,262.19,247.82
2025-03-31 19:00:00,30.32,63.72,56,10,12.0,0.0,6.47,251.83,252.89
2025-03-31 20:00:00,31.06,70.6,0,1,8.7,0.0,5.94,196.77,155.07
2025-03-31 21:00:00,31.07,74.81,20,4,8.2,1.43,6.16,148.12,208.61
2025-03-31 22:00:00,34.67,62.72,12,3,9.3,0.54,5.6,192.47,190.46
2025-03-31 23:00:00,32.22,70.24,9,3,8.5,0.0,6.18,173.46,174.66
2025-04-01 00:00:00,27.22,69.64,19,6,8.2,0.47,6.12,194.74,188.34
2025-04-01 01:00:00,29.65,75.78,20,4,12.0,0.33,6.92,172.68,192.76
2025-04-01 02:00:00,29.25,72.78,19,4,10.2,0.0,6.92,184.58,166.22
2025-04-01 03:00:00,29.82,71.12,8,4,8.0,0.23,6.95,122.8,178.8
2025-04-01 04:00:00,29.95,81.54,2,3,6.4,0.0,7.53,159.8,161.99
2025-04-01 05:00:00,22.63,80.39,18,3,8.4,1.87,7.18,146.98,181.68
2025-04-01 06:00:00,22.51,71.01,0,1,2.9,1.1,7.77,138.89,131.63
2025-04-01 07:00:00,20.99,76.3,26,4,12.0,6.62,7.73,202.67,195.29
2025-04-01 08:00:00,23.41,74.68,55,9,12.0,5.38,6.97,259.78,265.18
2025-04-01 09:00:00,25.3,74.45,47,6,12.0,11.04,7.46,241.84,228.75
2025-04-01 10:00:00,27.0,90.37,45,8,12.0,8.31,6.94,256.27,223.24
2025-04-01 11:00:00,24.98,76.71,45,7,12.0,9.99,6.57,204.83,213.06
2025-04-01 12:00:00,25.2,59.71,56,5,12.0,13.53,6.64,245.88,230.72
2025-04-01 13:00:00,27.34,68.66,55,6,12.0,12.37,5.74,231.29,235.46
2025-04-01 14:00:00,25.91,59.93,45,3,12.0,14.22,5.91,209.83,185.41
2025-04-01 15:00:00,34.26,65.31,52,8,12.0,12.26,6.08,242.47,238.64
2025-04-01 16:00:00,25.98,59.5,44,9,12.0,9.57,5.7,243.56,229.07
2025-04-01 17:00:00,31.29,63.6,60,6,12.0,4.82,6.1,240.9,261.46
2025-04-01 18:00:00,36.52,55.39,55,7,12.0,1.28,5.56,238.68,249.95
2025-04-01 19:00:00,31.88,71.97,52,8,12.0,0.0,5.77,249.85,241.54
2025-04-01 20:00:00,31.52,69.54,0,1,9.4,2.8,5.77,151.7,140.08
2025-04-01 21:00:00,30.97,72.04,8,1,5.5,2.5,5.4,208.06,148.4
2025-04-01 22:00:00,31.01,69.16,7,4,6.7,0.0,6.24,181.74,181.64
2025-04-01 23:00:00,34.26,57.86,13,3,11.0,0.94,6.4,176.81,184.66
2025-04-02 00:00:00,24.47,78.07,11,1,8.6,0.0,5.82,191.55,161.27
2025-04-02 01:00:00,32.87,82.05,16,1,5.2,3.7,5.84,186.25,151.2
2025-04-02 02:00:00,24.44,77.36,6,6,6.7,0.0,6.74,157.75,189.51
2025-04-02 03:00:00,26.3,70.21,0,4,7.5,0.19,7.5,183.87,178.61
2025-04-02 04:00:00,24.93,64.15,18,3,8.5,0.37,8.14,161.25,179.37
2025-04-02 05:00:00,26.64,66.59,3,2,6.5,0.0,6.64,184.88,155.71
2025-04-02 06:00:00,20.54,80.39,1,1,1.5,4.3,7.87,132.18,145.57
2025-04-02 07:00:00,25.29,81.41,10,4,10.2,7.01,7.68,194.85,211.83
2025-04-02 08:00:00,29.06,73.08,57,8,12.0,3.72,6.99,270.35,239.66
2025-04-02 09:00:00,20.73,82.69,51,7,12.0,10.87,7.72,232.95,223.55
2025-04-02 10:00:00,25.01,79.05,51,9,12.0,12.1,7.06,225.16,234.98
2025-04-02 11:00:00,23.52,78.68,52,10,12.0,15.19,6.63,215.33,248.89
2025-04-02 12:00:00,27.06,68.05,66,11,12.0,14.43,5.88,228.55,263.44
2025-04-02 13:00:00,27.01,73.91,55,10,12.0,11.9,6.33,238.23,237.44
2025-04-02 14:00:00,26.4,67.18,47,7,12.0,10.05,6.11,193.18,202.52
2025-04-02 15:00:00,30.25,70.54,47,7,12.0,9.1,6.72,243.76,239.34
2025-04-02 16:00:00,34.51,69.76,53,5,12.0,6.76,5.48,219.71,229.57
2025-04-02 17:00:00,30.35,82.11,57,9,12.0,4.01,5.42,263.72,234.22
2025-04-02 18:00:00,33.26,59.15,59,10,12.0,0.0,5.52,252.62,252.01
2025-04-02 19:00:00,28.63,74.93,56,8,12.0,3.41,6.66,247.2,237.81
2025-04-02 20:00:00,29.61,81.24,3,1,4.8,1.07,5.4,146.27,134.24
2025-04-02 21:00:00,33.04,73.78,7,5,5.7,1.75,6.39,150.88,155.39
2025-04-02 22:00:00,35.17,72.81,16,5,12.0,0.0,5.55,175.45,184.02
2025-04-02 23:00:00,31.72,73.51,1,4,5.1,0.0,6.44,184.1,186.85
2025-04-03 00:00:00,29.22,80.24,6,1,8.8,1.77,6.53,157.3,161.88
2025-04-03 01:00:00,29.03,63.66,15,3,9.0,0.0,6.46,145.37,173.43
2025-04-03 02:00:00,24.87,64.49,17,6,9.7,0.0,7.15,196.49,194.88
2025-04-03 03:00:00,28.48,71.62,8,3,9.5,1.13,6.79,176.29,175.95
2025-04-03 04:00:00,28.21,56.73,7,2,3.5,0.0,6.63,189.32,145.73
2025-04-03 05:00:00,24.04,83.39,0,1,6.6,0.0,7.16,153.79,125.52
2025-04-03 06:00:00,23.36,83.79,14,4,10.9,1.39,6.98,142.0,177.1
2025-04-03 07:00:00,24.8,71.21,21,6,11.3,1.76,7.36,214.84,199.71
2025-04-03 08:00:00,22.91,72.97,70,10,12.0,3.8,7.09,239.27,272.12
2025-04-03 09:00:00,23.97,74.31,58,10,12.0,12.34,7.61,224.94,230.77
2025-04-03 10:00:00,29.79,71.11,55,9,12.0,12.01,6.79,232.28,281.05
2025-04-03 11:00:00,24.55,75.3,48,6,12.0,16.04,6.8,246.19,246.05
2025-04-03 12:00:00,25.1,77.93,40,5,12.0,15.25,6.09,260.99,206.87
2025-04-03 13:00:00,25.35,72.65,56,8,12.0,14.83,6.14,232.23,231.44
2025-04-03 14:00:00,29.86,77.3,70,8,12.0,12.45,5.78,207.35,249.41
2025-04-03 15:00:00,28.58,74.71,65,9,12.0,10.22,6.35,240.37,259.97
2025-04-03 16:00:00,28.38,67.49,64,12,12.0,9.27,5.54,230.34,258.11
2025-04-03 17:00:00,34.13,77.05,57,9,12.0,5.25,5.5,237.55,268.04
2025-04-03 18:00:00,35.01,57.58,58,8,12.0,0.0,5.8,253.8,265.8
2025-04-03 19:00:00,30.36,69.7,36,9,12.0,0.99,5.48,249.13,213.06
2025-04-03 20:00:00,27.33,79.23,16,3,9.5,0.0,6.3,136.37,161.94
2025-04-03 21:00:00,34.38,62.47,5,1,4.5,0.0,6.62,145.13,162.53
2025-04-03 22:00:00,29.75,72.94,4,4,3.9,1.14,5.79,181.55,160.12
2025-04-03 23:00:00,32.8,72.44,7,4,6.8,0.0,6.59,182.19,158.06
2025-04-04 00:00:00,25.07,68.02,7,3,8.0,0.3,6.2,164.22,151.68
2025-04-04 01:00:00,31.27,69.21,4,4,7.6,0.76,6.58,171.36,167.85
2025-04-04 02:00:00,24.97,73.02,10,4,9.0,0.0,7.14,197.39,173.32
2025-04-04 03:00:00,28.79,67.58,6,1,6.1,1.44,7.11,172.53,156.83
2025-04-04 04:00:00,26.04,89.49,11,1,11.5,0.0,7.25,146.7,186.39
2025-04-04 05:00:00,22.79,70.31,0,1,10.3,1.89,7.66,122.89,153.5
2025-04-04 06:00:00,23.52,82.17,8,5,10.8,0.26,7.68,175.4,183.38
2025-04-04 07:00:00,25.85,70.75,1,1,4.6,3.97,7.29,200.84,134.99
2025-04-04 08:00:00,24.26,67.01,50,9,12.0,5.2,6.97,274.38,246.67
2025-04-04 09:00:00,25.6,74.4,56,9,12.0,9.43,7.07,237.91,250.14
2025-04-04 10:00:00,29.48,75.51,42,4,12.0,12.51,6.55,286.71,209.23
2025-04-04 11:00:00,21.26,83.16,48,7,12.0,15.57,6.98,250.77,203.42
2025-04-04 12:00:00,30.04,81.51,60,10,12.0,13.36,6.43,209.03,272.23
2025-04-04 13:00:00,27.23,93.16,44,6,12.0,15.56,5.91,229.0,234.32
2025-04-04 14:00:00,25.75,75.33,69,10,12.0,10.61,6.57,252.52,261.88
2025-04-04 15:00:00,25.71,68.96,65,10,12.0,10.57,5.93,265.94,267.1
2025-04-04 16:00:00,29.53,74.1,51,8,12.0,5.99,5.55,264.08,236.55
2025-04-04 17:00:00,33.13,66.54,49,9,12.0,6.71,6.13,268.12,223.68
2025-04-04 18:00:00,31.15,76.28,57,9,12.0,2.73,6.14,264.08,255.05
2025-04-04 19:00:00,35.64,57.57,43,6,12.0,0.57,5.07,217.02,223.41
2025-04-04 20:00:00,28.37,88.32,0,1,5.1,0.0,6.19,149.76,142.09
2025-04-04 21:00:00,31.83,75.31,6,3,8.5,0.0,5.99,170.51,182.22
2025-04-04 22:00:00,28.33,59.98,9,5,8.0,0.76,6.44,166.26,161.95
2025-04-04 23:00:00,31.74,64.42,11,3,11.1,0.42,6.27,156.66,181.91
2025-04-05 00:00:00,32.22,74.76,5,1,7.3,1.72,6.63,150.02,173.75
2025-04-05 01:00:00,27.98,80.25,20,5,12.0,0.0,6.6,178.23,220.02
2025-04-05 02:00:00,21.49,67.65,0,1,3.6,0.28,7.25,168.15,149.35
2025-04-05 03:00:00,27.46,77.37,1,1,2.9,0.86,6.83,155.52,135.4
2025-04-05 04:00:00,27.09,59.0,14,4,9.2,0.0,7.55,195.15,176.65
2025-04-05 05:00:00,26.18,72.65,1,4,2.7,0.23,7.34,148.13,170.13
2025-04-05 06:00:00,27.63,80.05,0,1,5.8,0.0,7.56,184.19,154.25
2025-04-05 07:00:00,21.46,72.72,11,4,4.8,1.97,6.92,133.8,155.2
2025-04-05 08:00:00,25.7,63.06,47,9,12.0,5.94,7.34,256.97,262.4
2025-04-05 09:00:00,27.12,73.64,54,10,12.0,9.37,7.25,247.42,255.35
2025-04-05 10:00:00,20.09,73.3,49,7,12.0,14.6,7.55,202.45,244.1
2025-04-05 11:00:00,25.97,77.83,48,6,12.0,12.88,6.95,204.63,222.86
2025-04-05 12:00:00,24.74,68.09,38,5,12.0,12.31,6.29,269.51,196.41
2025-04-05 13:00:00,26.76,67.46,56,10,12.0,15.15,6.07,237.31,244.29
2025-04-05 14:00:00,28.87,57.24,45,8,12.0,14.18,6.37,264.05,234.86
2025-04-05 15:00:00,27.82,73.32,54,7,12.0,11.54,5.75,261.25,236.03
2025-04-05 16:00:00,28.31,70.66,51,11,12.0,9.74,5.63,245.75,267.24
2025-04-05 17:00:00,30.91,61.64,53,7,12.0,4.01,5.43,220.63,241.1
2025-04-05 18:00:00,28.75,72.83,54,10,12.0,0.31,5.75,252.53,251.09
2025-04-05 19:00:00,29.15,78.39,57,11,12.0,0.0,5.8,226.3,280.89
2025-04-05 20:00:00,33.7,66.5,4,3,10.2,2.8,5.69,150.25,173.99
2025-04-05 21:00:00,28.99,73.18,20,3,12.0,0.0,6.53,175.79,184.17
2025-04-05 22:00:00,33.13,70.32,0,1,4.4,0.0,6.3,159.64,151.97
2025-04-05 23:00:00,31.98,60.78,8,3,12.0,0.0,6.91,186.69,184.89
2025-04-06 00:00:00,25.69,88.02,17,6,11.4,1.27,6.55,170.89,193.84
2025-04-06 01:00:00,27.34,69.17,14,2,12.0,0.17,6.45,220.81,184.11
2025-04-06 02:00:00,30.99,74.5,2,1,2.9,0.38,6.55,147.28,138.3
2025-04-06 03:00:00,24.51,79.83,4,3,5.9,0.0,7.02,137.87,158.38
2025-04-06 04:00:00,24.84,73.24,2,3,3.0,0.0,7.46,170.41,161.67
2025-04-06 05:00:00,26.33,77.42,15,7,10.0,0.0,7.17,171.71,198.71
2025-04-06 06:00:00,26.49,74.77,4,1,6.1,2.84,7.6,156.68,148.76
2025-04-06 07:00:00,23.51,65.22,12,3,8.3,0.02,7.76,158.61,177.41
2025-04-06 08:00:00,22.51,73.52,57,11,12.0,7.9,6.91,259.78,255.55
2025-04-06 09:00:00,27.69,67.93,70,11,12.0,12.08,6.68,262.59,264.15
2025-04-06 10:00:00,28.88,68.15,58,9,12.0,8.45,7.23,233.6,246.88
2025-04-06 11:00:00,27.62,63.14,49,9,12.0,13.38,6.8,219.54,245.9
2025-04-06 12:00:00,26.21,81.14,43,6,12.0,15.96,6.61,208.63,218.1
2025-04-06 13:00:00,24.94,85.35,53,10,12.0,12.02,6.54,244.43,248.13
2025-04-06 14:00:00,25.92,80.3,54,7,12.0,12.66,5.57,240.48,226.75
2025-04-06 15:00:00,30.34,79.25,37,4,12.0,8.04,6.09,236.98,190.71
2025-04-06 16:00:00,31.05,67.46,49,7,12.0,7.07,5.87,275.93,223.62
2025-04-06 17:00:00,34.33,63.11,57,5,12.0,6.18,5.89,240.14,237.76
2025-04-06 18:00:00,33.09,62.99,51,8,12.0,3.39,5.37,252.21,249.57
2025-04-06 19:00:00,28.11,76.43,63,7,12.0,0.51,5.76,285.26,231.53
2025-04-06 20:00:00,34.63,68.95,0,2,2.8,0.0,5.64,181.65,119.78
2025-04-06 21:00:00,29.37,70.5,15,4,9.4,0.0,6.3,174.94,198.62
2025-04-06 22:00:00,30.5,79.31,17,4,9.0,0.0,6.07,154.56,194.17
2025-04-06 23:00:00,31.45,72.42,18,5,9.2,0.0,6.08,180.63,184.68
2025-04-07 00:00:00,34.99,61.24,0,2,7.3,1.93,6.15,193.56,154.85
2025-04-07 01:00:00,36.81,61.07,13,3,6.8,0.0,7.01,181.43,180.7
2025-04-07 02:00:00,29.52,75.71,5,5,6.9,0.0,7.24,127.09,178.89
2025-04-07 03:00:00,26.51,80.34,0,3,8.4,0.0,7.74,163.67,156.82
2025-04-07 04:00:00,27.34,76.33,7,4,9.9,3.59,7.08,155.11,161.99
2025-04-07 05:00:00,27.39,85.7,3,4,6.9,0.8,6.92,198.36,174.78
2025-04-07 06:00:00,23.73,86.43,17,5,10.9,1.7,7.26,148.22,214.16
2025-04-07 07:00:00,28.62,74.65,14,7,11.4,4.21,7.03,173.43,207.39
2025-04-07 08:00:00,24.58,68.53,46,8,12.0,8.52,6.97,258.74,234.49
2025-04-07 09:00:00,25.38,64.66,49,8,12.0,12.06,7.23,262.32,231.86
2025-04-07 10:00:00,26.2,70.55,52,7,12.0,12.2,7.28,243.3,225.36
2025-04-07 11:00:00,26.23,78.51,54,8,12.0,12.46,6.85,238.62,234.0
2025-04-07 12:00:00,28.1,84.72,63,8,12.0,12.13,6.54,213.47,256.22
2025-04-07 13:00:00,25.42,76.73,61,10,12.0,17.04,6.58,250.24,258.96
2025-04-07 14:00:00,26.6,81.16,55,7,12.0,13.77,6.02,216.76,242.76
2025-04-07 15:00:00,26.28,71.48,53,8,12.0,5.45,6.44,199.1,236.49
2025-04-07 16:00:00,31.1,74.19,41,8,12.0,6.51,6.86,222.86,229.03
2025-04-07 17:00:00,32.78,74.42,65,10,12.0,4.46,5.51,233.42,265.56
2025-04-07 18:00:00,32.61,54.92,51,7,12.0,3.34,6.12,252.55,242.52
2025-04-07 19:00:00,36.05,63.47,67,11,12.0,0.0,6.15,229.44,281.68
2025-04-07 20:00:00,31.99,75.86,12,3,5.7,0.85,5.99,124.23,164.33
2025-04-07 21:00:00,33.54,70.05,26,1,12.0,0.0,6.38,193.31,180.69
2025-04-07 22:00:00,28.73,63.11,15,2,11.2,0.0,6.22,189.22,161.11
2025-04-07 23:00:00,29.86,53.69,0,4,2.2,2.69,6.52,187.66,135.32
2025-04-08 00:00:00,31.74,66.82,5,5,6.1,0.0,6.53,160.84,173.63
2025-04-08 01:00:00,31.16,69.29,9,4,7.6,1.94,6.76,181.68,171.48
2025-04-08 02:00:00,27.27,66.33,3,4,7.7,0.0,7.12,180.04,196.45
2025-04-08 03:00:00,26.79,73.85,7,2,6.6,0.0,7.21,152.65,167.28
2025-04-08 04:00:00,22.21,79.6,0,2,4.1,1.14,6.83,159.41,159.93
2025-04-08 05:00:00,24.28,79.3,10,5,8.7,1.43,7.45,171.49,197.57
2025-04-08 06:00:00,26.76,56.38,12,4,6.4,0.87,7.21,220.64,180.6
2025-04-08 07:00:00,25.57,64.5,2,2,9.5,5.59,7.08,214.34,155.22
2025-04-08 08:00:00,25.25,71.79,70,10,12.0,6.42,7.53,237.09,265.23
2025-04-08 09:00:00,24.26,78.62,56,10,12.0,12.68,6.74,241.91,241.55
2025-04-08 10:00:00,24.55,77.84,48,9,12.0,12.84,6.81,228.45,243.83
2025-04-08 11:00:00,23.52,78.44,42,8,12.0,14.99,6.33,239.91,218.94
2025-04-08 12:00:00,27.75,69.49,55,9,12.0,14.73,6.36,255.13,232.39
2025-04-08 13:00:00,28.02,69.69,53,8,12.0,14.51,7.13,258.17,231.85
2025-04-08 14:00:00,29.23,66.04,61,10,12.0,10.12,5.83,241.98,256.29
2025-04-08 15:00:00,27.72,77.57,54,7,12.0,8.02,5.88,231.81,231.66
2025-04-08 16:00:00,24.62,67.92,45,6,12.0,5.92,6.29,226.83,208.66
2025-04-08 17:00:00,33.57,74.05,68,8,12.0,4.65,5.88,267.21,262.49
2025-04-08 18:00:00,30.27,71.87,58,11,12.0,0.0,5.65,239.53,230.52
2025-04-08 19:00:00,29.71,70.49,53,7,12.0,0.0,5.48,284.46,237.0
2025-04-08 20:00:00,33.73,63.39,11,4,10.4,0.0,6.04,160.63,165.18
2025-04-08 21:00:00,30.88,60.49,14,3,10.2,2.84,5.82,176.76,174.76
2025-04-08 22:00:00,34.11,63.19,0,6,6.6,1.21,6.86,161.17,170.24
2025-04-08 23:00:00,32.37,66.63,11,4,6.5,0.0,6.19,125.11,182.36
2025-04-09 00:00:00,31.71,52.82,6,1,7.9,0.32,7.09,179.03,168.88
2025-04-09 01:00:00,25.62,72.28,14,5,10.3,0.0,7.01,175.01,204.56
2025-04-09 02:00:00,31.03,76.35,4,2,8.8,0.0,7.2,200.53,145.32
2025-04-09 03:00:00,27.62,76.24,5,2,6.8,0.0,7.01,171.0,160.22
2025-04-09 04:00:00,25.08,70.57,23,4,12.0,2.25,7.03,159.36,172.04
2025-04-09 05:00:00,25.53,74.06,20,5,10.9,0.0,7.18,198.79,204.65
2025-04-09 06:00:00,20.1,73.64,0,2,8.0,0.41,7.67,182.55,146.4
2025-04-09 07:00:00,25.16,75.03,19,3,6.9,4.2,7.46,147.96,172.67
2025-04-09 08:00:00,21.43,87.38,54,8,12.0,6.56,6.54,266.24,244.39
2025-04-09 09:00:00,20.75,83.85,49,8,12.0,8.62,6.61,239.66,217.78
2025-04-09 10:00:00,20.73,80.73,47,4,12.0,10.61,6.85,253.06,231.63
2025-04-09 11:00:00,27.95,68.58,47,5,12.0,12.68,6.89,217.98,217.45
2025-04-09 12:00:00,24.43,79.75,50,11,12.0,15.48,6.42,231.76,237.43
2025-04-09 13:00:00,30.8,58.23,46,8,12.0,12.81,6.12,225.75,226.4
2025-04-09 14:00:00,26.66,71.17,44,6,12.0,11.93,5.76,254.33,221.4
2025-04-09 15:00:00,24.77,78.35,47,5,12.0,7.59,6.25,221.09,196.97
2025-04-09 16:00:00,27.21,77.74,58,9,12.0,6.05,5.84,217.96,253.45
2025-04-09 17:00:00,33.92,72.55,55,10,12.0,4.08,6.32,265.41,250.29
2025-04-09 18:00:00,31.07,71.91,59,13,12.0,0.0,5.25,228.68,262.61
2025-04-09 19:00:00,30.49,68.88,54,11,12.0,2.09,5.97,239.52,264.27
2025-04-09 20:00:00,32.4,72.69,0,1,3.4,0.0,6.0,160.38,134.26
2025-04-09 21:00:00,33.12,61.75,14,3,7.5,3.53,6.23,173.85,176.72
2025-04-09 22:00:00,34.26,61.71,2,1,4.1,0.84,6.39,164.7,153.95
2025-04-09 23:00:00,34.45,67.92,15,3,10.5,0.0,6.12,174.71,181.9
2025-04-10 00:00:00,29.1,72.44,1,2,5.2,0.56,6.44,172.7,150.81
2025-04-10 01:00:00,25.72,60.82,5,2,9.5,0.0,6.77,204.03,152.06
2025-04-10 02:00:00,26.97,75.91,7,6,6.7,0.58,6.55,136.67,174.52
2025-04-10 03:00:00,27.62,77.68,15,2,8.5,3.23,7.43,156.08,181.63
2025-04-10 04:00:00,23.59,74.55,11,3,10.2,1.41,6.33,178.57,159.6
2025-04-10 05:00:00,22.78,92.28,10,1,6.5,0.0,6.87,201.03,164.28
2025-04-10 06:00:00,25.4,69.04,25,5,12.0,0.0,6.71,149.51,209.29
2025-04-10 07:00:00,24.01,72.26,0,1,3.4,5.37,7.66,168.99,119.27
2025-04-10 08:00:00,24.08,71.98,47,9,12.0,8.02,7.27,245.61,230.46
2025-04-10 09:00:00,22.24,75.5,46,7,12.0,12.22,6.88,220.4,213.53
2025-04-10 10:00:00,23.96,72.53,41,5,12.0,11.84,6.93,228.32,204.02
2025-04-10 11:00:00,22.86,65.75,49,5,12.0,14.11,6.8,216.78,200.9
2025-04-10 12:00:00,28.23,68.02,61,8,12.0,13.51,6.07,238.97,256.08
2025-04-10 13:00:00,29.55,70.23,50,8,12.0,13.7,6.34,223.56,244.74
2025-04-10 14:00:00,23.38,83.83,52,9,12.0,9.1,6.59,220.35,222.84
2025-04-10 15:00:00,26.71,88.32,41,6,12.0,10.54,6.48,192.25,196.26
2025-04-10 16:00:00,26.26,82.57,49,9,12.0,7.76,6.11,253.97,230.2
2025-04-10 17:00:00,29.2,65.73,51,6,12.0,2.62,5.82,255.67,243.51
2025-04-10 18:00:00,31.26,64.85,60,5,12.0,1.21,6.02,256.79,265.73
2025-04-10 19:00:00,28.24,70.72,42,7,12.0,1.75,5.97,260.74,212.12
2025-04-10 20:00:00,29.7,83.31,6,5,7.8,2.8,5.41,124.04,134.36
2025-04-10 21:00:00,29.35,69.89,19,6,12.0,0.0,5.61,179.28,174.36
2025-04-10 22:00:00,31.98,59.92,6,1,8.6,1.34,6.32,145.95,134.26
2025-04-10 23:00:00,31.0,66.39,0,1,3.5,2.68,6.06,184.41,142.14
2025-04-11 00:00:00,28.2,77.16,20,5,9.9,0.0,6.14,153.66,192.51
2025-04-11 01:00:00,29.48,75.8,16,3,11.7,2.79,7.16,156.61,189.07
2025-04-11 02:00:00,26.63,71.56,17,4,12.0,0.0,6.92,176.36,204.12
2025-04-11 03:00:00,26.29,77.98,0,1,7.5,0.14,7.04,174.08,170.52
2025-04-11 04:00:00,30.18,54.56,22,3,12.0,0.0,6.77,158.94,209.73
2025-04-11 05:00:00,28.52,72.36,4,1,7.3,0.0,7.12,165.26,169.92
2025-04-11 06:00:00,21.29,82.72,6,4,8.8,0.0,7.18,211.95,149.68
2025-04-11 07:00:00,26.21,67.42,4,3,3.7,6.46,6.96,122.12,144.66
2025-04-11 08:00:00,26.03,67.53,63,11,12.0,5.45,6.77,228.32,287.47
2025-04-11 09:00:00,21.27,63.65,54,9,12.0,8.35,7.68,212.99,235.24
2025-04-11 10:00:00,26.58,84.12,59,11,12.0,12.94,7.39,203.53,273.93
2025-04-11 11:00:00,29.02,66.25,56,10,12.0,12.04,6.67,194.57,253.67
2025-04-11 12:00:00,23.19,77.05,54,10,12.0,16.41,6.04,251.25,242.9
2025-04-11 13:00:00,24.67,78.56,47,7,12.0,17.25,5.69,244.38,201.88
2025-04-11 14:00:00,30.54,80.8,69,15,12.0,7.68,5.94,218.65,296.97
2025-04-11 15:00:00,29.71,69.72,43,7,12.0,10.94,5.15,188.95,207.93
2025-04-11 16:00:00,31.38,65.86,58,6,12.0,2.88,5.65,222.6,242.92
2025-04-11 17:00:00,31.68,70.64,58,9,12.0,0.9,5.02,246.99,251.7
2025-04-11 18:00:00,32.44,77.88,64,8,12.0,0.96,5.67,267.5,273.51
2025-04-11 19:00:00,28.55,70.43,66,11,12.0,0.0,5.8,212.86,277.04
2025-04-11 20:00:00,34.62,60.68,9,4,7.7,0.52,5.74,132.72,148.75
2025-04-11 21:00:00,34.79,56.46,14,3,11.3,0.06,6.69,171.45,173.7
2025-04-11 22:00:00,30.89,61.43,24,4,12.0,0.0,6.03,124.18,187.53
2025-04-11 23:00:00,30.72,76.15,9,3,5.2,1.31,6.9,145.11,171.71
2025-04-12 00:00:00,26.17,71.04,1,1,3.4,0.6,6.6,190.48,134.88
2025-04-12 01:00:00,30.32,66.12,7,4,4.1,0.08,7.41,192.18,159.08
2025-04-12 02:00:00,29.43,65.99,0,3,3.3,0.0,6.29,199.43,139.3
2025-04-12 03:00:00,26.81,73.43,13,8,7.0,0.78,6.69,178.76,205.45
2025-04-12 04:00:00,28.81,69.76,19,4,12.0,0.0,7.09,210.67,180.07
2025-04-12 05:00:00,24.34,72.65,9,3,8.6,0.0,7.83,169.32,189.9
2025-04-12 06:00:00,25.95,82.88,0,2,4.7,0.64,7.22,144.58,141.09
2025-04-12 07:00:00,21.59,87.26,18,4,11.4,5.68,7.03,145.49,182.49
2025-04-12 08:00:00,23.94,63.57,41,8,12.0,6.05,7.41,290.55,219.96
2025-04-12 09:00:00,23.7,77.3,43,7,12.0,10.81,7.38,224.03,217.27
2025-04-12 10:00:00,25.1,68.59,54,11,12.0,12.53,6.63,273.26,250.82
2025-04-12 11:00:00,24.25,72.89,57,10,12.0,14.35,6.47,253.08,246.91
2025-04-12 12:00:00,25.67,75.8,58,8,12.0,12.62,7.09,245.16,227.45
2025-04-12 13:00:00,29.03,69.79,54,7,12.0,13.22,6.73,193.49,233.82
2025-04-12 14:00:00,26.91,74.38,69,12,12.0,12.05,6.63,300.97,273.49
2025-04-12 15:00:00,25.02,78.8,56,9,12.0,12.9,6.26,211.61,244.19
2025-04-12 16:00:00,34.37,69.6,63,10,12.0,4.79,5.51,246.79,245.56
2025-04-12 17:00:00,34.28,63.07,61,8,12.0,0.82,5.72,248.39,256.59
2025-04-12 18:00:00,28.23,67.43,45,7,12.0,6.0,5.33,279.12,198.22
2025-04-12 19:00:00,33.59,58.01,54,8,12.0,0.62,6.07,272.98,246.75
2025-04-12 20:00:00,30.74,64.1,27,7,12.0,1.1,5.62,138.18,205.27
2025-04-12 21:00:00,32.52,82.57,6,4,5.5,1.28,5.34,175.25,172.99
2025-04-12 22:00:00,32.2,63.52,5,2,10.3,1.54,6.14,187.22,178.46
2025-04-12 23:00:00,30.24,62.08,11,3,10.1,1.8,6.69,177.81,164.98
2025-04-13 00:00:00,28.04,74.21,6,3,11.9,1.55,6.02,129.71,176.46
2025-04-13 01:00:00,27.31,71.71,4,2,6.7,2.25,6.66,157.35,165.59
2025-04-13 02:00:00,25.71,72.23,6,1,7.6,0.33,6.71,137.12,150.39
2025-04-13 03:00:00,24.89,84.04,21,2,12.0,2.14,7.41,209.47,201.77
2025-04-13 04:00:00,25.83,77.36,9,2,7.9,3.78,6.48,174.65,169.21
2025-04-13 05:00:00,23.38,71.52,0,2,5.5,0.39,7.67,196.27,150.2
2025-04-13 06:00:00,26.24,70.26,0,1,0.2,0.96,7.05,137.41,143.7
2025-04-13 07:00:00,27.85,68.58,28,7,12.0,2.46,7.22,180.28,205.78
2025-04-13 08:00:00,22.55,81.94,53,8,12.0,6.67,7.49,220.17,250.15
2025-04-13 09:00:00,24.73,72.13,58,12,12.0,10.61,7.58,212.2,257.71
2025-04-13 10:00:00,25.79,61.0,49,7,12.0,11.35,6.92,252.78,234.44
2025-04-13 11:00:00,26.35,72.82,58,9,12.0,13.71,6.45,248.22,245.22
2025-04-13 12:00:00,26.19,62.51,67,10,12.0,14.68,6.31,224.35,263.8
2025-04-13 13:00:00,28.82,86.71,50,9,12.0,16.56,6.7,235.25,254.18
2025-04-13 14:00:00,29.21,64.4,59,11,12.0,10.4,5.79,275.06,259.57
2025-04-13 15:00:00,25.94,72.31,44,8,12.0,10.74,6.05,247.05,233.98
2025-04-13 16:00:00,32.17,70.89,70,7,12.0,5.79,5.81,251.07,251.41
2025-04-13 17:00:00,33.05,66.45,57,10,12.0,5.16,5.99,258.68,277.21
2025-04-13 18:00:00,29.56,68.88,52,7,12.0,1.69,5.71,200.64,226.71
2025-04-13 19:00:00,31.96,72.18,53,8,12.0,3.35,5.58,241.23,231.81
2025-04-13 20:00:00,33.71,78.69,6,4,6.1,0.0,5.63,197.6,165.5
2025-04-13 21:00:00,31.34,75.03,6,1,7.2,0.29,5.75,170.23,151.11
2025-04-13 22:00:00,34.15,78.05,0,4,3.8,1.61,5.62,180.1,139.83
2025-04-13 23:00:00,36.74,58.56,9,3,7.6,1.32,6.47,167.06,166.71
2025-04-14 00:00:00,28.04,74.2,9,6,8.6,0.0,6.57,163.83,136.11
2025-04-14 01:00:00,25.58,74.78,14,4,11.4,0.0,6.19,166.25,164.29
2025-04-14 02:00:00,28.76,73.93,6,5,8.9,1.14,6.76,156.02,169.02
2025-04-14 03:00:00,28.77,81.1,4,4,7.3,0.0,6.97,213.07,189.4
2025-04-14 04:00:00,25.42,72.26,10,2,7.3,1.62,6.99,176.42,173.09
2025-04-14 05:00:00,28.8,68.6,0,1,5.7,2.08,7.23,147.59,155.21
2025-04-14 06:00:00,21.19,80.51,11,3,9.3,0.0,7.26,140.8,196.57
2025-04-14 07:00:00,25.87,61.04,0,1,5.1,4.83,7.59,208.24,121.15
2025-04-14 08:00:00,22.49,74.2,64,12,12.0,9.91,7.19,254.19,266.9
2025-04-14 09:00:00,28.43,70.76,60,9,12.0,11.94,7.27,263.33,282.54
2025-04-14 10:00:00,29.52,64.5,48,7,12.0,10.58,6.41,237.43,227.93
2025-04-14 11:00:00,23.25,82.72,60,7,12.0,13.15,6.34,239.09,226.21
2025-04-14 12:00:00,24.63,66.93,56,9,12.0,14.05,6.02,256.84,245.31
2025-04-14 13:00:00,29.11,70.27,47,6,12.0,11.65,6.15,261.48,214.61
2025-04-14 14:00:00,27.03,74.73,39,7,12.0,14.26,6.12,258.74,222.85
2025-04-14 15:00:00,28.92,80.83,58,10,12.0,8.61,6.52,229.14,261.24
2025-04-14 16:00:00,30.06,70.48,49,7,12.0,6.8,5.52,245.75,224.88
2025-04-14 17:00:00,26.03,79.93,64,11,12.0,5.77,6.02,274.5,268.54
2025-04-14 18:00:00,31.43,74.5,55,8,12.0,0.0,5.41,234.68,243.22
2025-04-14 19:00:00,30.14,71.37,49,6,12.0,0.0,5.74,230.59,231.07
2025-04-14 20:00:00,30.77,62.44,24,7,12.0,0.68,5.75,169.12,209.25
2025-04-14 21:00:00,35.47,56.73,15,2,12.0,0.0,5.61,152.86,176.15
2025-04-14 22:00:00,28.32,72.52,0,3,5.6,3.07,5.8,139.54,160.31
2025-04-14 23:00:00,32.86,64.8,6,3,7.5,0.0,6.85,156.84,168.43
2025-04-15 00:00:00,29.3,77.52,0,3,4.4,0.0,6.31,140.29,153.57
2025-04-15 01:00:00,28.34,76.99,4,3,8.6,1.69,7.06,160.57,148.41
2025-04-15 02:00:00,29.98,69.32,9,2,10.6,0.0,7.14,160.74,168.44
2025-04-15 03:00:00,27.81,64.03,13,6,8.7,0.0,6.85,180.17,191.15
2025-04-15 04:00:00,27.43,75.98,12,5,9.9,0.77,7.19,176.03,199.18
2025-04-15 05:00:00,27.59,65.16,19,5,12.0,0.84,7.31,159.24,218.68
2025-04-15 06:00:00,23.71,69.7,15,2,11.1,0.0,7.47,185.14,166.16
2025-04-15 07:00:00,22.61,68.92,15,2,8.7,6.0,7.13,118.54,155.68
2025-04-15 08:00:00,21.29,75.73,57,10,12.0,8.72,6.67,268.72,234.52
2025-04-15 09:00:00,22.07,84.34,65,7,12.0,13.85,6.82,283.31,250.66
2025-04-15 10:00:00,31.91,69.23,52,9,12.0,11.21,7.31,225.36,269.9
2025-04-15 11:00:00,28.28,68.7,53,6,12.0,13.84,6.7,225.79,228.84
2025-04-15 12:00:00,22.62,65.09,40,5,12.0,14.47,6.35,250.04,197.82
2025-04-15 13:00:00,23.66,78.9,63,7,12.0,12.87,5.78,216.8,236.42
2025-04-15 14:00:00,29.2,65.69,54,9,12.0,12.93,6.53,226.09,233.29
2025-04-15 15:00:00,30.4,71.14,70,12,12.0,10.86,5.86,259.06,256.89
2025-04-15 16:00:00,31.37,67.16,52,9,12.0,7.96,6.19,218.52,253.69
2025-04-15 17:00:00,30.19,76.33,56,9,12.0,2.97,5.97,269.75,250.06
2025-04-15 18:00:00,31.15,68.69,59,9,12.0,0.0,5.98,247.22,248.52
2025-04-15 19:00:00,32.68,68.31,46,9,12.0,0.0,6.31,227.68,278.57
2025-04-15 20:00:00,32.21,72.45,13,4,9.5,0.0,5.85,210.42,176.57
2025-04-15 21:00:00,26.32,87.93,10,1,11.6,0.0,5.89,176.14,138.31
2025-04-15 22:00:00,30.89,76.2,8,4,10.8,3.03,6.65,152.0,181.21
2025-04-15 23:00:00,28.7,70.89,19,5,12.0,4.08,6.58,167.64,167.66
2025-04-16 00:00:00,30.44,70.32,3,2,7.7,2.63,6.25,154.44,160.78
2025-04-16 01:00:00,36.5,62.38,12,1,9.8,0.0,7.07,146.09,187.95
2025-04-16 02:00:00,28.92,64.71,22,5,12.0,0.82,7.43,173.9,220.82
2025-04-16 03:00:00,26.18,69.4,4,3,2.4,0.0,6.26,184.92,138.32
2025-04-16 04:00:00,28.3,66.38,8,2,9.8,0.0,6.76,209.94,168.59
2025-04-16 05:00:00,26.38,77.71,29,6,12.0,0.0,6.99,218.66,216.59
2025-04-16 06:00:00,25.59,66.19,14,5,8.1,3.75,7.55,165.2,193.03
2025-04-16 07:00:00,25.65,82.98,6,6,8.5,4.14,7.55,160.26,183.96
2025-04-16 08:00:00,29.14,76.47,61,10,12.0,7.1,7.37,227.04,277.15
2025-04-16 09:00:00,21.31,76.83,50,9,12.0,9.76,7.37,262.04,251.07
2025-04-16 10:00:00,25.72,73.6,42,6,12.0,11.54,6.51,266.49,214.08
2025-04-16 11:00:00,22.86,71.7,66,9,12.0,14.59,6.28,233.28,265.35
2025-04-16 12:00:00,27.39,74.32,46,7,12.0,12.68,6.94,197.83,223.46
2025-04-16 13:00:00,24.67,81.95,70,12,12.0,14.62,6.33,231.33,275.21
2025-04-16 14:00:00,26.96,67.81,51,9,12.0,14.99,6.52,238.38,223.78
2025-04-16 15:00:00,28.3,61.06,70,13,12.0,10.12,5.69,259.54,277.93
2025-04-16 16:00:00,32.44,73.81,44,5,12.0,6.37,5.44,268.94,231.84
2025-04-16 17:00:00,33.12,70.68,63,8,12.0,3.47,5.28,252.0,242.31
2025-04-16 18:00:00,28.35,63.91,59,11,12.0,2.4,5.98,245.35,266.54
2025-04-16 19:00:00,32.0,64.07,62,12,12.0,0.28,6.12,269.29,273.66
2025-04-16 20:00:00,30.23,64.43,18,4,12.0,0.0,6.0,172.85,208.35
2025-04-16 21:00:00,28.72,66.43,6,1,6.6,1.62,5.77,139.59,140.43
2025-04-16 22:00:00,30.92,67.69,0,1,3.3,0.0,6.32,179.34,141.41
2025-04-16 23:00:00,30.06,68.69,10,4,12.0,0.0,6.51,171.48,178.37
2025-04-17 00:00:00,36.07,61.8,12,2,9.4,0.46,5.79,162.59,187.14
2025-04-17 01:00:00,30.12,65.21,6,3,3.7,0.0,6.58,181.71,132.65
2025-04-17 02:00:00,24.56,72.81,12,6,12.0,0.0,7.0,218.77,171.86
2025-04-17 03:00:00,25.55,74.89,13,6,11.8,0.9,7.45,133.99,201.57
2025-04-17 04:00:00,28.55,69.4,3,4,9.3,0.0,7.16,170.31,174.57
2025-04-17 05:00:00,30.39,78.44,13,3,12.0,0.0,7.32,218.75,169.72
2025-04-17 06:00:00,20.57,80.76,8,2,12.0,1.56,7.28,190.02,158.45
2025-04-17 07:00:00,19.44,66.86,4,4,4.3,4.46,7.37,175.76,142.29
2025-04-17 08:00:00,28.68,75.19,61,9,12.0,6.68,6.71,291.21,259.09
2025-04-17 09:00:00,25.11,78.26,49,8,12.0,8.11,6.85,252.68,249.39
2025-04-17 10:00:00,22.37,72.9,51,6,12.0,11.26,6.12,215.68,236.56
2025-04-17 11:00:00,26.51,62.58,56,8,12.0,14.68,6.55,255.98,210.35
2025-04-17 12:00:00,19.41,78.07,66,11,12.0,13.74,6.67,227.08,248.54
2025-04-17 13:00:00,26.97,72.66,57,7,12.0,11.05,6.02,280.53,235.82
2025-04-17 14:00:00,28.82,63.57,59,9,12.0,10.36,6.01,225.47,227.49
2025-04-17 15:00:00,31.35,59.5,53,9,12.0,9.03,6.07,278.6,256.31
2025-04-17 16:00:00,27.47,71.76,54,9,12.0,7.73,6.76,232.52,243.47
2025-04-17 17:00:00,31.04,68.24,55,9,12.0,3.83,5.7,237.87,256.19
2025-04-17 18:00:00,29.15,68.27,57,10,12.0,0.0,5.95,263.06,247.52
2025-04-17 19:00:00,32.5,68.26,53,7,12.0,2.69,5.66,272.51,229.95
2025-04-17 20:00:00,29.76,63.05,21,2,6.0,0.0,5.93,213.85,160.07
2025-04-17 21:00:00,30.84,66.97,7,2,7.2,0.88,5.92,141.77,153.25
2025-04-17 22:00:00,28.97,75.05,0,3,3.8,0.0,5.95,137.7,138.03
2025-04-17 23:00:00,32.46,66.43,32,4,12.0,4.96,6.22,175.14,217.23
2025-04-18 00:00:00,32.15,57.39,7,1,5.5,2.65,6.94,176.33,187.04
2025-04-18 01:00:00,28.45,68.38,21,3,10.9,0.0,6.81,134.9,197.1
2025-04-18 02:00:00,28.1,64.44,21,2,10.4,0.18,6.48,170.81,161.82
2025-04-18 03:00:00,23.34,77.13,18,2,9.5,0.0,6.92,202.5,177.86
2025-04-18 04:00:00,25.25,76.16,8,4,5.1,0.0,6.88,189.73,152.34
2025-04-18 05:00:00,25.05,62.46,12,2,4.9,0.85,7.6,167.48,158.54
2025-04-18 06:00:00,31.09,75.15,0,1,0.6,1.69,7.03,159.52,145.49
2025-04-18 07:00:00,21.36,68.87,26,4,12.0,1.15,7.57,139.13,193.78
2025-04-18 08:00:00,27.66,83.15,48,9,12.0,5.5,7.53,258.25,238.58
2025-04-18 09:00:00,26.63,72.62,53,6,12.0,11.78,7.12,244.52,241.15
2025-04-18 10:00:00,25.24,65.21,56,10,12.0,14.77,7.09,231.07,222.23
2025-04-18 11:00:00,29.57,62.91,54,6,12.0,11.98,6.53,201.33,239.36
2025-04-18 12:00:00,26.93,75.19,50,7,12.0,15.91,6.8,243.12,214.76
2025-04-18 13:00:00,27.94,69.3,66,9,12.0,11.05,5.86,236.99,257.49
2025-04-18 14:00:00,27.87,71.42,63,9,12.0,11.53,5.94,225.92,232.23
2025-04-18 15:00:00,32.09,80.42,58,9,12.0,7.61,5.83,255.21,254.76
2025-04-18 16:00:00,32.74,63.79,52,9,12.0,6.19,6.15,241.22,260.92
2025-04-18 17:00:00,29.26,71.53,64,10,12.0,7.44,6.32,256.96,249.57
2025-04-18 18:00:00,28.17,81.82,51,7,12.0,0.0,5.54,247.98,225.5
2025-04-18 19:00:00,31.36,71.54,68,11,12.0,0.0,5.69,230.11,279.38
2025-04-18 20:00:00,30.0,59.35,11,4,4.6,0.0,5.39,158.44,160.35
2025-04-18 21:00:00,31.7,72.94,20,3,10.2,0.0,5.91,156.9,166.99
2025-04-18 22:00:00,34.56,59.27,9,3,8.4,0.0,6.49,128.0,185.83
2025-04-18 23:00:00,29.69,80.67,11,2,10.5,0.27,5.66,213.41,179.04
2025-04-19 00:00:00,29.89,64.91,20,3,12.0,0.0,6.51,183.05,210.67
2025-04-19 01:00:00,29.18,91.96,28,7,12.0,0.0,6.96,200.33,232.26
2025-04-19 02:00:00,30.12,80.79,22,5,12.0,0.0,6.92,159.12,235.35
2025-04-19 03:00:00,21.35,71.08,17,5,10.9,0.37,7.0,172.99,167.22
2025-04-19 04:00:00,24.48,74.6,15,5,9.8,0.0,7.5,153.2,211.89
2025-04-19 05:00:00,25.7,78.89,6,1,8.2,0.0,6.99,162.54,161.38
2025-04-19 06:00:00,27.54,77.81,12,5,9.8,0.0,7.03,149.19,188.8
2025-04-19 07:00:00,22.91,78.66,3,2,6.6,0.0,6.63,198.42,148.66
2025-04-19 08:00:00,19.31,86.85,58,10,12.0,8.72,7.31,239.17,261.21
2025-04-19 09:00:00,25.69,72.76,59,9,12.0,6.23,7.14,242.55,271.85
2025-04-19 10:00:00,22.95,72.97,39,7,12.0,8.59,6.7,220.93,214.54
2025-04-19 11:00:00,22.2,73.63,55,9,12.0,15.31,6.39,237.73,241.07
2025-04-19 12:00:00,24.44,80.5,58,10,12.0,11.78,6.48,209.89,284.47
2025-04-19 13:00:00,26.5,75.6,54,6,12.0,9.37,6.33,260.96,225.71
2025-04-19 14:00:00,26.49,75.1,58,7,12.0,14.8,5.68,223.25,229.29
2025-04-19 15:00:00,23.52,80.7,44,8,12.0,8.62,5.25,248.22,235.82
2025-04-19 16:00:00,32.24,54.67,49,8,12.0,9.43,5.2,270.26,215.7
2025-04-19 17:00:00,34.02,69.96,63,8,12.0,1.79,5.22,248.99,266.02
2025-04-19 18:00:00,33.09,69.96,55,9,12.0,0.0,5.28,226.2,227.82
2025-04-19 19:00:00,29.02,82.97,58,7,12.0,0.0,5.7,273.32,232.36
2025-04-19 20:00:00,31.5,58.85,6,8,4.8,0.0,5.84,162.78,161.5
2025-04-19 21:00:00,31.85,80.21,10,5,11.8,0.81,5.88,173.86,176.66
2025-04-19 22:00:00,32.96,69.06,0,3,6.0,1.35,6.23,193.08,143.11
2025-04-19 23:00:00,32.5,72.27,17,4,12.0,1.86,6.43,171.46,199.11
2025-04-20 00:00:00,28.16,83.62,24,4,12.0,0.0,6.62,216.51,220.46
2025-04-20 01:00:00,29.24,75.06,1,1,4.1,2.76,6.74,232.31,172.87
2025-04-20 02:00:00,29.14,74.0,2,2,5.0,0.0,6.53,222.72,146.5
2025-04-20 03:00:00,30.6,71.87,14,2,9.6,0.27,6.6,159.52,195.61
2025-04-20 04:00:00,27.76,68.78,22,3,12.0,0.0,7.0,202.49,217.28
2025-04-20 05:00:00,27.14,72.4,10,1,10.7,3.95,7.67,164.39,177.33
2025-04-20 06:00:00,24.75,69.27,0,2,8.7,2.42,8.12,187.87,170.0
2025-04-20 07:00:00,27.66,71.92,8,2,9.4,3.69,7.47,145.4,180.66
2025-04-20 08:00:00,25.02,57.73,47,8,12.0,7.4,7.32,260.74,246.69
2025-04-20 09:00:00,21.98,79.21,50,9,12.0,12.97,7.44,280.63,231.32
2025-04-20 10:00:00,28.04,71.12,53,9,12.0,10.62,7.43,213.07,229.75
2025-04-20 11:00:00,26.92,70.41,48,12,12.0,9.46,6.38,242.71,249.13
2025-04-20 12:00:00,24.89,75.71,49,9,12.0,12.06,7.52,287.62,229.6
2025-04-20 13:00:00,25.77,63.53,56,7,12.0,12.69,6.85,219.64,232.32
2025-04-20 14:00:00,28.74,84.99,57,10,12.0,14.85,5.62,232.11,260.53
2025-04-20 15:00:00,30.19,69.75,44,7,12.0,11.97,5.58,240.42,240.05
2025-04-20 16:00:00,30.49,69.23,58,7,12.0,6.91,6.79,220.7,248.88
2025-04-20 17:00:00,31.61,62.72,52,6,12.0,4.56,6.09,265.29,222.24
2025-04-20 18:00:00,35.71,66.77,61,10,12.0,0.0,5.49,232.5,268.03
2025-04-20 19:00:00,34.54,77.13,61,10,12.0,4.18,5.75,234.81,259.84
2025-04-20 20:00:00,32.48,76.12,6,1,5.3,2.43,6.07,161.84,153.79
2025-04-20 21:00:00,34.22,73.63,15,5,8.5,0.11,6.25,181.24,186.02
2025-04-20 22:00:00,28.88,75.21,3,3,5.1,0.0,6.58,151.83,166.76
2025-04-20 23:00:00,31.82,66.81,21,6,9.7,1.4,6.38,203.73,193.01
2025-04-21 00:00:00,34.52,57.28,4,4,5.2,0.0,6.6,220.09,193.86
2025-04-21 01:00:00,28.49,70.25,13,3,11.0,0.0,6.58,170.43,162.37
2025-04-21 02:00:00,25.88,71.83,8,5,10.7,3.07,6.57,149.14,179.35
2025-04-21 03:00:00,25.33,81.21,2,1,9.9,2.34,6.72,196.38,134.94
2025-04-21 04:00:00,23.28,77.47,17,8,10.1,0.74,7.14,222.89,212.4
2025-04-21 05:00:00,23.21,86.64,5,1,9.2,0.0,7.39,172.58,160.07
2025-04-21 06:00:00,23.61,83.46,0,2,5.7,0.02,6.79,175.19,151.58
2025-04-21 07:00:00,20.62,73.97,0,1,4.5,0.0,7.99,173.68,128.67
2025-04-21 08:00:00,24.04,62.21,48,7,12.0,4.79,6.95,245.81,246.95
2025-04-21 09:00:00,26.39,82.82,66,14,12.0,13.43,6.77,234.24,287.71
2025-04-21 10:00:00,22.27,85.53,65,9,12.0,13.16,6.89,229.19,245.4
2025-04-21 11:00:00,28.97,61.76,49,9,12.0,9.63,5.88,251.32,239.01
2025-04-21 12:00:00,27.28,83.07,52,8,12.0,12.34,6.63,236.53,225.52
2025-04-21 13:00:00,29.54,73.6,51,10,12.0,9.67,5.95,229.48,232.27
2025-04-21 14:00:00,26.36,74.28,44,6,12.0,10.56,5.43,253.51,203.2
2025-04-21 15:00:00,31.17,81.08,47,8,12.0,9.57,5.98,234.38,228.26
2025-04-21 16:00:00,27.27,81.92,63,11,12.0,10.2,5.86,248.44,254.3
2025-04-21 17:00:00,33.05,73.02,59,8,12.0,5.19,6.41,228.47,251.2
2025-04-21 18:00:00,31.89,72.59,57,13,12.0,0.0,5.76,266.46,258.6
2025-04-21 19:00:00,33.25,72.64,44,8,12.0,0.0,5.79,270.62,245.49
2025-04-21 20:00:00,29.06,68.46,11,3,12.0,0.0,5.82,147.43,182.46
2025-04-21 21:00:00,29.63,70.48,0,1,3.7,2.18,5.03,177.28,140.94
2025-04-21 22:00:00,32.96,62.21,17,4,10.6,2.42,6.13,167.93,193.76
2025-04-21 23:00:00,28.46,69.35,12,2,5.3,0.0,6.28,190.18,128.5
2025-04-22 00:00:00,31.16,67.22,0,5,4.4,0.0,6.45,190.1,147.98
2025-04-22 01:00:00,25.62,69.22,23,5,10.4,0.0,6.42,162.48,175.67
2025-04-22 02:00:00,30.12,71.47,0,2,3.2,0.0,7.1,173.19,129.26
2025-04-22 03:00:00,23.88,72.61,14,5,6.0,0.52,6.72,137.67,188.53
2025-04-22 04:00:00,27.38,75.95,14,3,8.1,0.0,7.44,213.38,201.63
2025-04-22 05:00:00,26.74,61.53,0,1,4.8,0.0,7.41,158.28,147.58
2025-04-22 06:00:00,22.79,74.85,10,3,8.0,0.0,7.79,152.63,175.76
2025-04-22 07:00:00,25.59,74.61,0,2,4.2,2.07,7.11,138.23,142.79
2025-04-22 08:00:00,24.65,72.17,32,7,12.0,8.72,7.66,245.72,228.43
2025-04-22 09:00:00,22.79,74.44,46,5,12.0,13.64,7.14,285.26,217.77
2025-04-22 10:00:00,22.01,65.09,50,7,12.0,11.05,6.87,248.76,218.31
2025-04-22 11:00:00,20.27,79.91,60,5,12.0,15.3,6.41,235.69,228.11
2025-04-22 12:00:00,26.87,77.32,56,7,12.0,13.29,6.64,227.93,233.02
2025-04-22 13:00:00,23.05,78.92,56,10,12.0,11.66,6.13,236.38,240.77
2025-04-22 14:00:00,28.24,79.1,47,9,12.0,10.7,6.09,210.2,239.36
2025-04-22 15:00:00,28.38,73.15,51,6,12.0,11.44,6.21,226.66,267.26
2025-04-22 16:00:00,31.7,72.76,48,7,12.0,5.72,5.8,247.7,252.08
2025-04-22 17:00:00,30.07,71.64,45,7,12.0,2.73,5.84,249.91,227.79
2025-04-22 18:00:00,30.64,74.96,50,10,12.0,0.0,6.23,259.48,236.88
2025-04-22 19:00:00,33.69,56.97,56,11,12.0,1.27,5.92,242.4,233.8
2025-04-22 20:00:00,32.84,62.36,5,3,6.4,0.92,5.57,183.12,170.34
2025-04-22 21:00:00,32.65,79.85,7,2,7.3,2.91,5.79,149.65,170.68
2025-04-22 22:00:00,32.64,51.53,16,2,10.9,1.19,6.15,190.91,168.84
2025-04-22 23:00:00,26.99,71.73,6,3,5.3,0.83,7.04,124.46,152.72
2025-04-23 00:00:00,31.89,77.48,0,5,1.3,1.17,6.03,152.67,156.63
2025-04-23 01:00:00,30.57,69.55,15,6,10.8,0.0,6.77,169.47,204.58
2025-04-23 02:00:00,25.46,70.94,12,4,10.9,0.22,7.38,129.32,200.9
2025-04-23 03:00:00,26.35,74.06,13,4,7.5,1.86,7.28,185.91,161.69
2025-04-23 04:00:00,25.9,71.0,15,3,12.0,0.0,7.15,193.36,194.59
2025-04-23 05:00:00,24.84,74.43,14,3,6.6,3.4,6.67,146.87,172.22
2025-04-23 06:00:00,25.37,69.06,10,3,7.4,1.28,7.83,172.62,165.42
2025-04-23 07:00:00,27.71,79.96,29,6,12.0,7.67,7.11,145.32,223.04
2025-04-23 08:00:00,26.7,82.87,45,9,12.0,4.65,6.86,229.43,243.35
2025-04-23 09:00:00,20.86,76.07,50,9,12.0,7.55,7.15,218.65,236.05
2025-04-23 10:00:00,26.09,63.63,63,10,12.0,12.87,7.4,213.57,262.42
2025-04-23 11:00:00,28.49,67.99,56,7,12.0,13.77,6.85,225.28,233.5
2025-04-23 12:00:00,26.97,71.44,61,8,12.0,13.09,6.37,234.28,252.06
2025-04-23 13:00:00,29.69,74.35,56,7,12.0,10.98,6.38,236.32,234.23
2025-04-23 14:00:00,33.03,61.42,66,10,12.0,11.59,6.14,239.17,284.22
2025-04-23 15:00:00,31.59,64.1,47,5,12.0,10.33,5.77,269.01,220.36
2025-04-23 16:00:00,30.62,73.74,66,10,12.0,4.38,5.83,255.82,256.07
2025-04-23 17:00:00,33.44,74.76,64,12,12.0,2.8,5.44,225.09,277.48
2025-04-23 18:00:00,31.83,64.97,45,8,12.0,0.76,5.35,234.92,244.12
2025-04-23 19:00:00,31.92,59.92,60,9,12.0,1.58,5.92,234.78,236.41
2025-04-23 20:00:00,31.12,92.8,10,2,9.4,0.0,5.67,166.68,180.39
2025-04-23 21:00:00,35.77,72.04,5,4,9.4,0.0,5.93,163.76,177.96
2025-04-23 22:00:00,29.42,69.14,0,2,7.4,0.23,5.83,170.61,145.71
2025-04-23 23:00:00,34.66,73.42,2,2,5.9,0.0,6.09,151.41,149.55
2025-04-24 00:00:00,31.25,68.85,16,3,12.0,0.0,6.33,159.31,191.78
2025-04-24 01:00:00,25.54,79.79,17,4,10.1,0.0,6.5,201.72,172.35
2025-04-24 02:00:00,28.92,72.47,8,3,9.0,0.0,6.76,201.34,149.29
2025-04-24 03:00:00,21.71,77.04,17,5,11.7,0.05,7.13,152.67,179.69
2025-04-24 04:00:00,27.56,71.51,18,6,5.5,0.0,7.68,197.63,189.6
2025-04-24 05:00:00,27.38,62.3,11,1,6.8,0.0,7.54,169.54,174.11
2025-04-24 06:00:00,23.06,89.03,4,1,6.8,0.0,7.18,164.72,150.6
2025-04-24 07:00:00,24.45,67.9,14,6,10.2,4.9,7.05,222.28,172.61
2025-04-24 08:00:00,28.89,61.86,59,9,12.0,7.19,6.57,241.61,252.43
2025-04-24 09:00:00,22.87,74.1,60,8,12.0,15.23,6.83,236.37,241.45
2025-04-24 10:00:00,21.89,69.55,62,11,12.0,9.59,6.52,262.49,263.27
2025-04-24 11:00:00,28.88,71.02,44,8,12.0,15.35,6.73,234.6,236.85
2025-04-24 12:00:00,30.91,74.78,51,11,12.0,13.84,7.08,245.77,234.96
2025-04-24 13:00:00,26.97,79.69,40,6,12.0,10.73,6.15,238.09,211.48
2025-04-24 14:00:00,30.53,75.93,61,11,12.0,11.37,5.59,283.6,267.09
2025-04-24 15:00:00,32.39,66.79,53,6,12.0,6.87,5.87,222.06,223.48
2025-04-24 16:00:00,28.14,72.25,58,11,12.0,7.17,5.65,255.42,272.16
2025-04-24 17:00:00,29.62,73.72,43,9,12.0,3.01,6.17,272.15,225.2
2025-04-24 18:00:00,34.54,55.12,66,12,12.0,0.0,5.04,256.78,289.27
2025-04-24 19:00:00,36.08,70.34,45,9,12.0,0.0,5.38,237.04,253.24
2025-04-24 20:00:00,33.41,58.01,16,4,6.6,2.03,6.07,172.5,165.32
2025-04-24 21:00:00,29.66,85.12,11,2,10.3,0.0,5.38,177.5,165.58
2025-04-24 22:00:00,36.43,63.27,8,2,8.6,0.42,6.3,143.75,187.07
2025-04-24 23:00:00,29.5,69.66,8,1,9.0,0.35,6.06,148.74,151.63
2025-04-25 00:00:00,29.16,65.8,5,1,8.6,0.22,6.86,183.6,158.8
2025-04-25 01:00:00,29.89,66.27,20,5,12.0,0.0,6.69,172.5,182.49
2025-04-25 02:00:00,31.89,85.2,10,3,8.1,3.04,6.84,144.93,182.21
2025-04-25 03:00:00,29.1,77.81,0,2,3.4,4.47,7.28,187.07,143.19
2025-04-25 04:00:00,27.04,61.83,7,2,6.6,2.9,7.2,189.07,166.54
2025-04-25 05:00:00,26.33,83.7,11,1,11.3,0.04,6.84,177.7,164.61
2025-04-25 06:00:00,24.64,82.7,17,4,9.3,0.0,7.12,155.02,191.51
2025-04-25 07:00:00,25.53,71.76,5,3,3.1,5.81,6.7,174.84,145.91
2025-04-25 08:00:00,18.0,81.15,51,7,12.0,5.48,6.89,253.24,197.25
2025-04-25 09:00:00,23.39,75.12,55,8,12.0,13.32,6.32,246.94,237.46
2025-04-25 10:00:00,25.14,87.81,62,12,12.0,13.71,7.72,260.16,281.47
2025-04-25 11:00:00,22.29,70.42,44,9,12.0,12.96,6.7,240.59,208.55
2025-04-25 12:00:00,26.97,73.75,59,7,12.0,14.56,6.69,232.88,229.93
2025-04-25 13:00:00,26.45,70.09,51,8,12.0,14.78,6.0,211.94,242.06
2025-04-25 14:00:00,32.39,58.9,52,10,12.0,11.27,6.28,261.04,252.36
2025-04-25 15:00:00,32.97,83.86,70,10,12.0,11.97,6.21,216.96,265.76
2025-04-25 16:00:00,28.84,63.14,53,8,12.0,9.55,6.13,271.78,235.6
2025-04-25 17:00:00,30.45,71.82,61,11,12.0,3.1,5.7,230.56,253.66
2025-04-25 18:00:00,31.28,57.52,61,11,12.0,0.0,6.06,288.26,293.93
2025-04-25 19:00:00,30.73,67.29,46,9,12.0,0.0,5.51,261.69,247.71
2025-04-25 20:00:00,32.49,71.81,0,2,6.8,0.0,5.94,167.31,168.47
2025-04-25 21:00:00,29.97,64.85,17,5,11.3,0.0,5.95,164.74,186.9
2025-04-25 22:00:00,28.64,75.66,1,4,4.8,0.0,5.69,194.48,133.75
2025-04-25 23:00:00,32.39,67.05,0,2,6.6,0.0,5.65,158.17,157.0
2025-04-26 00:00:00,31.57,77.62,18,4,12.0,3.54,6.4,151.99,212.57
2025-04-26 01:00:00,27.02,82.22,2,4,4.6,0.0,6.6,182.3,176.84
2025-04-26 02:00:00,30.24,66.33,4,6,6.2,0.91,6.81,184.78,159.52
2025-04-26 03:00:00,25.39,74.37,26,8,12.0,0.0,7.43,146.79,225.75
2025-04-26 04:00:00,26.63,74.24,0,1,5.3,3.56,7.67,169.58,132.31
2025-04-26 05:00:00,27.22,76.88,0,2,4.7,0.0,7.5,163.79,151.95
2025-04-26 06:00:00,24.45,74.58,6,1,9.4,0.0,7.51,189.96,174.42
2025-04-26 07:00:00,25.27,75.24,8,3,10.6,4.96,7.24,145.38,191.93
2025-04-26 08:00:00,22.71,74.0,48,6,12.0,7.52,7.25,193.5,235.24
2025-04-26 09:00:00,23.65,75.86,46,7,12.0,12.31,7.22,230.64,216.25
2025-04-26 10:00:00,24.02,83.87,67,11,12.0,11.82,6.95,284.06,278.38
2025-04-26 11:00:00,23.31,79.81,57,9,12.0,13.74,6.91,211.43,235.41
2025-04-26 12:00:00,25.56,78.62,60,6,12.0,10.99,6.52,238.71,237.58
2025-04-26 13:00:00,23.09,80.5,54,11,12.0,15.19,6.12,239.11,242.86
2025-04-26 14:00:00,26.77,71.78,57,7,12.0,12.25,6.19,254.19,228.39
2025-04-26 15:00:00,28.32,74.01,62,8,12.0,9.65,5.85,264.49,256.85
2025-04-26 16:00:00,29.36,63.45,47,6,12.0,6.54,6.32,234.87,235.09
2025-04-26 17:00:00,30.22,79.32,57,8,12.0,3.06,5.58,250.5,262.36
2025-04-26 18:00:00,31.31,50.2,61,8,12.0,1.7,6.7,294.17,274.22
2025-04-26 19:00:00,33.06,67.85,67,9,12.0,0.0,6.3,254.63,272.6
2025-04-26 20:00:00,34.19,75.66,26,1,12.0,1.49,5.41,166.31,178.03
2025-04-26 21:00:00,30.24,60.89,11,4,5.6,0.0,6.37,188.93,155.56
2025-04-26 22:00:00,28.46,74.48,19,5,12.0,0.0,6.06,130.77,216.03
2025-04-26 23:00:00,28.22,67.08,0,5,10.4,2.82,6.49,149.68,186.83
2025-04-27 00:00:00,28.78,68.87,22,5,12.0,0.0,7.05,211.79,221.38
2025-04-27 01:00:00,28.16,78.51,4,2,5.1,0.21,6.44,186.41,151.04
2025-04-27 02:00:00,26.08,74.73,8,1,5.2,0.0,6.74,155.44,178.6
2025-04-27 03:00:00,23.72,60.75,14,4,7.7,0.69,7.33,220.92,177.05
2025-04-27 04:00:00,24.86,67.36,9,4,7.0,0.1,7.06,127.93,179.4
2025-04-27 05:00:00,25.63,80.49,12,3,11.6,2.09,6.49,160.99,194.81
2025-04-27 06:00:00,26.02,76.53,23,5,12.0,0.0,7.64,179.95,227.41
2025-04-27 07:00:00,22.74,87.92,7,6,6.0,4.97,7.4,195.1,181.01
2025-04-27 08:00:00,22.97,87.3,46,7,12.0,6.9,7.18,242.01,252.79
2025-04-27 09:00:00,21.82,73.93,70,8,12.0,6.83,7.11,220.78,265.31
2025-04-27 10:00:00,24.46,92.0,59,10,12.0,11.06,7.68,277.84,259.18
2025-04-27 11:00:00,23.05,75.64,70,11,12.0,10.32,7.06,233.16,268.15
2025-04-27 12:00:00,27.43,65.66,62,7,12.0,10.65,6.2,242.72,234.74
2025-04-27 13:00:00,22.5,71.41,44,8,12.0,12.65,6.34,243.42,185.03
2025-04-27 14:00:00,27.1,56.83,60,8,12.0,14.5,6.52,223.81,254.04
2025-04-27 15:00:00,29.79,82.0,47,8,12.0,10.52,6.34,259.47,231.55
2025-04-27 16:00:00,30.46,81.44,55,11,12.0,9.6,5.28,233.49,262.65
2025-04-27 17:00:00,37.56,58.2,54,8,12.0,3.78,5.55,267.91,262.66
2025-04-27 18:00:00,32.34,67.37,42,9,12.0,3.1,5.3,269.38,238.12
2025-04-27 19:00:00,29.35,71.72,48,6,12.0,2.89,5.95,275.44,241.19
2025-04-27 20:00:00,31.76,62.64,28,3,12.0,0.0,5.49,178.83,211.57
2025-04-27 21:00:00,27.42,60.12,12,6,10.0,0.14,6.48,156.47,170.63
2025-04-27 22:00:00,31.26,68.24,9,4,9.3,0.0,6.55,217.42,197.16
2025-04-27 23:00:00,28.75,69.23,25,6,10.6,0.0,6.21,185.87,216.25
2025-04-28 00:00:00,32.29,66.28,7,5,8.1,3.32,6.06,223.89,163.45
2025-04-28 01:00:00,27.66,73.8,9,2,7.5,0.0,6.43,152.45,155.08
2025-04-28 02:00:00,27.71,82.21,18,5,9.5,0.0,7.06,179.18,179.2
2025-04-28 03:00:00,25.38,71.72,7,4,8.9,0.0,7.36,183.08,180.09
2025-04-28 04:00:00,30.35,71.55,4,1,6.8,0.0,7.18,172.68,160.33
2025-04-28 05:00:00,24.37,79.63,0,4,9.7,7.49,6.37,197.74,127.58
2025-04-28 06:00:00,29.12,75.1,3,4,7.0,2.95,7.54,228.52,164.0
2025-04-28 07:00:00,26.17,68.98,2,1,5.1,0.0,6.57,183.52,143.85
2025-04-28 08:00:00,25.21,74.63,56,9,12.0,6.93,6.45,255.8,253.09
2025-04-28 09:00:00,25.06,77.89,50,8,12.0,8.64,7.42,268.61,221.81
2025-04-28 10:00:00,25.52,65.84,70,13,12.0,14.1,6.48,257.25,276.09
2025-04-28 11:00:00,20.35,86.2,47,6,12.0,11.16,6.79,264.89,232.5
2025-04-28 12:00:00,25.3,83.91,66,15,12.0,11.93,6.53,237.1,279.42
2025-04-28 13:00:00,29.08,66.19,57,9,12.0,12.38,6.01,192.41,250.71
2025-04-28 14:00:00,27.88,73.44,61,10,12.0,10.74,6.17,253.01,269.97
2025-04-28 15:00:00,25.52,78.23,61,11,12.0,11.2,5.74,226.49,247.3
2025-04-28 16:00:00,29.87,66.87,37,6,12.0,6.33,5.82,266.6,207.25
2025-04-28 17:00:00,35.09,70.41,55,8,12.0,5.63,5.59,258.49,251.57
2025-04-28 18:00:00,34.58,68.54,53,8,12.0,0.0,5.52,239.68,237.84
2025-04-28 19:00:00,31.71,59.13,46,6,12.0,1.73,5.5,236.18,216.43
2025-04-28 20:00:00,34.38,70.75,14,4,9.8,0.0,5.49,210.13,156.56
2025-04-28 21:00:00,30.95,62.24,24,5,12.0,1.23,6.23,170.57,224.35
2025-04-28 22:00:00,27.2,79.13,0,1,6.8,0.0,5.94,195.68,148.96
2025-04-28 23:00:00,28.52,66.94,6,2,8.5,1.78,5.9,217.42,143.32
2025-04-29 00:00:00,33.91,66.74,0,3,6.0,0.0,6.36,165.05,172.24
2025-04-29 01:00:00,28.35,81.36,11,2,7.9,0.0,6.52,152.53,158.78
2025-04-29 02:00:00,27.39,75.9,7,2,9.7,2.34,6.76,176.45,166.03
2025-04-29 03:00:00,26.22,65.69,5,4,3.3,0.0,7.32,186.41,160.21
2025-04-29 04:00:00,30.76,62.96,16,4,11.5,0.0,6.97,159.14,192.05
2025-04-29 05:00:00,29.24,66.94,23,3,12.0,0.0,7.14,129.06,192.71
2025-04-29 06:00:00,30.08,73.3,31,6,12.0,0.77,7.53,157.14,241.12
2025-04-29 07:00:00,23.74,77.49,4,3,5.0,2.0,7.43,152.83,156.57
2025-04-29 08:00:00,24.74,68.38,40,8,12.0,9.32,6.95,255.37,245.76
2025-04-29 09:00:00,20.34,69.19,59,8,12.0,12.07,7.4,211.69,226.84
2025-04-29 10:00:00,28.23,73.81,68,9,12.0,13.46,7.22,271.03,259.31
2025-04-29 11:00:00,22.25,74.75,62,8,12.0,15.58,7.0,228.9,238.7
2025-04-29 12:00:00,26.54,88.12,68,9,12.0,12.97,6.61,287.97,271.99
2025-04-29 13:00:00,24.22,74.9,53,9,12.0,16.5,6.23,263.33,218.8
2025-04-29 14:00:00,26.53,85.73,50,9,12.0,14.28,5.72,272.63,235.39
2025-04-29 15:00:00,26.94,64.55,56,10,12.0,9.64,5.45,252.78,243.95
2025-04-29 16:00:00,28.48,60.65,52,8,12.0,3.75,5.78,213.49,251.38
2025-04-29 17:00:00,29.48,63.12,60,7,12.0,0.0,5.73,246.06,250.87
2025-04-29 18:00:00,30.09,78.86,63,11,12.0,1.98,5.61,237.48,242.86
2025-04-29 19:00:00,33.95,80.13,63,10,12.0,0.0,5.69,215.99,257.41
2025-04-29 20:00:00,29.24,65.66,14,4,6.7,0.0,6.28,163.47,155.9
2025-04-29 21:00:00,32.42,65.69,12,2,9.3,0.95,6.5,234.83,163.5
2025-04-29 22:00:00,34.51,59.26,16,4,12.0,0.0,5.71,160.04,206.14
2025-04-29 23:00:00,29.55,58.24,0,1,4.8,4.87,6.39,145.81,131.95
2025-04-30 00:00:00,28.21,76.89,12,4,12.0,0.47,6.52,174.17,182.67
2025-04-30 01:00:00,28.46,73.24,10,3,11.2,2.96,6.94,156.56,172.53
2025-04-30 02:00:00,30.95,70.01,12,3,8.8,2.09,7.51,166.33,187.37
2025-04-30 03:00:00,27.45,62.58,9,1,7.4,0.0,7.83,165.54,155.59
2025-04-30 04:00:00,24.67,85.81,13,5,8.9,1.49,7.44,196.82,182.43
2025-04-30 05:00:00,26.38,69.61,5,2,7.0,0.0,7.29,195.47,159.81
2025-04-30 06:00:00,21.78,80.09,19,4,9.3,0.0,7.17,236.9,184.26
2025-04-30 07:00:00,25.84,63.33,14,3,7.2,3.57,8.14,166.25,167.9
2025-04-30 08:00:00,25.02,72.75,56,6,12.0,9.11,6.92,248.12,223.08
2025-04-30 09:00:00,23.37,77.28,49,7,12.0,13.19,7.35,227.84,239.2
2025-04-30 10:00:00,22.44,78.18,62,9,12.0,9.74,6.81,263.8,249.09
2025-04-30 11:00:00,22.95,76.61,57,9,12.0,13.68,6.24,235.52,251.57
2025-04-30 12:00:00,27.34,75.93,49,7,12.0,16.8,7.1,268.32,230.82
2025-04-30 13:00:00,30.04,62.66,55,8,12.0,13.11,5.68,216.96,243.24
2025-04-30 14:00:00,26.41,74.5,60,7,12.0,12.53,5.35,230.34,246.1
2025-04-30 15:00:00,30.18,71.27,59,9,12.0,10.33,6.18,244.54,278.48
2025-04-30 16:00:00,24.78,75.87,59,8,12.0,11.23,5.7,241.21,247.24
2025-04-30 17:00:00,29.37,71.55,56,11,12.0,5.12,5.88,248.48,262.31
2025-04-30 18:00:00,31.39,60.72,63,10,12.0,4.14,5.7,233.02,262.42
2025-04-30 19:00:00,29.59,61.66,65,11,12.0,3.49,5.94,256.12,278.84
2025-04-30 20:00:00,29.66,55.34,16,4,6.1,0.0,5.7,154.83,157.82
2025-04-30 21:00:00,30.19,76.19,5,3,7.2,0.6,6.25,169.36,163.97
2025-04-30 22:00:00,32.19,74.86,2,1,3.3,4.1,6.43,207.57,155.33
2025-04-30 23:00:00,30.36,76.25,6,1,6.9,0.0,6.84,128.06,167.32
2025-05-01 00:00:00,24.4,76.66,26,5,12.0,1.52,6.94,180.73,196.25
2025-05-01 01:00:00,23.73,60.05,12,4,7.1,1.54,6.67,179.69,169.78
2025-05-01 02:00:00,26.48,65.88,27,2,12.0,0.0,7.14,181.92,191.18
2025-05-01 03:00:00,28.11,73.12,9,2,7.6,0.0,7.21,166.28,160.07
2025-05-01 04:00:00,19.13,79.16,8,6,7.9,0.0,7.34,184.53,188.31
2025-05-01 05:00:00,23.92,73.3,9,4,9.3,1.4,6.81,153.33,167.8
2025-05-01 06:00:00,23.22,77.93,9,5,8.7,2.95,7.56,179.08,170.41
2025-05-01 07:00:00,27.61,72.36,4,2,6.7,5.1,7.49,172.06,153.43
2025-05-01 08:00:00,23.04,76.32,46,7,12.0,4.48,7.83,226.77,225.54
2025-05-01 09:00:00,25.09,69.56,59,11,12.0,12.91,7.47,241.35,249.57
2025-05-01 10:00:00,24.89,81.05,63,10,12.0,14.51,6.95,249.67,235.4
2025-05-01 11:00:00,19.85,74.69,70,10,12.0,13.03,6.67,251.05,235.59
2025-05-01 12:00:00,27.92,62.74,52,6,12.0,12.69,6.15,226.92,223.44
2025-05-01 13:00:00,27.5,66.95,52,10,12.0,11.71,6.93,245.18,246.98
2025-05-01 14:00:00,29.27,68.67,49,12,12.0,14.27,5.73,254.19,221.22
2025-05-01 15:00:00,38.85,71.36,64,7,12.0,6.14,5.28,278.33,264.41
2025-05-01 16:00:00,24.79,73.95,62,12,12.0,9.2,6.12,248.55,268.61
2025-05-01 17:00:00,35.14,65.7,48,7,12.0,2.72,5.76,267.44,231.79
2025-05-01 18:00:00,30.75,61.34,48,7,12.0,0.57,5.79,259.82,219.32
2025-05-01 19:00:00,32.58,74.29,63,10,12.0,0.0,5.79,280.9,266.08
2025-05-01 20:00:00,31.89,64.72,13,2,6.7,0.0,5.44,161.82,167.12
2025-05-01 21:00:00,30.8,69.34,16,4,10.0,0.0,6.06,160.3,173.67
2025-05-01 22:00:00,30.04,80.93,3,1,8.7,0.0,5.99,148.84,163.14
2025-05-01 23:00:00,31.65,73.0,0,3,1.9,1.52,6.13,166.19,150.29
2025-05-02 00:00:00,26.21,61.86,3,6,10.6,0.61,7.0,200.53,192.45
2025-05-02 01:00:00,30.91,57.58,16,3,11.0,3.87,6.98,162.44,163.72
2025-05-02 02:00:00,26.96,72.28,27,5,12.0,1.03,6.09,192.39,187.61
2025-05-02 03:00:00,24.14,66.21,7,3,8.2,0.0,7.14,159.14,159.02
2025-05-02 04:00:00,24.87,78.73,28,7,12.0,2.45,7.57,187.19,199.91
2025-05-02 05:00:00,28.31,72.08,17,5,9.3,0.0,6.84,169.31,214.35
2025-05-02 06:00:00,23.2,76.52,0,3,3.6,0.0,7.0,161.93,150.51
2025-05-02 07:00:00,25.03,69.13,12,3,9.7,3.63,7.62,159.39,171.2
2025-05-02 08:00:00,22.17,88.27,62,10,12.0,10.24,7.03,221.09,276.72
2025-05-02 09:00:00,26.03,93.28,36,1,12.0,12.0,6.37,251.39,197.54
2025-05-02 10:00:00,26.25,71.28,60,10,12.0,14.16,7.32,238.91,252.23
2025-05-02 11:00:00,29.79,73.22,64,8,12.0,17.44,6.65,242.9,242.45
2025-05-02 12:00:00,25.56,74.39,58,8,12.0,15.99,6.63,223.27,243.13
2025-05-02 13:00:00,28.64,69.74,55,10,12.0,11.07,6.28,239.67,252.73
2025-05-02 14:00:00,28.25,66.0,54,6,12.0,13.2,6.49,213.27,233.76
2025-05-02 15:00:00,32.27,61.41,53,10,12.0,13.15,5.55,270.78,251.54
2025-05-02 16:00:00,28.2,63.91,46,7,12.0,3.96,6.04,265.81,240.73
2025-05-02 17:00:00,32.69,71.55,49,10,12.0,3.59,6.19,229.9,236.99
2025-05-02 18:00:00,30.98,66.28,52,7,12.0,0.0,5.23,213.68,263.13
2025-05-02 19:00:00,31.7,51.36,56,6,12.0,0.26,5.47,264.16,259.17
2025-05-02 20:00:00,32.23,72.15,6,3,8.7,2.27,6.38,175.84,182.33
2025-05-02 21:00:00,32.49,68.59,3,3,9.0,2.69,6.31,173.83,156.84
2025-05-02 22:00:00,31.17,79.21,16,5,12.0,0.0,5.81,159.1,182.46
2025-05-02 23:00:00,31.37,72.26,13,2,7.3,1.32,5.87,155.53,168.12
2025-05-03 00:00:00,33.95,57.49,6,1,9.4,0.0,6.6,179.99,174.61
2025-05-03 01:00:00,31.5,53.94,14,3,12.0,0.0,6.82,163.67,202.33
2025-05-03 02:00:00,30.17,65.44,6,3,6.0,2.24,6.88,185.83,167.26
2025-05-03 03:00:00,25.83,69.15,11,4,7.1,0.0,7.88,157.64,191.76
2025-05-03 04:00:00,23.78,81.56,18,7,11.3,0.0,7.42,192.72,203.22
2025-05-03 05:00:00,27.56,72.25,5,2,7.1,1.35,6.98,213.62,168.11
2025-05-03 06:00:00,26.73,80.83,1,1,4.6,0.44,7.67,148.51,164.84
2025-05-03 07:00:00,27.82,62.85,9,5,5.8,0.0,7.29,166.42,184.1
2025-05-03 08:00:00,22.49,82.61,44,8,12.0,8.05,6.96,274.71,226.52
2025-05-03 09:00:00,23.56,80.15,53,9,12.0,8.18,7.38,187.85,240.05
2025-05-03 10:00:00,20.44,63.17,53,10,12.0,12.37,7.42,263.11,254.77
2025-05-03 11:00:00,24.19,83.93,35,8,12.0,12.27,6.78,225.32,223.28
2025-05-03 12:00:00,28.49,72.31,59,9,12.0,12.62,6.16,242.39,269.75
2025-05-03 13:00:00,25.8,76.29,54,10,12.0,9.92,6.33,251.9,261.08
2025-05-03 14:00:00,29.6,64.82,64,11,12.0,11.41,5.77,230.91,260.68
2025-05-03 15:00:00,28.56,80.54,57,8,12.0,12.37,6.01,250.35,254.18
2025-05-03 16:00:00,30.81,61.73,61,9,12.0,6.15,6.07,243.91,261.18
2025-05-03 17:00:00,27.96,77.85,65,11,12.0,2.87,5.04,230.7,264.85
2025-05-03 18:00:00,31.68,75.17,54,7,12.0,0.0,5.95,254.25,279.65
2025-05-03 19:00:00,24.39,67.71,55,10,12.0,0.0,5.6,256.5,274.76
2025-05-03 20:00:00,31.53,83.41,0,2,5.4,0.0,5.61,168.73,156.92
2025-05-03 21:00:00,27.79,73.77,20,5,12.0,0.44,5.47,152.46,181.51
2025-05-03 22:00:00,34.48,72.04,9,5,9.5,4.92,5.72,179.76,176.64
2025-05-03 23:00:00,32.77,57.97,2,3,10.4,1.95,6.91,168.58,164.32
2025-05-04 00:00:00,31.17,84.61,16,4,12.0,1.24,6.8,181.07,207.99
2025-05-04 01:00:00,32.84,60.04,0,2,5.6,3.98,7.16,203.82,162.83
2025-05-04 02:00:00,25.63,80.83,7,3,5.0,0.94,6.6,168.98,159.32
2025-05-04 03:00:00,31.33,62.7,17,5,11.3,2.15,7.7,188.13,231.41
2025-05-04 04:00:00,28.33,67.44,6,5,8.6,0.43,7.17,200.17,179.26
2025-05-04 05:00:00,24.58,79.92,4,2,6.2,0.9,7.0,165.18,183.16
2025-05-04 06:00:00,27.37,79.63,7,2,6.4,0.0,6.92,164.2,184.59
2025-05-04 07:00:00,21.37,67.74,0,4,6.1,3.0,6.91,181.88,161.89
2025-05-04 08:00:00,21.94,83.88,61,8,12.0,5.88,6.93,228.13,247.63
2025-05-04 09:00:00,22.61,83.08,54,9,12.0,8.67,6.75,243.15,268.1
2025-05-04 10:00:00,23.21,68.78,53,7,12.0,10.78,7.22,261.17,260.59
2025-05-04 11:00:00,22.53,87.02,53,6,12.0,16.38,7.62,224.66,231.01
2025-05-04 12:00:00,29.06,61.06,55,9,12.0,13.26,6.41,271.36,262.74
2025-05-04 13:00:00,26.32,68.8,60,11,12.0,13.23,6.21,266.87,256.52
2025-05-04 14:00:00,28.88,74.74,55,9,12.0,16.65,5.45,264.28,257.72
2025-05-04 15:00:00,27.61,66.3,44,5,12.0,11.45,5.61,252.38,199.58
2025-05-04 16:00:00,25.45,75.63,60,9,12.0,7.02,5.24,255.97,257.26
2025-05-04 17:00:00,31.5,71.24,59,8,12.0,5.74,6.01,262.45,222.16
2025-05-04 18:00:00,26.68,71.61,57,5,12.0,0.0,6.38,275.51,222.12
2025-05-04 19:00:00,31.69,75.24,64,10,12.0,0.0,5.35,275.35,257.84
2025-05-04 20:00:00,28.58,70.0,10,4,6.5,0.0,5.74,159.36,165.27
2025-05-04 21:00:00,36.83,67.44,19,6,11.5,0.5,5.85,179.48,198.17
2025-05-04 22:00:00,33.74,76.01,21,7,12.0,0.93,6.34,174.81,203.83
2025-05-04 23:00:00,31.09,75.37,15,5,12.0,0.0,6.33,151.07,195.25
2025-05-05 00:00:00,33.16,73.89,4,4,4.4,0.81,7.24,205.14,165.08
2025-05-05 01:00:00,26.92,64.71,9,1,8.3,1.21,6.44,178.52,143.42
2025-05-05 02:00:00,29.36,74.72,20,7,11.4,0.0,7.21,164.93,194.18
2025-05-05 03:00:00,27.46,66.23,0,4,5.3,0.0,6.86,238.07,148.03
2025-05-05 04:00:00,26.66,63.97,7,2,9.3,0.0,6.63,181.69,178.48
2025-05-05 05:00:00,28.35,71.25,7,4,7.2,0.0,7.77,187.8,208.9
2025-05-05 06:00:00,26.37,66.81,3,3,4.6,0.0,7.96,182.87,177.61
2025-05-05 07:00:00,24.86,79.73,17,6,12.0,5.06,7.42,157.83,192.31
2025-05-05 08:00:00,19.86,83.4,58,9,12.0,8.05,6.97,255.06,251.58
2025-05-05 09:00:00,21.74,63.07,49,7,12.0,13.75,6.67,262.64,221.31
2025-05-05 10:00:00,24.23,68.84,60,8,12.0,12.2,7.1,263.04,242.9
2025-05-05 11:00:00,25.41,63.6,54,10,12.0,13.63,5.96,239.92,241.34
2025-05-05 12:00:00,23.17,72.14,48,5,12.0,14.67,6.81,267.57,213.2
2025-05-05 13:00:00,32.99,71.69,49,3,12.0,11.39,6.15,255.23,198.44
2025-05-05 14:00:00,31.79,67.65,58,10,12.0,13.93,5.95,264.11,242.57
2025-05-05 15:00:00,30.54,66.09,63,10,12.0,10.66,5.56,200.66,253.74
2025-05-05 16:00:00,30.18,79.58,51,8,12.0,5.11,5.3,256.59,264.34
2025-05-05 17:00:00,30.3,54.26,59,7,12.0,4.37,5.71,225.86,247.63
2025-05-05 18:00:00,29.08,79.9,68,8,12.0,1.52,5.77,217.72,271.71
2025-05-05 19:00:00,32.06,65.35,45,6,12.0,0.0,5.7,250.64,225.59
2025-05-05 20:00:00,32.64,68.2,13,4,8.4,2.11,6.19,164.1,190.85
2025-05-05 21:00:00,28.76,67.78,17,3,11.2,0.0,5.96,194.9,179.73
2025-05-05 22:00:00,32.3,79.79,9,4,7.5,0.0,6.35,196.55,182.72
2025-05-05 23:00:00,30.44,61.67,20,3,11.2,1.94,5.78,195.41,185.68
2025-05-06 00:00:00,25.23,74.02,28,5,12.0,2.69,6.35,162.37,204.85
2025-05-06 01:00:00,26.88,76.47,13,5,7.1,0.0,7.23,138.66,173.77
2025-05-06 02:00:00,26.97,61.45,8,2,6.5,0.0,7.24,194.1,182.87
2025-05-06 03:00:00,31.68,62.98,18,4,12.0,2.66,7.18,143.29,193.55
2025-05-06 04:00:00,27.39,71.39,17,3,10.1,0.0,7.06,184.28,176.18
2025-05-06 05:00:00,21.83,70.11,0,1,5.3,2.69,6.95,217.8,139.53
2025-05-06 06:00:00,25.75,67.87,10,4,10.7,0.0,7.11,181.12,204.27
2025-05-06 07:00:00,20.27,74.96,7,4,8.6,6.43,7.5,190.17,152.09
2025-05-06 08:00:00,26.71,77.45,58,9,12.0,9.15,6.5,253.63,253.17
2025-05-06 09:00:00,22.96,73.13,53,7,12.0,10.98,7.69,217.96,237.73
2025-05-06 10:00:00,24.3,82.14,54,8,12.0,8.12,7.33,246.23,227.2
2025-05-06 11:00:00,28.49,64.68,48,10,12.0,12.8,7.13,244.95,225.06
2025-05-06 12:00:00,22.78,66.89,61,7,12.0,16.02,6.72,217.13,244.49
2025-05-06 13:00:00,23.47,88.65,68,13,12.0,10.15,6.33,196.6,269.47
2025-05-06 14:00:00,26.54,68.42,48,8,12.0,11.08,6.23,246.11,211.61
2025-05-06 15:00:00,31.63,60.28,44,7,12.0,10.69,5.81,256.2,217.09
2025-05-06 16:00:00,26.2,61.06,55,10,12.0,4.68,6.55,265.66,236.14
2025-05-06 17:00:00,23.75,82.5,55,5,12.0,6.22,5.68,248.08,217.99
2025-05-06 18:00:00,30.34,67.98,64,12,12.0,2.21,5.53,266.35,270.52
2025-05-06 19:00:00,33.24,66.55,45,10,12.0,0.48,5.63,227.67,217.89
2025-05-06 20:00:00,35.0,65.99,6,4,11.1,0.87,5.55,189.45,189.49
2025-05-06 21:00:00,30.71,77.2,0,1,5.0,0.0,6.22,173.31,141.04
2025-05-06 22:00:00,30.44,69.04,21,6,12.0,1.18,5.92,179.19,190.15
2025-05-06 23:00:00,33.71,84.41,12,6,7.1,0.0,6.25,187.84,198.61
2025-05-07 00:00:00,25.33,74.81,6,5,5.8,0.0,6.97,202.44,150.14
2025-05-07 01:00:00,28.06,79.39,0,1,0.3,0.0,7.08,170.91,132.63
2025-05-07 02:00:00,28.48,77.3,0,4,5.7,2.87,6.54,172.47,142.45
2025-05-07 03:00:00,28.09,71.68,13,6,7.8,2.41,7.48,199.01,197.12
2025-05-07 04:00:00,24.73,70.18,1,2,6.5,0.0,6.7,170.67,165.31
2025-05-07 05:00:00,25.26,76.24,11,1,7.8,2.68,6.75,139.83,167.04
2025-05-07 06:00:00,18.32,82.35,26,6,12.0,0.0,7.19,201.92,199.02
2025-05-07 07:00:00,22.49,71.85,7,4,11.0,7.33,7.38,153.42,152.08
2025-05-07 08:00:00,25.13,75.17,47,7,12.0,10.14,7.11,254.41,226.19
2025-05-07 09:00:00,21.68,85.08,58,7,12.0,14.29,7.22,236.71,238.79
2025-05-07 10:00:00,24.68,88.81,45,9,12.0,12.71,6.77,228.59,224.66
2025-05-07 11:00:00,26.29,79.18,69,9,12.0,12.96,5.99,225.16,253.56
2025-05-07 12:00:00,25.14,87.04,66,11,12.0,13.39,6.43,237.63,247.05
2025-05-07 13:00:00,27.39,68.02,54,11,12.0,14.27,5.76,275.5,233.59
2025-05-07 14:00:00,25.59,78.6,48,5,12.0,10.1,6.1,219.21,195.5
2025-05-07 15:00:00,28.52,81.01,52,10,12.0,5.08,5.5,212.69,247.04
2025-05-07 16:00:00,31.53,63.26,53,8,12.0,6.2,5.99,228.4,239.9
2025-05-07 17:00:00,31.22,66.35,58,9,12.0,3.71,6.2,224.25,252.3
2025-05-07 18:00:00,30.0,82.77,63,10,12.0,1.11,5.09,265.16,256.08
2025-05-07 19:00:00,32.42,62.08,47,6,12.0,0.79,5.01,224.36,220.12
2025-05-07 20:00:00,33.79,58.56,18,2,12.0,0.28,5.7,195.31,177.06
2025-05-07 21:00:00,26.74,83.58,15,1,10.1,2.34,6.33,140.25,156.18
2025-05-07 22:00:00,34.36,75.92,6,5,8.3,0.0,6.15,189.27,178.84
2025-05-07 23:00:00,29.99,73.63,1,2,2.6,0.0,6.14,193.64,164.14
2025-05-08 00:00:00,31.06,69.54,11,4,8.8,4.22,6.12,150.47,171.93
2025-05-08 01:00:00,32.03,66.11,2,2,8.0,0.0,6.96,135.08,155.85
2025-05-08 02:00:00,24.57,76.37,18,2,12.0,2.24,7.44,144.26,177.63
2025-05-08 03:00:00,25.19,85.02,1,3,5.7,1.13,6.41,200.18,146.84
2025-05-08 04:00:00,25.28,75.57,14,4,9.7,0.0,7.3,170.61,178.37
2025-05-08 05:00:00,23.21,90.52,9,3,10.9,1.79,8.16,166.8,169.28
2025-05-08 06:00:00,28.87,65.1,6,3,6.9,1.44,7.09,213.12,177.25
2025-05-08 07:00:00,21.99,76.07,9,2,10.4,0.7,7.21,154.32,174.36
2025-05-08 08:00:00,22.61,73.16,64,11,12.0,5.05,7.18,228.18,279.18
2025-05-08 09:00:00,24.65,66.75,45,9,12.0,8.94,6.92,240.74,247.64
2025-05-08 10:00:00,21.53,75.46,52,9,12.0,7.88,7.28,226.68,234.59
2025-05-08 11:00:00,24.18,77.59,49,7,12.0,13.51,7.34,255.56,206.72
2025-05-08 12:00:00,26.79,76.51,55,9,12.0,15.28,5.9,252.28,261.31
2025-05-08 13:00:00,26.13,88.5,50,10,12.0,15.85,5.97,221.06,206.04
2025-05-08 14:00:00,27.77,75.41,41,9,12.0,12.28,6.54,194.28,217.9
2025-05-08 15:00:00,27.71,80.25,47,11,12.0,8.4,6.14,238.8,221.31
2025-05-08 16:00:00,26.21,73.71,68,9,12.0,7.45,5.96,246.72,257.71
2025-05-08 17:00:00,31.63,81.2,57,8,12.0,3.47,5.97,245.25,236.76
2025-05-08 18:00:00,35.85,83.29,57,9,12.0,1.57,5.73,252.13,273.88
2025-05-08 19:00:00,31.91,72.98,53,9,12.0,0.0,5.9,216.79,252.27
2025-05-08 20:00:00,32.56,61.86,10,3,5.8,1.78,5.69,171.0,177.11
2025-05-08 21:00:00,33.6,64.24,7,2,7.4,0.0,5.85,154.66,161.16
2025-05-08 22:00:00,28.29,73.77,14,6,9.0,2.58,6.07,168.36,193.01
2025-05-08 23:00:00,35.08,70.24,11,3,7.6,0.36,6.15,171.77,163.38
2025-05-09 00:00:00,30.51,75.13,1,1,5.4,0.0,6.66,174.04,160.2
2025-05-09 01:00:00,33.11,71.64,12,2,11.0,0.0,6.81,152.04,181.97
2025-05-09 02:00:00,26.17,73.33,0,2,5.1,1.45,6.25,180.49,147.26
2025-05-09 03:00:00,31.51,65.09,13,8,12.0,0.0,6.99,148.46,221.29
2025-05-09 04:00:00,27.94,74.85,0,1,8.1,0.0,7.2,173.66,161.04
2025-05-09 05:00:00,26.55,86.0,9,3,11.2,2.14,7.81,172.81,171.35
2025-05-09 06:00:00,25.12,81.15,0,6,4.9,1.03,7.2,176.19,159.24
2025-05-09 07:00:00,23.51,78.88,10,2,7.5,1.32,7.31,180.03,151.66
2025-05-09 08:00:00,27.0,79.91,60,10,12.0,7.62,7.17,276.75,274.07
2025-05-09 09:00:00,24.49,71.86,67,13,12.0,7.22,7.53,240.88,276.24
2025-05-09 10:00:00,19.62,74.31,43,6,12.0,12.5,6.48,239.47,201.38
2025-05-09 11:00:00,22.38,70.7,63,9,12.0,16.28,6.43,205.57,244.4
2025-05-09 12:00:00,25.54,72.85,56,8,12.0,14.15,6.2,261.19,231.47
2025-05-09 13:00:00,27.74,69.23,51,6,12.0,11.26,6.3,207.37,238.59
2025-05-09 14:00:00,27.86,80.56,61,12,12.0,11.74,5.58,212.99,266.68
2025-05-09 15:00:00,32.08,65.81,53,7,12.0,10.29,6.45,219.85,244.17
2025-05-09 16:00:00,25.12,68.4,61,8,12.0,9.18,5.95,255.04,231.27
2025-05-09 17:00:00,31.19,83.37,47,7,12.0,5.79,5.93,234.79,237.78
2025-05-09 18:00:00,26.92,69.6,50,9,12.0,0.0,6.44,280.13,243.96
2025-05-09 19:00:00,33.76,69.04,63,10,12.0,0.0,5.61,248.39,253.13
2025-05-09 20:00:00,31.76,72.52,22,3,10.8,0.79,6.11,172.98,182.88
2025-05-09 21:00:00,32.91,60.6,10,4,8.6,0.0,6.14,168.15,170.76
2025-05-09 22:00:00,29.3,79.74,0,3,6.9,1.0,6.64,188.08,169.23
2025-05-09 23:00:00,34.03,72.24,8,3,6.0,0.0,6.53,163.7,164.13
2025-05-10 00:00:00,32.6,79.69,10,3,9.8,0.52,6.32,163.62,189.61
2025-05-10 01:00:00,30.49,65.5,8,4,7.9,2.05,6.86,185.36,193.69
2025-05-10 02:00:00,27.68,72.92,13,3,9.6,0.11,6.67,140.23,172.16
2025-05-10 03:00:00,28.41,71.99,6,5,6.4,0.35,6.9,217.71,182.19
2025-05-10 04:00:00,24.23,76.48,17,3,12.0,1.69,7.19,152.32,214.8
2025-05-10 05:00:00,27.31,62.3,1,1,6.7,0.0,7.21,175.52,139.28
2025-05-10 06:00:00,28.66,72.31,20,3,11.7,1.24,6.99,164.48,194.28
2025-05-10 07:00:00,26.81,62.85,22,4,12.0,3.56,6.48,156.69,203.82
2025-05-10 08:00:00,22.18,78.59,48,8,12.0,5.18,7.3,273.95,246.42
2025-05-10 09:00:00,25.04,59.17,48,6,12.0,11.7,7.19,275.08,231.46
2025-05-10 10:00:00,21.3,63.73,58,9,12.0,14.93,7.03,198.57,249.25
2025-05-10 11:00:00,26.6,78.71,46,8,12.0,15.84,7.37,236.79,247.94
2025-05-10 12:00:00,27.13,68.78,51,6,12.0,15.8,5.96,234.07,226.25
2025-05-10 13:00:00,22.29,69.08,64,9,12.0,14.54,6.84,233.74,245.44
2025-05-10 14:00:00,25.1,82.93,61,10,12.0,12.85,6.97,256.45,259.86
2025-05-10 15:00:00,28.33,74.06,70,9,12.0,9.71,6.55,250.74,288.6
2025-05-10 16:00:00,29.25,77.23,56,8,12.0,5.67,5.68,228.18,252.76
2025-05-10 17:00:00,27.8,70.97,50,10,12.0,0.0,5.89,239.0,259.75
2025-05-10 18:00:00,32.44,87.65,55,11,12.0,0.0,5.43,243.24,246.91
2025-05-10 19:00:00,32.49,64.62,54,9,12.0,0.03,5.49,258.79,252.51
2025-05-10 20:00:00,31.51,81.75,9,3,11.2,0.0,6.41,175.52,162.97
2025-05-10 21:00:00,29.97,70.19,10,2,7.5,0.83,6.18,174.57,163.71
2025-05-10 22:00:00,34.09,56.16,3,4,5.5,3.49,6.37,169.0,180.54
2025-05-10 23:00:00,34.97,70.5,12,5,12.0,0.0,5.9,166.4,183.08
2025-05-11 00:00:00,28.79,73.65,0,1,2.5,0.0,5.98,187.59,162.38
2025-05-11 01:00:00,27.5,64.99,4,4,8.0,4.37,7.08,191.83,166.54
2025-05-11 02:00:00,29.23,64.68,9,2,6.6,1.67,7.05,176.75,180.34
2025-05-11 03:00:00,26.07,73.18,0,1,3.4,0.0,6.96,178.44,159.1
2025-05-11 04:00:00,25.65,76.09,16,4,10.9,0.0,7.8,212.17,220.11
2025-05-11 05:00:00,27.02,55.39,0,3,6.4,1.17,7.48,138.07,169.13
2025-05-11 06:00:00,19.76,85.14,15,4,12.0,1.96,7.0,187.04,175.04
2025-05-11 07:00:00,27.43,68.94,0,2,7.2,1.08,6.59,202.48,172.29
2025-05-11 08:00:00,24.18,65.35,52,9,12.0,9.98,7.4,245.38,216.55
2025-05-11 09:00:00,23.11,82.01,59,10,12.0,10.7,6.9,234.89,247.26
2025-05-11 10:00:00,24.31,74.42,70,10,12.0,14.0,6.85,246.62,261.32
2025-05-11 11:00:00,25.08,82.56,56,10,12.0,15.57,6.63,238.52,223.93
2025-05-11 12:00:00,21.67,79.5,39,6,12.0,14.62,7.0,226.41,226.48
2025-05-11 13:00:00,30.7,70.1,63,11,12.0,14.41,6.59,243.06,282.54
2025-05-11 14:00:00,28.1,70.86,53,10,12.0,13.16,6.07,253.93,249.27
2025-05-11 15:00:00,30.14,73.88,56,10,12.0,9.19,5.89,290.22,264.66
2025-05-11 16:00:00,32.38,66.04,59,10,12.0,8.3,5.91,254.57,263.49
2025-05-11 17:00:00,28.28,65.84,37,7,12.0,3.1,6.19,262.8,228.14
2025-05-11 18:00:00,32.65,73.02,55,10,12.0,0.0,5.73,248.8,276.49
2025-05-11 19:00:00,31.19,68.75,52,5,12.0,3.13,5.53,256.19,215.21
2025-05-11 20:00:00,34.12,67.95,20,6,12.0,0.0,5.39,164.65,215.48
2025-05-11 21:00:00,26.55,80.64,16,7,11.1,0.83,5.9,173.82,205.5
2025-05-11 22:00:00,31.22,68.95,0,1,5.9,0.0,5.68,187.9,140.06
2025-05-11 23:00:00,29.32,71.18,20,3,10.0,0.0,6.41,184.27,185.97
2025-05-12 00:00:00,31.08,65.65,14,6,6.8,3.86,6.66,153.75,173.49
2025-05-12 01:00:00,30.21,73.47,0,1,6.5,0.0,7.12,175.89,155.58
2025-05-12 02:00:00,26.23,75.69,10,2,5.4,0.1,6.83,179.0,165.25
2025-05-12 03:00:00,25.18,80.28,18,4,9.8,0.0,7.43,162.23,191.33
2025-05-12 04:00:00,25.72,69.54,0,1,7.8,2.51,7.76,222.47,141.35
2025-05-12 05:00:00,22.93,72.34,21,6,12.0,0.0,7.3,168.55,218.15
2025-05-12 06:00:00,26.64,78.5,0,1,5.7,0.0,8.08,172.64,146.13
2025-05-12 07:00:00,23.21,77.12,4,3,7.6,0.0,7.78,170.57,169.13
2025-05-12 08:00:00,18.0,72.66,47,8,12.0,10.15,7.03,203.15,232.3
2025-05-12 09:00:00,23.2,84.51,66,12,12.0,7.24,8.1,241.42,255.53
2025-05-12 10:00:00,21.94,64.35,51,10,12.0,13.1,6.88,258.87,239.2
2025-05-12 11:00:00,21.09,82.32,46,7,12.0,15.39,7.2,224.18,230.1
2025-05-12 12:00:00,22.91,66.71,59,7,12.0,18.35,6.72,229.44,226.41
2025-05-12 13:00:00,27.24,85.73,60,10,12.0,12.42,6.4,279.67,262.13
2025-05-12 14:00:00,31.32,58.86,60,8,12.0,10.41,6.56,252.68,239.6
2025-05-12 15:00:00,29.82,78.79,53,8,12.0,9.04,5.99,263.52,249.63
2025-05-12 16:00:00,28.48,71.09,57,7,12.0,5.82,5.78,261.69,222.44
2025-05-12 17:00:00,31.97,66.66,50,9,12.0,0.0,5.71,228.4,244.33
2025-05-12 18:00:00,30.32,71.68,68,9,12.0,3.27,5.3,280.16,275.46
2025-05-12 19:00:00,30.13,74.93,64,10,12.0,0.0,6.1,214.04,278.89
2025-05-12 20:00:00,29.11,64.89,19,4,12.0,0.0,5.58,217.3,166.66
2025-05-12 21:00:00,27.48,66.65,16,4,10.2,1.25,6.01,209.23,171.0
2025-05-12 22:00:00,30.49,74.8,14,5,9.7,2.77,6.11,142.78,173.3
2025-05-12 23:00:00,31.22,57.79,0,2,6.9,0.0,6.51,182.63,164.78
2025-05-13 00:00:00,29.76,66.68,15,3,10.0,0.72,6.5,171.09,178.45
2025-05-13 01:00:00,28.0,93.29,11,1,4.7,0.0,6.61,158.5,161.11
2025-05-13 02:00:00,25.64,66.88,20,5,12.0,0.67,7.05,164.57,201.41
2025-05-13 03:00:00,28.49,79.69,16,4,8.6,0.58,7.18,187.43,173.91
2025-05-13 04:00:00,22.71,71.6,14,3,10.3,0.0,6.82,141.57,179.26
2025-05-13 05:00:00,27.11,76.19,0,2,2.4,0.47,7.23,222.04,135.89
2025-05-13 06:00:00,22.03,80.76,9,4,7.1,0.5,7.74,150.7,163.82
2025-05-13 07:00:00,22.26,83.92,6,4,6.2,3.46,8.13,174.24,157.62
2025-05-13 08:00:00,20.33,75.97,57,7,12.0,6.59,6.6,232.46,243.84
2025-05-13 09:00:00,22.88,89.5,52,8,12.0,7.17,7.36,257.44,232.13
2025-05-13 10:00:00,26.97,68.59,53,10,12.0,9.94,6.94,244.72,244.05
2025-05-13 11:00:00,26.46,74.72,59,11,12.0,12.29,6.5,226.91,259.65
2025-05-13 12:00:00,28.45,73.4,52,7,12.0,11.98,6.35,231.3,249.48
2025-05-13 13:00:00,28.27,63.96,56,11,12.0,12.38,5.96,265.62,253.47
2025-05-13 14:00:00,25.24,71.93,43,5,12.0,11.97,5.62,243.11,216.14
2025-05-13 15:00:00,28.21,72.98,48,9,12.0,10.08,6.07,241.18,204.87
2025-05-13 16:00:00,28.05,68.94,60,9,12.0,8.12,6.43,219.69,263.22
2025-05-13 17:00:00,34.15,84.78,45,10,12.0,3.94,5.85,241.25,234.55
2025-05-13 18:00:00,28.47,65.8,65,9,12.0,0.24,5.76,282.58,249.63
2025-05-13 19:00:00,34.1,75.99,63,9,12.0,1.07,5.51,274.47,287.42
2025-05-13 20:00:00,34.23,73.63,8,3,9.0,0.0,5.48,161.33,170.25
2025-05-13 21:00:00,36.44,66.0,34,4,12.0,0.0,5.94,164.92,206.76
2025-05-13 22:00:00,30.44,64.24,20,2,11.9,0.0,5.74,171.43,173.87
2025-05-13 23:00:00,32.61,63.4,2,3,10.6,0.0,6.69,166.8,151.2
2025-05-14 00:00:00,35.7,62.98,16,5,11.2,0.0,6.3,187.63,200.58
2025-05-14 01:00:00,27.49,59.86,11,4,4.4,1.15,6.41,159.2,159.7
2025-05-14 02:00:00,24.16,67.66,4,1,7.9,0.0,7.69,197.62,160.05
2025-05-14 03:00:00,22.26,65.64,1,3,6.5,3.62,7.52,181.7,168.2
2025-05-14 04:00:00,27.78,81.57,18,3,12.0,0.33,6.77,187.82,178.43
2025-05-14 05:00:00,20.46,81.6,5,3,7.9,0.0,6.96,127.09,165.31
2025-05-14 06:00:00,23.61,80.58,9,5,6.3,1.33,7.23,161.23,154.13
2025-05-14 07:00:00,25.23,78.06,3,3,7.8,3.69,7.22,158.7,165.68
2025-05-14 08:00:00,24.46,75.64,49,10,12.0,7.58,7.03,244.78,232.51
2025-05-14 09:00:00,25.2,84.18,54,8,12.0,8.9,7.53,243.21,230.15
2025-05-14 10:00:00,25.09,69.76,58,9,12.0,10.26,6.97,241.29,279.52
2025-05-14 11:00:00,28.37,72.49,34,6,12.0,10.6,6.69,253.91,236.26
2025-05-14 12:00:00,23.62,80.3,55,7,12.0,11.44,6.29,245.61,221.07
2025-05-14 13:00:00,25.27,64.66,49,7,12.0,10.79,5.92,258.92,243.42
2025-05-14 14:00:00,26.07,95.0,66,9,12.0,11.41,5.88,216.07,251.37
2025-05-14 15:00:00,31.11,70.02,70,10,12.0,9.8,5.63,212.88,248.94
2025-05-14 16:00:00,32.25,70.02,52,9,12.0,3.91,5.37,266.45,252.2
2025-05-14 17:00:00,31.96,78.03,41,5,12.0,5.43,6.1,231.16,226.97
2025-05-14 18:00:00,34.42,73.91,56,7,12.0,0.28,6.03,253.94,258.84
2025-05-14 19:00:00,28.92,71.62,53,10,12.0,4.85,5.6,293.43,222.64
2025-05-14 20:00:00,36.17,67.19,26,2,12.0,0.0,6.27,177.54,183.68
2025-05-14 21:00:00,35.67,56.1,23,6,12.0,4.47,6.14,199.74,214.84
2025-05-14 22:00:00,33.3,64.39,17,3,11.5,1.49,5.72,175.27,170.12
2025-05-14 23:00:00,35.28,70.52,5,3,9.3,0.0,5.78,145.63,184.29
2025-05-15 00:00:00,25.86,76.61,15,6,9.8,0.0,6.61,199.1,181.47
2025-05-15 01:00:00,27.72,80.74,12,3,7.2,0.64,6.87,158.53,151.55
2025-05-15 02:00:00,26.16,72.44,12,4,10.6,0.0,6.45,161.46,163.87
2025-05-15 03:00:00,28.77,61.75,0,2,4.2,0.0,6.88,170.6,155.62
2025-05-15 04:00:00,23.37,82.63,18,4,12.0,0.0,7.49,175.41,198.03
2025-05-15 05:00:00,27.07,82.71,11,3,9.4,4.28,7.82,171.4,197.05
2025-05-15 06:00:00,27.96,78.31,9,4,9.6,2.2,7.33,160.8,182.17
2025-05-15 07:00:00,25.87,72.34,5,2,5.5,2.95,7.29,166.61,153.42
2025-05-15 08:00:00,24.71,81.61,49,6,12.0,10.02,7.03,241.14,251.91
2025-05-15 09:00:00,21.67,95.0,58,9,12.0,12.42,7.59,229.75,237.31
2025-05-15 10:00:00,22.42,76.71,41,7,12.0,14.75,7.09,270.27,209.22
2025-05-15 11:00:00,28.3,62.61,61,7,12.0,12.4,6.41,231.65,250.1
2025-05-15 12:00:00,27.95,67.93,47,8,12.0,13.38,6.77,218.85,217.95
2025-05-15 13:00:00,26.87,77.17,39,5,12.0,11.33,6.05,248.02,209.9
2025-05-15 14:00:00,26.96,61.5,70,11,12.0,11.9,5.77,246.46,261.27
2025-05-15 15:00:00,23.97,76.01,48,5,12.0,8.27,5.78,248.63,222.84
2025-05-15 16:00:00,27.32,75.14,49,11,12.0,4.85,5.51,264.59,234.98
2025-05-15 17:00:00,35.61,77.42,64,9,12.0,5.89,5.41,228.13,255.86
2025-05-15 18:00:00,28.26,80.99,70,9,12.0,1.34,5.21,266.88,285.31
2025-05-15 19:00:00,32.34,75.02,43,7,12.0,0.0,5.48,216.65,239.52
2025-05-15 20:00:00,34.52,52.3,2,3,6.1,1.89,5.62,173.57,164.51
2025-05-15 21:00:00,28.73,77.94,3,4,4.0,0.62,5.46,206.79,157.6
2025-05-15 22:00:00,31.93,74.19,17,4,10.2,0.0,6.29,175.54,178.66
2025-05-15 23:00:00,33.17,70.17,23,3,9.9,3.18,5.67,183.12,177.49
2025-05-16 00:00:00,30.03,58.47,1,1,3.6,0.61,6.37,179.83,129.31
2025-05-16 01:00:00,36.21,60.82,21,5,12.0,3.56,6.94,160.16,202.41
2025-05-16 02:00:00,23.83,66.75,4,4,5.9,1.13,7.3,169.31,171.15
2025-05-16 03:00:00,29.61,56.77,13,5,11.3,1.3,6.86,157.95,191.33
2025-05-16 04:00:00,25.57,73.68,0,2,1.3,0.0,7.55,204.02,154.59
2025-05-16 05:00:00,27.1,67.04,9,5,8.0,0.0,7.14,196.28,190.82
2025-05-16 06:00:00,25.64,92.03,9,6,8.0,2.91,8.09,183.91,204.51
2025-05-16 07:00:00,22.3,74.81,7,5,6.5,5.95,6.76,147.36,171.53
2025-05-16 08:00:00,24.57,83.46,58,10,12.0,6.28,6.84,248.09,262.22
2025-05-16 09:00:00,19.49,66.97,47,6,12.0,7.19,7.12,235.98,203.12
2025-05-16 10:00:00,26.04,69.66,48,9,12.0,15.44,6.46,209.09,255.38
2025-05-16 11:00:00,25.92,74.14,59,10,12.0,15.66,6.46,255.03,260.61
2025-05-16 12:00:00,27.6,65.93,66,11,12.0,11.71,6.66,224.14,269.33
2025-05-16 13:00:00,29.61,67.92,55,10,12.0,11.23,6.36,224.2,250.51
2025-05-16 14:00:00,28.92,69.83,59,10,12.0,15.79,6.09,272.77,223.94
2025-05-16 15:00:00,29.41,69.38,61,9,12.0,8.88,5.93,228.56,254.0
2025-05-16 16:00:00,27.8,85.13,62,8,12.0,6.02,4.95,227.54,238.04
2025-05-16 17:00:00,29.05,73.91,47,7,12.0,2.26,5.78,263.02,207.61
2025-05-16 18:00:00,34.43,70.85,49,8,12.0,0.71,5.48,294.77,236.94
2025-05-16 19:00:00,35.45,70.56,49,8,12.0,0.0,5.6,240.22,248.55
2025-05-16 20:00:00,31.4,73.91,25,5,12.0,0.48,5.25,156.03,201.75
2025-05-16 21:00:00,31.98,68.63,14,5,11.6,0.0,6.17,158.63,172.93
2025-05-16 22:00:00,29.2,68.91,14,5,11.1,0.0,6.29,183.13,166.99
2025-05-16 23:00:00,33.76,69.14,13,3,5.2,0.0,5.89,178.72,167.76
2025-05-17 00:00:00,31.66,77.53,0,1,5.0,0.0,6.56,127.28,160.18
2025-05-17 01:00:00,33.89,75.76,26,6,12.0,1.44,7.28,202.03,215.46
2025-05-17 02:00:00,25.8,71.85,14,7,11.9,1.45,6.95,177.61,195.13
2025-05-17 03:00:00,26.02,78.76,16,4,11.1,0.0,6.36,193.7,194.9
2025-05-17 04:00:00,26.58,71.63,0,2,6.1,0.0,6.99,161.96,148.14
2025-05-17 05:00:00,26.79,73.09,16,5,9.6,2.76,7.32,196.26,171.97
2025-05-17 06:00:00,24.0,71.49,7,4,9.3,1.39,8.04,203.54,182.5
2025-05-17 07:00:00,21.95,74.96,0,3,7.5,1.27,6.85,175.73,135.47
2025-05-17 08:00:00,26.2,82.65,47,10,12.0,7.7,7.14,269.74,257.02
2025-05-17 09:00:00,25.94,74.09,45,8,12.0,10.5,6.69,203.87,233.92
2025-05-17 10:00:00,22.25,76.98,45,9,12.0,13.56,7.21,258.75,228.58
2025-05-17 11:00:00,28.56,61.48,55,9,12.0,19.02,6.58,253.01,231.05
2025-05-17 12:00:00,28.93,69.19,52,11,12.0,12.36,5.54,267.12,247.02
2025-05-17 13:00:00,27.3,70.8,58,11,12.0,14.63,6.16,249.77,242.83
2025-05-17 14:00:00,28.2,66.06,68,12,12.0,15.12,6.06,218.82,302.18
2025-05-17 15:00:00,30.42,70.46,54,10,12.0,13.34,6.07,254.66,237.54
2025-05-17 16:00:00,27.85,69.1,37,10,12.0,7.36,5.87,246.52,237.47
2025-05-17 17:00:00,30.9,70.53,53,10,12.0,1.01,5.96,209.16,248.73
2025-05-17 18:00:00,26.08,74.19,65,9,12.0,0.0,5.66,243.63,261.76
2025-05-17 19:00:00,34.05,61.07,54,9,12.0,1.65,5.76,252.1,256.2
2025-05-17 20:00:00,28.1,69.14,22,4,8.9,0.69,5.81,210.35,181.55
2025-05-17 21:00:00,35.62,67.21,14,7,10.3,0.26,5.79,172.62,199.55
2025-05-17 22:00:00,30.64,78.44,0,4,2.4,0.57,6.3,163.64,155.71
2025-05-17 23:00:00,30.3,72.19,11,6,6.8,1.96,6.59,171.67,199.48
2025-05-18 00:00:00,28.43,67.06,12,2,11.2,1.09,6.48,152.34,163.02
2025-05-18 01:00:00,28.32,74.57,19,6,9.5,0.77,6.53,218.44,179.12
2025-05-18 02:00:00,31.55,81.47,25,3,11.5,0.0,6.52,184.09,199.39
2025-05-18 03:00:00,20.75,83.5,17,2,12.0,2.08,7.19,190.54,181.43
2025-05-18 04:00:00,29.19,75.0,14,3,7.7,0.0,6.84,149.89,183.41
2025-05-18 05:00:00,26.02,78.47,15,6,12.0,1.94,7.33,165.6,222.0
2025-05-18 06:00:00,21.52,86.62,9,2,9.4,0.0,7.35,180.45,188.04
2025-05-18 07:00:00,21.45,84.12,0,2,3.4,4.8,7.65,128.91,138.03
2025-05-18 08:00:00,28.19,75.83,55,10,12.0,10.53,7.68,260.58,282.96
2025-05-18 09:00:00,21.77,83.84,58,10,12.0,11.22,6.0,239.6,257.18
2025-05-18 10:00:00,21.65,68.87,45,11,12.0,14.96,6.83,228.6,225.99
2025-05-18 11:00:00,28.01,61.47,66,10,12.0,12.78,5.97,242.04,263.56
2025-05-18 12:00:00,26.85,73.91,63,9,12.0,14.19,6.91,245.85,253.64
2025-05-18 13:00:00,24.62,74.85,44,6,12.0,12.81,6.28,236.16,205.9
2025-05-18 14:00:00,28.54,67.81,66,9,12.0,8.8,6.5,295.04,254.08
2025-05-18 15:00:00,26.47,78.85,53,7,12.0,12.04,6.02,236.81,235.29
2025-05-18 16:00:00,32.75,55.63,49,5,12.0,8.14,5.33,239.09,220.88
2025-05-18 17:00:00,33.48,64.42,64,13,12.0,4.62,5.39,261.22,276.25
2025-05-18 18:00:00,32.79,65.25,55,9,12.0,2.46,5.65,256.41,251.95
2025-05-18 19:00:00,32.77,57.21,70,14,12.0,0.0,5.93,253.04,292.35
2025-05-18 20:00:00,36.4,76.58,3,1,6.7,0.0,5.83,183.94,170.72
2025-05-18 21:00:00,31.86,59.78,0,1,4.9,2.48,6.0,200.04,132.13
2025-05-18 22:00:00,28.51,67.53,8,2,9.3,0.0,5.97,152.7,166.46
2025-05-18 23:00:00,31.95,75.59,16,3,10.1,0.43,6.69,199.26,171.1
2025-05-19 00:00:00,35.22,71.47,3,4,5.6,0.0,6.55,157.35,163.71
2025-05-19 01:00:00,26.5,65.29,0,3,6.5,2.94,6.72,176.89,132.82
2025-05-19 02:00:00,27.1,77.41,12,5,8.5,1.34,7.0,193.84,201.06
2025-05-19 03:00:00,28.01,74.02,0,4,2.1,0.0,6.92,186.64,155.46
2025-05-19 04:00:00,25.87,89.83,12,5,10.9,4.17,7.07,187.12,181.29
2025-05-19 05:00:00,22.72,78.53,7,1,6.1,0.0,7.44,221.74,133.27
2025-05-19 06:00:00,27.34,71.47,14,3,10.0,0.0,7.57,188.12,169.81
2025-05-19 07:00:00,29.94,64.65,0,2,3.7,5.6,7.58,139.15,160.51
2025-05-19 08:00:00,24.49,69.25,65,15,12.0,9.31,7.12,280.68,287.8
2025-05-19 09:00:00,21.88,70.51,54,10,12.0,6.91,7.11,248.73,230.07
2025-05-19 10:00:00,20.66,86.73,61,9,12.0,11.56,6.69,224.29,228.07
2025-05-19 11:00:00,25.82,73.65,63,11,12.0,15.01,6.98,266.0,280.46
2025-05-19 12:00:00,28.76,75.42,46,7,12.0,16.95,6.17,258.4,237.48
2025-05-19 13:00:00,28.15,82.49,62,10,12.0,16.3,6.37,206.26,254.99
2025-05-19 14:00:00,27.99,55.49,44,9,12.0,13.53,6.41,251.06,223.69
2025-05-19 15:00:00,27.56,81.26,44,7,12.0,10.08,5.98,238.09,215.41
2025-05-19 16:00:00,27.27,72.9,70,9,12.0,6.64,5.91,221.75,242.59
2025-05-19 17:00:00,32.92,71.6,64,10,12.0,4.62,5.63,271.04,274.06
2025-05-19 18:00:00,33.75,62.18,70,10,12.0,2.87,5.05,242.95,269.03
2025-05-19 19:00:00,28.0,66.71,52,6,12.0,0.0,5.49,289.66,237.17
2025-05-19 20:00:00,35.97,69.84,11,2,11.9,0.0,5.82,178.34,172.46
2025-05-19 21:00:00,33.3,84.98,14,2,7.1,2.29,5.69,134.91,171.97
2025-05-19 22:00:00,34.96,74.15,10,1,8.0,2.12,6.27,173.88,159.64
2025-05-19 23:00:00,27.47,81.23,4,1,8.2,0.0,5.78,170.93,149.87
2025-05-20 00:00:00,26.59,71.65,3,4,7.7,0.0,5.82,163.52,167.26
2025-05-20 01:00:00,28.66,67.33,12,6,9.1,0.0,6.95,119.35,180.83
2025-05-20 02:00:00,29.26,65.65,1,1,8.1,0.26,6.79,191.49,178.84
2025-05-20 03:00:00,31.46,66.16,1,4,5.8,0.0,7.19,157.76,161.16
2025-05-20 04:00:00,27.77,57.79,13,2,9.8,1.79,7.01,182.25,177.07
2025-05-20 05:00:00,24.56,69.33,9,4,9.5,0.0,7.47,121.93,193.52
2025-05-20 06:00:00,21.97,72.3,17,4,10.8,3.23,7.78,170.47,201.02
2025-05-20 07:00:00,27.21,71.32,7,4,7.6,2.95,7.77,165.54,179.07
2025-05-20 08:00:00,21.59,77.41,50,6,12.0,5.4,6.97,289.37,233.01
2025-05-20 09:00:00,28.21,74.39,58,6,12.0,8.82,6.92,227.41,247.03
2025-05-20 10:00:00,23.82,74.82,49,7,12.0,10.39,6.96,215.62,244.66
2025-05-20 11:00:00,29.15,67.13,50,9,12.0,16.55,7.36,282.48,250.37
2025-05-20 12:00:00,27.7,58.47,50,11,12.0,15.34,6.1,233.03,251.92
2025-05-20 13:00:00,26.62,68.94,53,7,12.0,13.72,5.89,257.55,245.3
2025-05-20 14:00:00,26.7,66.1,69,10,12.0,9.72,6.4,227.18,265.32
2025-05-20 15:00:00,28.18,75.13,44,6,12.0,9.79,5.7,220.01,208.63
2025-05-20 16:00:00,31.07,76.22,65,10,12.0,5.46,6.04,244.5,267.69
2025-05-20 17:00:00,31.02,76.46,61,6,12.0,0.0,5.52,272.33,246.71
2025-05-20 18:00:00,29.98,75.91,68,12,12.0,0.0,5.82,271.96,273.96
2025-05-20 19:00:00,31.45,68.65,70,10,12.0,1.21,5.55,232.1,266.41
2025-05-20 20:00:00,32.2,65.41,21,6,11.4,0.0,5.46,179.06,202.73
2025-05-20 21:00:00,26.54,67.79,17,4,10.0,0.0,5.99,168.56,181.68
2025-05-20 22:00:00,32.61,58.22,0,2,9.1,2.08,5.68,168.7,143.2
2025-05-20 23:00:00,28.38,78.68,1,4,5.6,1.72,6.45,148.62,156.63
2025-05-21 00:00:00,27.12,71.4,13,4,8.0,3.92,6.42,169.73,189.12
2025-05-21 01:00:00,24.82,65.5,0,2,4.2,0.0,6.23,181.46,129.74
2025-05-21 02:00:00,23.52,69.35,15,3,11.1,0.0,7.0,169.83,193.58
2025-05-21 03:00:00,23.58,69.03,0,1,5.7,1.82,7.16,163.84,129.99
2025-05-21 04:00:00,24.23,74.94,19,3,10.5,0.86,6.37,173.22,187.74
2025-05-21 05:00:00,30.05,78.03,7,2,4.2,0.2,7.25,192.92,144.51
2025-05-21 06:00:00,23.22,72.91,11,5,8.7,0.0,7.3,201.26,187.3
2025-05-21 07:00:00,24.58,58.63,4,5,6.2,4.08,7.31,173.92,159.9
2025-05-21 08:00:00,25.0,72.77,40,5,12.0,7.34,6.56,229.99,195.02
2025-05-21 09:00:00,24.46,73.38,65,10,12.0,6.2,7.19,253.31,261.04
2025-05-21 10:00:00,24.34,72.99,66,9,12.0,12.55,7.08,238.08,277.44
2025-05-21 11:00:00,22.18,71.68,52,10,12.0,12.49,6.38,253.32,241.93
2025-05-21 12:00:00,29.63,72.38,60,9,12.0,15.68,6.01,250.03,249.52
2025-05-21 13:00:00,31.48,70.03,52,8,12.0,14.21,5.95,250.3,242.7
2025-05-21 14:00:00,23.79,74.77,57,8,12.0,16.04,6.15,268.85,239.13
2025-05-21 15:00:00,26.48,75.96,61,7,12.0,9.9,5.5,205.16,253.44
2025-05-21 16:00:00,29.3,68.08,59,10,12.0,4.82,5.33,271.11,247.3
2025-05-21 17:00:00,28.42,68.3,66,10,12.0,0.0,6.46,243.86,271.54
2025-05-21 18:00:00,32.73,78.35,59,10,12.0,0.0,5.7,282.51,267.74
2025-05-21 19:00:00,30.04,74.49,55,8,12.0,0.75,5.62,267.01,245.09
2025-05-21 20:00:00,37.41,71.2,4,2,5.0,1.27,5.57,201.04,153.36
2025-05-21 21:00:00,34.84,75.79,6,4,8.0,0.0,5.79,179.58,190.09
2025-05-21 22:00:00,32.0,72.88,16,5,9.3,0.0,6.73,141.42,191.72
2025-05-21 23:00:00,33.4,74.72,0,1,4.2,0.14,6.58,155.16,132.58
2025-05-22 00:00:00,32.76,57.61,19,3,12.0,0.76,7.34,192.71,159.57
2025-05-22 01:00:00,27.63,73.69,8,1,5.8,2.04,6.84,127.26,164.99
2025-05-22 02:00:00,25.96,72.15,3,3,6.6,0.0,6.57,189.38,151.4
2025-05-22 03:00:00,27.16,84.33,1,3,6.6,0.0,7.16,135.36,158.87
2025-05-22 04:00:00,28.15,78.39,15,3,10.3,4.05,7.38,194.54,189.65
2025-05-22 05:00:00,25.52,69.32,10,2,11.4,3.57,7.49,140.61,202.37
2025-05-22 06:00:00,20.59,79.79,23,4,12.0,0.0,7.15,185.84,209.65
2025-05-22 07:00:00,22.13,77.28,0,5,4.9,5.91,7.9,166.12,150.13
2025-05-22 08:00:00,23.82,78.11,50,10,12.0,11.41,6.75,197.32,251.66
2025-05-22 09:00:00,23.95,67.71,54,10,12.0,12.53,7.18,269.03,238.44
2025-05-22 10:00:00,29.47,73.49,49,8,12.0,10.6,6.8,280.93,250.31
2025-05-22 11:00:00,21.71,74.81,55,9,12.0,13.73,6.44,244.35,223.77
2025-05-22 12:00:00,27.26,74.49,58,8,12.0,10.5,6.59,247.71,246.4
2025-05-22 13:00:00,30.69,65.05,59,7,12.0,11.59,6.73,237.82,246.24
2025-05-22 14:00:00,33.68,63.93,67,9,12.0,12.09,6.24,233.1,249.98
2025-05-22 15:00:00,28.02,80.2,45,6,12.0,10.34,6.03,253.29,208.37
2025-05-22 16:00:00,31.23,62.38,58,8,12.0,5.61,5.1,254.34,217.15
2025-05-22 17:00:00,32.25,62.18,50,8,12.0,0.0,6.05,266.3,237.04
2025-05-22 18:00:00,31.95,68.87,58,9,12.0,0.39,5.56,267.12,267.22
2025-05-22 19:00:00,31.62,64.07,58,8,12.0,1.46,5.91,236.79,273.06
2025-05-22 20:00:00,33.09,62.24,2,3,9.1,1.53,6.13,160.28,175.74
2025-05-22 21:00:00,25.53,74.46,3,2,7.4,0.0,6.0,186.04,138.21
2025-05-22 22:00:00,33.17,57.85,14,4,12.0,0.0,5.4,203.06,184.45
2025-05-22 23:00:00,31.14,62.74,10,2,10.5,0.49,6.79,134.89,170.18
2025-05-23 00:00:00,29.44,85.37,8,4,6.4,0.82,7.13,167.29,167.87
2025-05-23 01:00:00,34.15,70.91,15,3,12.0,0.0,6.99,156.31,206.96
2025-05-23 02:00:00,26.31,67.96,16,6,7.0,0.0,6.65,139.01,178.69
2025-05-23 03:00:00,25.96,76.36,6,2,7.8,2.79,7.5,156.95,178.31
2025-05-23 04:00:00,30.98,73.89,3,2,1.9,0.0,7.09,189.86,158.0
2025-05-23 05:00:00,23.09,82.4,0,3,1.6,0.0,7.25,205.5,130.6
2025-05-23 06:00:00,23.16,74.5,10,4,10.4,0.0,7.72,217.35,177.95
2025-05-23 07:00:00,23.77,81.8,0,3,3.6,3.85,7.5,148.58,152.58
2025-05-23 08:00:00,26.1,59.06,56,11,12.0,5.78,6.37,249.53,271.63
2025-05-23 09:00:00,24.66,66.95,65,11,12.0,8.82,7.14,237.3,276.62
2025-05-23 10:00:00,21.3,77.83,52,8,12.0,11.48,7.31,252.14,228.11
2025-05-23 11:00:00,23.84,77.22,51,7,12.0,14.25,6.23,217.56,217.75
2025-05-23 12:00:00,24.48,68.08,70,10,12.0,12.4,6.84,237.42,280.99
2025-05-23 13:00:00,26.77,74.68,67,12,12.0,14.2,5.71,247.87,262.57
2025-05-23 14:00:00,29.06,66.89,49,6,12.0,9.36,6.02,243.22,209.51
2025-05-23 15:00:00,30.08,68.6,56,7,12.0,13.91,6.12,214.08,225.07
2025-05-23 16:00:00,25.56,80.88,58,9,12.0,9.14,5.72,206.11,214.46
2025-05-23 17:00:00,33.49,74.52,57,8,12.0,3.07,6.14,233.11,231.84
2025-05-23 18:00:00,32.1,62.15,70,10,12.0,0.67,5.2,260.46,264.56
2025-05-23 19:00:00,35.33,59.47,56,11,12.0,0.0,6.01,269.69,255.74
2025-05-23 20:00:00,33.11,65.54,12,3,10.5,1.12,5.83,171.34,164.95
2025-05-23 21:00:00,34.62,67.18,16,5,12.0,1.69,5.64,143.84,201.08
2025-05-23 22:00:00,32.63,64.15,20,2,10.0,0.53,6.25,198.5,192.41
2025-05-23 23:00:00,34.19,74.95,17,2,9.2,1.8,6.27,164.05,167.38
2025-05-24 00:00:00,31.31,72.12,14,5,7.5,0.0,7.02,164.4,213.62
2025-05-24 01:00:00,28.79,74.29,0,5,4.5,0.0,6.91,206.24,166.41
2025-05-24 02:00:00,33.68,59.16,6,3,7.2,0.0,7.04,173.39,179.35
2025-05-24 03:00:00,29.19,79.34,17,4,11.0,1.11,6.83,181.1,189.82
2025-05-24 04:00:00,27.43,52.65,12,4,11.0,0.0,7.24,151.07,186.58
2025-05-24 05:00:00,21.98,82.05,17,1,11.7,0.83,7.07,133.65,204.66
2025-05-24 06:00:00,21.32,83.22,25,5,12.0,0.61,7.28,178.4,193.15
2025-05-24 07:00:00,24.87,71.17,1,1,5.4,6.31,7.71,156.35,151.2
2025-05-24 08:00:00,24.36,83.46,64,11,12.0,8.17,7.09,271.57,268.02
2025-05-24 09:00:00,22.6,75.34,52,5,12.0,6.39,6.56,280.28,210.05
2025-05-24 10:00:00,24.89,74.62,62,8,12.0,10.8,7.07,230.77,236.69
2025-05-24 11:00:00,29.14,73.58,55,9,12.0,12.14,6.98,216.85,261.25
2025-05-24 12:00:00,27.74,94.49,70,9,12.0,12.54,7.06,283.78,249.89
2025-05-24 13:00:00,24.11,84.13,56,8,12.0,15.46,6.6,269.69,221.18
2025-05-24 14:00:00,27.72,77.1,50,9,12.0,7.72,6.0,200.58,250.99
2025-05-24 15:00:00,27.02,66.29,58,9,12.0,12.75,6.03,214.92,250.95
2025-05-24 16:00:00,29.03,72.28,58,8,12.0,9.0,5.94,220.95,245.45
2025-05-24 17:00:00,29.79,65.05,64,11,12.0,3.99,5.88,236.34,253.5
2025-05-24 18:00:00,30.27,76.17,59,9,12.0,0.7,4.83,271.71,241.81
2025-05-24 19:00:00,28.73,72.48,70,11,12.0,0.15,5.53,255.2,260.91
2025-05-24 20:00:00,31.68,61.55,9,2,3.8,0.32,5.97,173.72,153.8
2025-05-24 21:00:00,30.46,70.84,9,1,11.1,2.25,6.32,215.55,173.35
2025-05-24 22:00:00,24.14,68.76,5,1,7.2,0.0,5.88,198.18,139.35
2025-05-24 23:00:00,35.96,67.49,11,2,7.8,1.2,6.15,170.29,189.02
2025-05-25 00:00:00,32.72,62.68,12,3,6.3,0.0,6.42,217.29,197.52
2025-05-25 01:00:00,28.09,72.13,12,2,8.0,1.07,6.66,167.25,177.47
2025-05-25 02:00:00,28.05,77.22,11,3,8.5,0.0,7.2,180.96,166.06
2025-05-25 03:00:00,24.04,74.4,5,4,7.1,0.86,6.81,192.06,168.38
2025-05-25 04:00:00,30.24,67.7,3,4,8.9,0.0,7.5,197.94,198.2
2025-05-25 05:00:00,29.91,72.08,7,4,7.6,0.9,7.77,200.86,177.43
2025-05-25 06:00:00,24.93,79.03,19,3,12.0,0.0,7.16,192.04,189.02
2025-05-25 07:00:00,26.7,65.16,21,5,12.0,6.75,7.12,151.21,215.58
2025-05-25 08:00:00,24.44,76.32,54,11,12.0,7.52,7.25,271.16,245.06
2025-05-25 09:00:00,20.79,86.27,47,5,12.0,10.89,6.86,211.28,222.84
2025-05-25 10:00:00,23.51,79.16,54,11,12.0,11.24,6.87,230.26,246.41
2025-05-25 11:00:00,25.5,74.15,70,9,12.0,14.15,6.19,261.62,257.57
2025-05-25 12:00:00,24.86,78.67,63,10,12.0,14.95,6.8,249.36,276.44
2025-05-25 13:00:00,26.42,76.27,59,10,12.0,12.81,6.88,221.14,247.64
2025-05-25 14:00:00,27.77,77.44,63,10,12.0,11.26,5.86,255.19,259.23
2025-05-25 15:00:00,28.83,57.25,67,13,12.0,8.29,5.36,256.93,285.7
2025-05-25 16:00:00,30.13,59.63,46,7,12.0,6.85,6.13,241.25,213.32
2025-05-25 17:00:00,28.18,78.91,52,6,12.0,2.32,5.58,263.14,243.34
2025-05-25 18:00:00,29.67,60.29,51,9,12.0,0.58,5.47,234.33,239.4
2025-05-25 19:00:00,28.65,74.35,60,9,12.0,0.0,5.68,257.36,241.94
2025-05-25 20:00:00,34.44,65.02,11,4,7.8,0.0,5.38,152.69,171.52
2025-05-25 21:00:00,26.6,66.01,16,5,12.0,0.0,6.1,176.87,186.48
2025-05-25 22:00:00,34.35,70.0,6,3,7.5,2.29,5.66,130.7,171.66
2025-05-25 23:00:00,34.29,69.0,21,5,11.6,0.05,5.88,200.1,198.63
2025-05-26 00:00:00,29.24,85.9,9,3,8.2,0.03,6.08,188.54,166.65
2025-05-26 01:00:00,22.53,71.46,16,7,12.0,1.19,6.76,185.22,173.66
2025-05-26 02:00:00,27.1,82.71,20,4,11.7,3.55,6.27,163.99,182.58
2025-05-26 03:00:00,26.8,75.3,19,3,12.0,0.16,7.8,168.85,177.42
2025-05-26 04:00:00,23.47,70.54,13,5,9.3,0.0,7.06,187.09,180.85
2025-05-26 05:00:00,23.88,80.48,17,3,8.1,2.36,6.53,181.14,165.99
2025-05-26 06:00:00,28.36,75.71,24,5,12.0,0.0,6.93,188.25,235.52
2025-05-26 07:00:00,25.8,73.79,14,3,6.9,2.63,7.48,221.45,179.07
2025-05-26 08:00:00,21.69,78.28,49,8,12.0,9.39,7.66,238.1,215.03
2025-05-26 09:00:00,20.14,73.32,60,13,12.0,9.23,7.12,229.99,252.64
2025-05-26 10:00:00,23.72,69.22,55,10,12.0,10.98,6.93,237.83,254.25
2025-05-26 11:00:00,24.64,79.67,36,8,12.0,14.09,6.17,258.83,213.59
2025-05-26 12:00:00,27.24,70.96,59,10,12.0,14.02,7.02,269.14,231.65
2025-05-26 13:00:00,25.63,73.1,56,8,12.0,12.14,6.49,257.44,225.52
2025-05-26 14:00:00,29.28,73.06,64,10,12.0,13.88,6.21,263.98,262.29
2025-05-26 15:00:00,33.87,69.75,49,9,12.0,12.36,5.94,293.67,242.93
2025-05-26 16:00:00,32.04,59.17,43,7,12.0,9.78,5.99,212.0,227.08
2025-05-26 17:00:00,30.71,79.11,56,9,12.0,4.73,5.45,241.78,243.18
2025-05-26 18:00:00,31.01,70.74,58,8,12.0,0.0,6.03,239.2,239.9
2025-05-26 19:00:00,30.97,68.5,56,9,12.0,0.0,6.01,241.26,236.06
2025-05-26 20:00:00,34.95,70.15,10,2,10.4,0.0,5.77,169.55,182.63
2025-05-26 21:00:00,30.3,72.05,1,3,2.0,2.07,5.84,185.41,162.2
2025-05-26 22:00:00,31.58,74.87,9,1,9.3,0.39,5.34,177.54,163.64
2025-05-26 23:00:00,30.96,73.7,7,5,6.8,0.0,5.69,203.48,181.2
2025-05-27 00:00:00,28.75,76.5,19,2,12.0,0.0,6.69,160.79,175.53
2025-05-27 01:00:00,25.6,83.13,13,2,11.5,0.0,7.02,177.22,174.72
2025-05-27 02:00:00,28.81,77.62,8,4,6.1,0.0,7.27,175.59,172.11
2025-05-27 03:00:00,26.81,71.71,24,6,11.1,2.88,6.59,184.88,208.35
2025-05-27 04:00:00,27.25,64.66,8,6,10.7,1.27,8.0,176.08,190.0
2025-05-27 05:00:00,23.84,86.59,14,4,9.8,0.0,7.62,169.96,218.32
2025-05-27 06:00:00,27.59,70.62,9,3,8.8,3.27,7.1,238.71,183.03
2025-05-27 07:00:00,21.94,72.93,23,5,12.0,2.18,7.33,177.55,212.49
2025-05-27 08:00:00,28.28,59.65,56,11,12.0,7.7,6.6,213.11,265.78
2025-05-27 09:00:00,19.77,80.13,56,12,12.0,10.6,6.85,251.49,225.55
2025-05-27 10:00:00,25.62,74.71,54,8,12.0,11.94,7.09,256.69,245.78
2025-05-27 11:00:00,26.36,62.54,57,10,12.0,12.92,6.73,217.81,260.98
2025-05-27 12:00:00,24.01,77.97,65,10,12.0,14.07,7.11,242.71,270.26
2025-05-27 13:00:00,28.03,68.49,62,9,12.0,12.96,5.78,234.21,246.47
2025-05-27 14:00:00,31.2,88.59,55,11,12.0,12.62,6.06,265.19,235.79
2025-05-27 15:00:00,23.49,71.17,69,9,12.0,10.48,5.54,244.26,243.22
2025-05-27 16:00:00,31.26,66.67,62,6,12.0,5.95,6.34,224.39,226.61
2025-05-27 17:00:00,24.6,68.26,51,9,12.0,5.83,5.82,246.43,243.97
2025-05-27 18:00:00,29.05,80.21,44,9,12.0,0.0,5.7,246.77,238.91
2025-05-27 19:00:00,35.94,63.83,52,9,12.0,0.78,5.68,241.83,246.57
2025-05-27 20:00:00,30.55,65.14,13,4,9.3,0.0,5.5,184.05,180.52
2025-05-27 21:00:00,28.93,76.3,15,5,12.0,0.0,6.35,159.21,202.93
2025-05-27 22:00:00,30.97,60.26,21,5,12.0,0.0,6.16,164.34,204.94
2025-05-27 23:00:00,36.0,70.78,1,3,5.6,0.0,6.38,184.83,186.42
2025-05-28 00:00:00,25.42,86.28,6,4,6.7,1.32,6.7,181.47,149.6
2025-05-28 01:00:00,26.41,77.08,1,1,4.3,0.0,6.41,175.91,152.56
2025-05-28 02:00:00,31.74,73.84,0,2,3.2,2.74,7.6,176.89,134.85
2025-05-28 03:00:00,31.61,75.56,5,1,8.4,0.0,7.62,213.66,192.09
2025-05-28 04:00:00,25.74,85.55,13,4,6.5,0.0,7.18,188.55,187.09
2025-05-28 05:00:00,22.07,84.62,16,3,7.5,0.79,7.17,215.44,169.54
2025-05-28 06:00:00,29.78,73.83,2,4,7.5,3.45,7.52,191.51,157.0
2025-05-28 07:00:00,28.12,78.24,4,3,6.8,4.6,7.66,216.06,158.46
2025-05-28 08:00:00,25.7,67.41,41,8,12.0,5.12,7.81,268.58,231.16
2025-05-28 09:00:00,22.11,81.56,57,9,12.0,7.85,7.29,222.84,251.23
2025-05-28 10:00:00,24.41,67.47,49,9,12.0,16.18,6.95,235.51,230.66
2025-05-28 11:00:00,24.77,71.69,68,8,12.0,12.76,6.76,263.38,245.0
2025-05-28 12:00:00,26.83,51.24,58,8,12.0,11.97,5.84,272.69,251.37
2025-05-28 13:00:00,30.59,73.0,54,10,12.0,15.9,6.14,249.9,223.84
2025-05-28 14:00:00,30.2,65.95,50,7,12.0,11.83,6.23,235.8,235.16
2025-05-28 15:00:00,26.34,80.94,43,4,12.0,5.84,5.14,240.41,206.61
2025-05-28 16:00:00,33.44,70.92,44,9,12.0,11.17,5.87,227.96,231.17
2025-05-28 17:00:00,31.61,77.34,50,10,12.0,4.79,5.44,250.26,251.64
2025-05-28 18:00:00,33.18,60.79,49,9,12.0,0.0,6.25,241.66,237.77
2025-05-28 19:00:00,35.53,74.0,47,8,12.0,2.79,5.63,239.85,232.03
2025-05-28 20:00:00,29.22,85.89,13,6,12.0,0.0,5.71,179.61,181.9
2025-05-28 21:00:00,31.77,74.71,14,6,8.7,0.0,5.89,199.69,178.43
2025-05-28 22:00:00,30.14,76.04,6,5,9.1,0.0,6.1,212.92,168.46
2025-05-28 23:00:00,26.91,73.95,25,6,12.0,3.88,6.57,185.34,207.17
2025-05-29 00:00:00,30.87,66.32,0,2,8.1,4.09,6.38,157.09,152.83
2025-05-29 01:00:00,35.31,72.21,10,3,7.7,0.0,6.72,153.67,182.23
2025-05-29 02:00:00,23.4,64.68,8,1,9.5,3.41,7.18,132.8,157.0
2025-05-29 03:00:00,26.88,69.86,6,3,7.8,0.0,7.07,187.29,162.95
2025-05-29 04:00:00,27.6,59.88,4,3,5.1,1.83,7.42,185.33,170.38
2025-05-29 05:00:00,25.48,68.84,10,3,9.4,2.73,7.12,169.6,179.13
2025-05-29 06:00:00,24.25,79.12,8,4,6.9,3.01,7.42,151.41,168.63
2025-05-29 07:00:00,20.89,80.52,7,2,7.7,3.78,7.73,161.66,141.98
2025-05-29 08:00:00,24.58,74.75,45,9,12.0,8.13,7.4,226.92,254.03
2025-05-29 09:00:00,22.24,77.22,42,6,12.0,8.47,6.41,243.94,223.42
2025-05-29 10:00:00,19.06,65.06,53,7,12.0,12.17,7.09,224.06,229.64
2025-05-29 11:00:00,28.16,69.28,52,8,12.0,13.19,6.3,242.6,256.92
2025-05-29 12:00:00,28.4,66.95,53,10,12.0,13.56,6.18,254.11,251.15
2025-05-29 13:00:00,27.09,68.02,54,7,12.0,15.79,6.47,232.04,226.63
2025-05-29 14:00:00,28.57,75.8,51,10,12.0,12.55,5.76,233.96,231.4
2025-05-29 15:00:00,31.72,63.37,53,6,12.0,13.29,5.55,208.27,219.24
2025-05-29 16:00:00,30.56,65.97,48,7,12.0,7.5,5.81,230.82,229.63
2025-05-29 17:00:00,33.09,53.83,67,8,12.0,8.01,5.51,240.99,266.3
2025-05-29 18:00:00,30.72,68.04,49,4,12.0,2.45,5.13,239.66,230.19
2025-05-29 19:00:00,35.14,59.38,52,9,12.0,0.0,5.92,231.92,235.58
2025-05-29 20:00:00,32.8,69.19,4,2,6.8,0.35,6.15,174.02,164.49
2025-05-29 21:00:00,32.35,62.3,4,1,11.1,0.0,6.25,186.88,154.88
2025-05-29 22:00:00,28.29,72.53,10,2,10.5,0.32,5.79,171.46,156.02
2025-05-29 23:00:00,31.55,68.51,9,4,8.3,0.0,6.44,198.84,178.32
2025-05-30 00:00:00,27.92,83.76,6,2,6.8,2.66,6.33,155.45,164.1
2025-05-30 01:00:00,27.44,75.87,8,3,6.6,0.0,6.26,197.36,148.27
2025-05-30 02:00:00,25.96,60.55,4,2,4.0,0.71,6.64,157.03,149.57
2025-05-30 03:00:00,24.3,65.74,13,3,12.0,0.0,6.08,166.4,157.25
2025-05-30 04:00:00,31.31,70.07,26,4,12.0,0.0,6.82,167.54,221.82
2025-05-30 05:00:00,28.5,65.14,3,1,3.5,0.0,6.76,176.88,137.13
2025-05-30 06:00:00,29.34,50.29,13,2,9.3,1.84,7.37,176.45,180.41
2025-05-30 07:00:00,21.08,86.29,10,2,11.0,4.67,7.37,145.16,160.84
2025-05-30 08:00:00,24.18,79.72,60,9,12.0,9.04,6.6,259.38,247.32
2025-05-30 09:00:00,20.9,80.62,61,8,12.0,10.78,7.36,222.24,221.21
2025-05-30 10:00:00,22.8,71.39,57,7,12.0,14.59,6.69,231.9,214.98
2025-05-30 11:00:00,22.88,78.58,55,10,12.0,14.36,6.33,256.54,238.14
2025-05-30 12:00:00,29.1,66.3,52,10,12.0,11.25,5.87,254.22,232.81
2025-05-30 13:00:00,25.97,74.85,49,8,12.0,13.34,6.01,226.06,220.91
2025-05-30 14:00:00,30.67,63.69,54,9,12.0,12.05,6.05,240.29,231.32
2025-05-30 15:00:00,30.55,80.83,45,6,12.0,3.37,6.28,218.06,223.35
2025-05-30 16:00:00,35.76,55.58,50,10,12.0,4.97,5.77,231.76,235.56
2025-05-30 17:00:00,27.13,81.24,64,12,12.0,7.71,5.62,257.3,254.14
2025-05-30 18:00:00,34.61,67.64,56,8,12.0,0.0,5.9,236.15,249.89
2025-05-30 19:00:00,34.73,63.86,62,9,12.0,0.0,5.78,229.71,264.48
2025-05-30 20:00:00,29.57,72.07,22,5,12.0,0.0,5.28,161.26,168.78
2025-05-30 21:00:00,34.38,72.67,9,3,10.5,0.0,5.78,148.69,175.23
2025-05-30 22:00:00,32.3,78.55,12,3,8.2,0.97,5.9,148.9,158.68
2025-05-30 23:00:00,30.26,72.61,8,4,12.0,0.0,6.24,183.18,161.49
2025-05-31 00:00:00,27.94,65.81,3,4,8.9,0.0,6.33,160.15,182.75
2025-05-31 01:00:00,27.24,72.92,2,1,6.2,2.59,6.42,140.97,158.3
2025-05-31 02:00:00,33.12,81.13,17,8,10.6,0.0,7.41,141.97,228.03
2025-05-31 03:00:00,26.97,82.16,12,1,8.1,0.0,7.05,162.79,171.33
2025-05-31 04:00:00,27.96,78.39,25,4,12.0,0.08,7.36,220.0,205.67
2025-05-31 05:00:00,23.19,80.93,18,5,11.7,0.0,7.23,136.88,217.69
2025-05-31 06:00:00,22.59,80.69,4,6,3.5,0.0,7.59,185.02,171.47
2025-05-31 07:00:00,26.84,80.92,17,3,7.5,3.5,7.24,163.8,174.88
2025-05-31 08:00:00,20.63,73.97,53,7,12.0,5.71,7.53,248.28,229.47
2025-05-31 09:00:00,23.1,65.95,65,11,12.0,6.57,6.06,227.56,272.86
2025-05-31 10:00:00,24.62,74.85,51,8,12.0,13.24,6.93,208.55,234.22
2025-05-31 11:00:00,25.45,68.06,47,9,12.0,15.25,6.8,236.6,246.13
2025-05-31 12:00:00,25.55,66.33,49,8,12.0,13.5,6.61,237.35,232.29
2025-05-31 13:00:00,27.95,66.99,49,7,12.0,14.76,5.91,230.13,212.42
2025-05-31 14:00:00,29.73,88.18,48,11,12.0,11.39,5.85,241.1,269.63
2025-05-31 15:00:00,30.87,70.94,50,4,12.0,6.08,5.57,217.37,213.24
2025-05-31 16:00:00,27.54,74.86,62,12,12.0,8.79,5.98,235.93,248.34
2025-05-31 17:00:00,30.12,61.96,69,12,12.0,3.43,6.04,256.6,277.76
2025-05-31 18:00:00,34.45,54.58,44,6,12.0,0.3,5.12,249.07,237.04
2025-05-31 19:00:00,34.1,62.0,65,13,12.0,0.0,5.8,267.96,276.04
2025-05-31 20:00:00,28.57,81.67,6,1,9.1,0.0,5.5,180.08,163.03
2025-05-31 21:00:00,32.74,71.02,13,5,6.8,0.28,6.55,170.73,177.58
2025-05-31 22:00:00,26.52,77.23,0,1,3.9,0.32,6.3,152.41,166.75
2025-05-31 23:00:00,30.95,75.11,14,2,12.0,2.53,6.17,164.67,185.8
2025-06-01 00:00:00,34.74,63.14,0,1,1.2,0.88,6.45,180.43,135.16
2025-06-01 01:00:00,26.67,82.65,13,2,9.0,2.35,7.16,161.68,166.51
2025-06-01 02:00:00,25.91,69.03,12,3,10.2,3.01,6.92,229.0,183.65
2025-06-01 03:00:00,28.87,81.23,12,2,5.4,0.0,6.44,170.4,164.25
2025-06-01 04:00:00,22.14,79.2,4,1,4.9,2.55,7.72,202.22,148.76
2025-06-01 05:00:00,23.59,62.56,14,4,12.0,1.31,7.56,218.17,213.4
2025-06-01 06:00:00,26.03,68.15,13,4,9.9,0.98,7.11,169.51,196.24
2025-06-01 07:00:00,22.55,63.32,8,4,6.7,5.6,7.48,180.46,173.06
2025-06-01 08:00:00,23.41,83.36,60,9,12.0,6.47,6.98,229.99,285.36
2025-06-01 09:00:00,26.0,73.23,54,10,12.0,11.1,6.84,266.49,246.14
2025-06-01 10:00:00,25.59,58.09,59,9,12.0,10.01,6.86,241.22,254.37
2025-06-01 11:00:00,25.84,76.14,54,10,12.0,10.7,6.92,245.44,248.66
2025-06-01 12:00:00,25.15,70.23,57,8,12.0,15.06,6.66,242.72,232.42
2025-06-01 13:00:00,27.89,61.69,60,8,12.0,13.38,6.62,211.07,243.59
2025-06-01 14:00:00,27.69,83.96,52,10,12.0,12.12,6.27,265.64,239.45
2025-06-01 15:00:00,30.18,71.23,45,9,12.0,8.3,6.44,211.75,229.38
2025-06-01 16:00:00,28.76,69.42,57,10,12.0,7.78,6.41,247.84,249.02
2025-06-01 17:00:00,30.37,67.54,65,8,12.0,2.77,5.83,276.48,251.89
2025-06-01 18:00:00,28.99,60.71,57,7,12.0,0.0,5.58,233.88,248.26
2025-06-01 19:00:00,31.78,60.22,58,11,12.0,0.0,5.66,273.76,254.51
2025-06-01 20:00:00,29.97,79.61,10,5,4.7,0.0,5.13,171.28,179.51
2025-06-01 21:00:00,29.08,67.93,16,4,9.1,0.0,5.94,176.32,188.89
2025-06-01 22:00:00,32.11,69.28,9,7,6.6,2.37,5.88,177.48,187.87
2025-06-01 23:00:00,31.36,55.34,6,3,10.5,0.0,6.05,191.02,167.4
2025-06-02 00:00:00,31.96,60.0,19,3,12.0,0.0,6.49,134.84,192.43
2025-06-02 01:00:00,27.96,76.3,6,2,7.4,0.0,5.97,169.8,157.08
2025-06-02 02:00:00,29.02,73.93,17,4,2.4,0.0,6.84,181.0,175.88
2025-06-02 03:00:00,28.34,84.03,19,4,7.8,2.46,7.14,169.58,173.04
2025-06-02 04:00:00,27.11,82.02,15,6,11.7,0.0,6.66,155.41,200.72
2025-06-02 05:00:00,23.11,73.81,0,1,6.6,0.0,7.75,216.38,151.14
2025-06-02 06:00:00,24.91,77.47,10,1,7.0,0.0,7.46,193.71,180.92
2025-06-02 07:00:00,25.05,71.85,8,4,7.9,4.76,7.72,176.04,157.86
2025-06-02 08:00:00,24.02,89.17,51,7,12.0,7.27,7.34,281.88,225.39
2025-06-02 09:00:00,18.92,86.4,56,12,12.0,12.26,7.19,239.21,261.53
2025-06-02 10:00:00,24.94,75.33,61,11,12.0,13.59,7.43,255.67,240.68
2025-06-02 11:00:00,30.7,71.51,51,7,12.0,13.69,7.17,240.51,255.27
2025-06-02 12:00:00,25.1,84.14,54,10,12.0,15.49,7.18,230.34,255.47
2025-06-02 13:00:00,25.14,78.06,53,9,12.0,15.19,6.25,245.43,238.42
2025-06-02 14:00:00,28.93,82.26,64,11,12.0,10.3,5.82,247.27,242.93
2025-06-02 15:00:00,29.82,55.37,53,8,12.0,11.45,5.53,226.18,228.93
2025-06-02 16:00:00,32.98,71.74,45,8,12.0,7.59,5.47,243.96,229.61
2025-06-02 17:00:00,27.68,68.61,42,4,12.0,4.6,5.96,255.84,208.5
2025-06-02 18:00:00,33.29,80.59,58,11,12.0,0.0,6.65,249.35,274.84
2025-06-02 19:00:00,33.34,79.09,49,3,12.0,0.0,6.26,254.88,216.75
2025-06-02 20:00:00,31.64,69.68,15,3,11.0,0.0,5.74,172.07,189.46
2025-06-02 21:00:00,32.71,79.45,0,1,5.5,0.0,6.2,194.32,151.03
2025-06-02 22:00:00,34.04,80.26,6,2,10.4,0.0,5.91,177.32,175.3
2025-06-02 23:00:00,33.01,69.01,0,2,5.0,4.88,6.12,168.38,143.15
2025-06-03 00:00:00,27.14,89.9,13,2,10.7,1.64,6.14,198.56,175.71
2025-06-03 01:00:00,31.09,69.62,15,1,10.9,0.64,6.37,157.65,152.26
2025-06-03 02:00:00,27.84,70.61,13,4,9.2,1.92,7.09,174.65,185.42
2025-06-03 03:00:00,27.15,78.66,1,5,5.0,0.0,7.58,167.85,185.34
2025-06-03 04:00:00,26.18,70.8,4,2,9.0,0.0,7.56,197.86,173.81
2025-06-03 05:00:00,24.8,74.84,12,5,9.0,0.0,7.78,162.11,193.28
2025-06-03 06:00:00,27.52,82.21,0,4,4.3,0.0,7.57,178.18,171.64
2025-06-03 07:00:00,23.93,74.99,8,1,6.3,2.32,7.26,160.14,169.38
2025-06-03 08:00:00,21.2,64.89,67,9,12.0,6.97,7.01,221.22,256.57
2025-06-03 09:00:00,23.15,77.96,54,7,12.0,10.03,7.27,260.02,248.44
2025-06-03 10:00:00,24.98,69.24,43,6,12.0,14.78,6.31,232.54,218.29
2025-06-03 11:00:00,28.24,77.89,50,11,12.0,15.57,6.5,255.02,245.74
2025-06-03 12:00:00,27.51,77.22,50,8,12.0,11.03,6.22,253.66,249.76
2025-06-03 13:00:00,24.84,84.51,70,12,12.0,12.93,6.73,245.17,259.33
2025-06-03 14:00:00,34.21,74.0,68,10,12.0,9.91,5.62,238.7,262.38
2025-06-03 15:00:00,29.7,78.44,61,8,12.0,4.68,6.26,226.79,223.05
2025-06-03 16:00:00,33.19,63.68,52,9,12.0,7.17,5.94,234.13,232.58
2025-06-03 17:00:00,30.45,75.91,65,12,12.0,4.78,5.87,208.33,264.09
2025-06-03 18:00:00,32.8,82.42,46,8,12.0,0.14,5.54,274.02,237.67
2025-06-03 19:00:00,33.96,63.01,64,10,12.0,0.87,5.22,215.88,272.22
2025-06-03 20:00:00,35.05,79.67,17,2,10.2,0.0,5.98,184.51,191.98
2025-06-03 21:00:00,34.51,63.6,9,4,7.0,0.0,6.24,148.86,155.74
2025-06-03 22:00:00,33.64,62.08,19,6,12.0,0.0,6.27,175.7,203.19
2025-06-03 23:00:00,30.04,72.64,6,3,8.0,2.74,6.24,137.34,148.95
2025-06-04 00:00:00,28.57,76.61,0,1,5.0,0.75,6.1,170.4,125.18
2025-06-04 01:00:00,29.87,77.08,18,7,8.9,0.0,6.49,158.34,204.11
2025-06-04 02:00:00,30.33,63.63,9,2,6.2,0.26,7.06,187.92,168.09
2025-06-04 03:00:00,26.41,76.16,15,4,10.6,2.55,6.79,186.85,190.44
2025-06-04 04:00:00,28.66,66.74,25,6,12.0,1.52,6.86,171.09,219.45
2025-06-04 05:00:00,28.8,61.02,4,4,6.4,2.57,6.77,194.38,160.84
2025-06-04 06:00:00,22.25,69.53,9,1,9.5,0.0,7.49,159.62,175.07
2025-06-04 07:00:00,22.04,70.91,23,5,10.6,3.88,7.45,163.34,181.77
2025-06-04 08:00:00,23.65,78.7,60,9,12.0,6.3,7.6,259.7,245.44
2025-06-04 09:00:00,24.91,82.23,49,10,12.0,11.09,6.32,245.07,246.71
2025-06-04 10:00:00,23.22,65.03,47,8,12.0,10.43,7.31,217.24,230.9
2025-06-04 11:00:00,28.55,74.08,51,10,12.0,11.79,7.1,247.53,237.67
2025-06-04 12:00:00,27.06,64.42,49,9,12.0,13.99,6.92,246.0,222.9
2025-06-04 13:00:00,27.06,77.06,57,9,12.0,11.68,6.33,256.23,247.51
2025-06-04 14:00:00,24.41,70.15,56,9,12.0,12.64,6.18,260.58,236.19
2025-06-04 15:00:00,25.75,66.22,57,11,12.0,5.82,6.01,223.81,235.44
2025-06-04 16:00:00,30.7,75.71,48,6,12.0,9.35,5.49,224.43,213.74
2025-06-04 17:00:00,25.5,69.64,54,10,12.0,0.0,5.42,265.6,231.09
2025-06-04 18:00:00,34.0,65.59,39,6,12.0,1.81,5.78,237.55,195.6
2025-06-04 19:00:00,31.47,54.03,56,7,12.0,0.0,5.64,272.77,258.32
2025-06-04 20:00:00,40.0,70.23,19,6,10.9,0.0,6.06,188.28,210.86
2025-06-04 21:00:00,37.63,71.0,0,1,7.9,0.34,5.81,155.49,169.56
2025-06-04 22:00:00,31.01,69.93,14,4,9.0,1.77,5.59,207.97,171.52
2025-06-04 23:00:00,30.56,59.51,5,2,7.0,2.32,5.8,152.35,140.62
2025-06-05 00:00:00,32.49,77.32,16,1,9.1,2.25,6.23,131.32,164.57
2025-06-05 01:00:00,33.29,63.63,11,4,9.4,0.0,6.96,199.61,175.95
2025-06-05 02:00:00,23.9,71.69,13,4,10.7,0.41,6.72,171.5,171.3
2025-06-05 03:00:00,22.5,92.04,11,1,12.0,0.0,7.17,187.32,150.85
2025-06-05 04:00:00,24.44,69.56,21,3,10.5,0.16,6.61,208.11,182.22
2025-06-05 05:00:00,26.63,78.16,13,1,6.7,0.68,7.33,165.5,161.64
2025-06-05 06:00:00,25.78,77.49,4,4,5.9,0.0,7.31,178.93,176.87
2025-06-05 07:00:00,26.81,75.56,11,5,7.6,0.0,7.69,189.19,191.0
2025-06-05 08:00:00,21.0,78.87,52,10,12.0,5.81,7.25,238.12,242.4
2025-06-05 09:00:00,18.35,81.39,56,10,12.0,13.71,7.33,247.53,245.31
2025-06-05 10:00:00,26.68,74.83,52,7,12.0,12.91,7.58,229.78,223.12
2025-06-05 11:00:00,23.1,75.07,50,9,12.0,12.55,6.72,243.39,216.4
2025-06-05 12:00:00,20.95,87.51,57,9,12.0,13.68,7.04,215.95,234.73
2025-06-05 13:00:00,27.33,63.28,55,9,12.0,14.29,6.34,246.24,238.14
2025-06-05 14:00:00,29.98,77.76,64,11,12.0,9.03,5.91,236.66,262.07
2025-06-05 15:00:00,28.73,77.25,52,10,12.0,6.91,5.9,239.15,259.26
2025-06-05 16:00:00,28.86,76.29,39,6,12.0,5.53,5.63,215.81,219.18
2025-06-05 17:00:00,30.43,78.12,52,6,12.0,2.6,5.56,230.93,244.16
2025-06-05 18:00:00,30.54,69.58,42,7,12.0,3.59,5.5,194.05,214.24
2025-06-05 19:00:00,28.49,58.57,58,9,12.0,0.14,5.62,257.88,251.35
2025-06-05 20:00:00,30.21,69.94,0,2,4.8,0.0,6.06,214.62,127.66
2025-06-05 21:00:00,33.17,61.44,2,3,6.8,0.11,5.34,165.43,145.08
2025-06-05 22:00:00,32.27,63.89,7,1,3.9,0.0,6.2,170.35,153.35
2025-06-05 23:00:00,31.25,61.03,22,4,10.8,0.0,6.34,139.45,182.85
2025-06-06 00:00:00,27.51,69.0,1,1,4.7,0.0,6.98,154.14,132.46
2025-06-06 01:00:00,28.58,67.42,10,5,6.5,0.0,6.58,166.17,179.87
2025-06-06 02:00:00,22.56,59.17,15,3,10.3,2.47,7.3,163.84,162.06
2025-06-06 03:00:00,27.41,77.31,22,4,12.0,1.32,6.76,149.78,210.49
2025-06-06 04:00:00,29.57,86.44,16,5,9.7,0.0,7.03,184.72,195.98
2025-06-06 05:00:00,21.49,80.8,19,3,12.0,0.0,7.42,158.55,184.58
2025-06-06 06:00:00,23.07,74.03,17,4,11.1,0.0,7.51,168.75,191.54
2025-06-06 07:00:00,24.96,73.75,0,5,2.8,3.25,7.18,195.72,152.02
2025-06-06 08:00:00,27.13,69.66,58,12,12.0,7.4,7.27,243.8,273.39
2025-06-06 09:00:00,23.02,76.12,62,9,12.0,10.73,7.01,244.19,241.48
2025-06-06 10:00:00,22.81,75.38,47,7,12.0,10.1,7.18,224.34,192.37
2025-06-06 11:00:00,20.25,71.54,50,7,12.0,13.17,6.66,211.13,201.02
2025-06-06 12:00:00,26.26,85.0,49,5,12.0,13.89,6.42,239.89,212.17
2025-06-06 13:00:00,32.07,58.74,61,11,12.0,15.92,6.64,239.73,264.7
2025-06-06 14:00:00,28.69,76.54,54,12,12.0,13.67,6.17,261.33,275.09
2025-06-06 15:00:00,28.98,70.61,52,8,12.0,7.03,6.17,257.56,228.46
2025-06-06 16:00:00,30.81,83.34,45,6,12.0,3.23,6.68,219.54,219.44
2025-06-06 17:00:00,30.8,72.43,54,8,12.0,3.4,5.03,246.57,243.79
2025-06-06 18:00:00,29.43,68.48,50,8,12.0,0.0,5.34,205.53,238.16
2025-06-06 19:00:00,33.92,66.12,57,7,12.0,0.0,5.4,247.44,251.29
2025-06-06 20:00:00,32.56,69.08,1,1,3.7,0.0,5.51,126.01,134.88
2025-06-06 21:00:00,31.91,61.27,11,5,7.0,1.16,6.43,143.22,148.95
2025-06-06 22:00:00,29.03,65.91,6,3,8.9,0.0,5.17,149.79,160.25
2025-06-06 23:00:00,34.09,55.24,0,4,2.7,3.7,6.46,186.74,150.36
2025-06-07 00:00:00,31.66,62.98,0,3,5.2,0.0,5.96,129.01,139.01
2025-06-07 01:00:00,27.65,72.9,1,1,2.7,1.27,6.72,174.52,150.91
2025-06-07 02:00:00,30.5,72.35,8,2,10.3,0.0,6.99,159.72,188.97
2025-06-07 03:00:00,25.72,59.74,11,4,8.9,0.0,7.38,218.02,188.45
2025-06-07 04:00:00,24.04,73.81,12,2,10.7,0.0,7.1,196.05,173.53
2025-06-07 05:00:00,23.27,79.25,12,2,9.6,0.0,7.21,182.17,179.28
2025-06-07 06:00:00,20.11,76.38,4,1,5.9,0.29,6.58,189.89,137.36
2025-06-07 07:00:00,25.32,69.44,18,5,11.4,3.57,8.07,143.26,183.73
2025-06-07 08:00:00,19.42,75.12,51,8,12.0,5.61,7.3,272.45,239.12
2025-06-07 09:00:00,21.07,73.07,59,11,12.0,10.2,7.22,242.67,240.63
2025-06-07 10:00:00,19.35,73.6,54,7,12.0,14.2,7.28,194.56,227.64
2025-06-07 11:00:00,24.96,75.35,58,5,12.0,13.3,6.68,200.23,233.14
2025-06-07 12:00:00,25.62,89.82,53,8,12.0,12.54,6.65,208.43,230.52
2025-06-07 13:00:00,26.15,68.09,58,11,12.0,14.32,6.54,269.22,275.6
2025-06-07 14:00:00,25.39,71.6,55,9,12.0,13.01,5.58,273.22,229.77
2025-06-07 15:00:00,26.1,72.96,62,7,12.0,9.33,6.12,223.55,245.03
2025-06-07 16:00:00,31.16,64.98,48,5,12.0,9.75,6.53,215.59,222.1
2025-06-07 17:00:00,29.45,78.67,41,9,12.0,3.02,6.34,242.11,245.64
2025-06-07 18:00:00,32.25,52.43,47,6,12.0,2.98,6.24,236.68,227.58
2025-06-07 19:00:00,29.65,67.13,64,12,12.0,0.0,6.4,248.58,261.13
2025-06-07 20:00:00,32.45,74.61,9,4,8.5,1.7,5.37,136.44,177.52
2025-06-07 21:00:00,35.12,64.96,11,2,11.1,0.0,5.75,148.51,161.74
2025-06-07 22:00:00,32.93,62.8,2,4,7.8,0.54,5.78,164.67,156.6
2025-06-07 23:00:00,29.8,73.83,11,2,8.5,0.0,7.52,150.75,168.47
2025-06-08 00:00:00,30.64,76.49,2,1,5.6,4.34,6.59,137.23,145.67
2025-06-08 01:00:00,28.43,73.17,3,1,5.3,0.63,6.21,148.38,148.14
2025-06-08 02:00:00,28.02,66.38,7,4,10.0,2.03,6.51,186.98,172.88
2025-06-08 03:00:00,26.15,76.49,14,5,8.0,0.0,7.1,183.07,191.05
2025-06-08 04:00:00,25.59,70.87,14,3,8.5,0.34,6.72,172.35,173.17
2025-06-08 05:00:00,25.7,78.83,15,1,9.7,0.0,7.93,181.68,187.87
2025-06-08 06:00:00,22.05,86.55,0,1,2.7,0.0,7.58,141.25,133.92
2025-06-08 07:00:00,21.6,58.24,10,2,7.3,6.19,7.38,184.62,143.78
2025-06-08 08:00:00,20.53,78.01,53,6,12.0,7.29,6.82,256.04,221.15
2025-06-08 09:00:00,20.14,65.35,43,8,12.0,9.79,6.6,242.25,218.63
2025-06-08 10:00:00,21.49,93.65,55,12,12.0,13.37,7.02,218.97,267.29
2025-06-08 11:00:00,25.57,70.42,53,10,12.0,11.81,6.76,235.21,248.18
2025-06-08 12:00:00,23.77,80.19,59,7,12.0,14.32,6.05,236.17,231.08
2025-06-08 13:00:00,28.25,71.58,56,8,12.0,13.7,6.27,274.27,241.8
2025-06-08 14:00:00,28.09,66.32,51,7,12.0,12.39,6.08,222.45,215.59
2025-06-08 15:00:00,24.11,68.27,62,10,12.0,11.95,6.19,235.98,227.27
2025-06-08 16:00:00,31.64,80.55,37,9,12.0,6.15,6.54,221.62,219.93
2025-06-08 17:00:00,32.86,75.29,54,8,12.0,2.56,5.0,240.57,236.67
2025-06-08 18:00:00,28.98,84.92,41,9,12.0,0.0,5.98,226.53,264.65
2025-06-08 19:00:00,32.91,68.95,48,11,12.0,0.0,5.48,259.25,279.06
2025-06-08 20:00:00,29.86,72.71,14,3,4.7,2.2,5.95,184.86,186.69
2025-06-08 21:00:00,32.11,67.25,0,1,3.3,0.0,5.98,165.92,127.75
2025-06-08 22:00:00,28.3,69.78,0,1,0.7,2.05,6.28,153.78,152.6
2025-06-08 23:00:00,26.35,65.86,29,6,12.0,0.54,5.86,166.39,199.28
2025-06-09 00:00:00,29.04,71.86,0,1,1.6,0.0,6.84,150.32,156.83
2025-06-09 01:00:00,28.73,65.97,23,6,12.0,0.0,6.72,148.74,211.43
2025-06-09 02:00:00,27.01,75.79,9,1,5.8,0.0,7.39,174.46,147.22
2025-06-09 03:00:00,24.0,75.99,6,2,8.2,0.0,7.62,196.95,180.99
2025-06-09 04:00:00,25.0,76.11,15,4,11.8,2.04,7.28,169.31,206.85
2025-06-09 05:00:00,25.84,85.23,21,6,12.0,2.6,7.62,192.63,193.92
2025-06-09 06:00:00,24.42,74.24,1,5,1.6,0.19,7.62,131.95,159.67
2025-06-09 07:00:00,24.59,79.68,6,1,9.3,5.48,7.74,132.56,135.17
2025-06-09 08:00:00,22.32,90.33,62,8,12.0,5.89,7.64,215.31,251.68
2025-06-09 09:00:00,27.07,81.8,57,5,12.0,8.64,6.66,213.99,234.95
2025-06-09 10:00:00,21.6,84.56,64,8,12.0,13.67,7.0,273.99,240.55
2025-06-09 11:00:00,26.39,70.98,59,6,12.0,13.86,6.22,247.55,253.42
2025-06-09 12:00:00,28.95,72.94,69,9,12.0,15.47,6.32,229.56,243.27
2025-06-09 13:00:00,28.17,62.66,56,8,12.0,13.63,6.12,249.28,233.08
2025-06-09 14:00:00,27.49,75.85,57,10,12.0,11.37,6.3,211.7,254.67
2025-06-09 15:00:00,27.71,74.12,58,9,12.0,9.47,5.85,225.3,226.37
2025-06-09 16:00:00,32.59,68.95,54,9,12.0,7.61,5.75,220.08,234.37
2025-06-09 17:00:00,27.27,79.7,62,10,12.0,4.1,6.08,236.41,267.59
2025-06-09 18:00:00,29.04,62.82,57,7,12.0,0.0,6.01,266.34,256.92
2025-06-09 19:00:00,30.87,81.44,61,7,12.0,0.0,5.82,281.8,245.72
2025-06-09 20:00:00,35.09,73.35,18,5,10.4,0.0,6.07,182.54,204.3
2025-06-09 21:00:00,32.81,68.14,13,6,9.1,0.0,6.16,118.39,204.63
2025-06-09 22:00:00,29.04,70.23,14,7,9.0,0.0,6.79,154.58,182.99
2025-06-09 23:00:00,30.05,73.93,2,4,8.6,0.0,6.22,190.02,172.84
2025-06-10 00:00:00,28.46,82.32,6,5,7.9,4.42,6.24,158.44,162.12
2025-06-10 01:00:00,27.26,73.23,17,5,11.7,0.0,6.78,215.1,176.56
2025-06-10 02:00:00,30.45,71.3,21,5,11.6,0.0,6.57,152.85,204.23
2025-06-10 03:00:00,23.54,75.25,0,2,2.2,3.25,6.94,180.34,133.19
2025-06-10 04:00:00,30.02,83.06,5,2,6.7,0.0,7.35,216.89,157.44
2025-06-10 05:00:00,27.24,69.95,10,4,12.0,0.0,7.1,186.97,182.81
2025-06-10 06:00:00,27.26,72.31,3,2,6.5,0.0,7.22,166.95,157.7
2025-06-10 07:00:00,22.98,85.76,3,2,8.3,2.63,7.18,131.34,158.96
2025-06-10 08:00:00,23.63,76.09,59,7,12.0,5.72,7.04,251.86,260.5
2025-06-10 09:00:00,20.55,85.17,68,11,12.0,8.06,6.68,235.73,278.55
2025-06-10 10:00:00,23.22,68.96,39,5,12.0,11.75,7.25,247.29,205.02
2025-06-10 11:00:00,26.41,71.68,54,9,12.0,16.8,7.19,247.93,232.55
2025-06-10 12:00:00,29.24,81.52,59,10,12.0,10.78,6.83,253.95,273.69
2025-06-10 13:00:00,24.2,69.93,61,10,12.0,15.2,6.62,222.36,242.38
2025-06-10 14:00:00,27.09,71.58,58,10,12.0,15.19,5.95,254.27,234.17
2025-06-10 15:00:00,28.66,73.34,69,10,12.0,8.65,6.0,229.24,264.37
2025-06-10 16:00:00,26.51,66.12,55,9,12.0,7.75,5.53,239.54,212.96
2025-06-10 17:00:00,32.31,66.09,65,9,12.0,3.38,5.68,260.45,255.1
2025-06-10 18:00:00,29.65,71.63,50,5,12.0,0.0,5.68,247.07,219.26
2025-06-10 19:00:00,31.38,69.96,55,9,12.0,2.44,5.24,252.28,237.39
2025-06-10 20:00:00,30.87,78.95,0,2,3.4,0.07,5.85,205.52,143.55
2025-06-10 21:00:00,29.89,81.47,17,6,10.4,0.0,5.75,195.11,202.09
2025-06-10 22:00:00,31.45,63.59,9,3,3.4,0.0,6.19,180.44,177.33
2025-06-10 23:00:00,30.29,71.18,13,1,8.1,1.04,6.21,169.15,157.85
2025-06-11 00:00:00,29.07,75.97,7,3,9.4,0.3,6.62,167.79,165.37
2025-06-11 01:00:00,27.21,83.16,15,5,10.9,1.21,6.95,174.75,180.99
2025-06-11 02:00:00,28.8,76.47,13,4,10.4,1.11,6.46,203.32,190.99
2025-06-11 03:00:00,31.1,71.87,2,2,2.0,0.0,6.95,131.91,131.21
2025-06-11 04:00:00,26.35,77.82,3,1,5.2,0.0,6.97,165.8,146.77
2025-06-11 05:00:00,27.66,76.95,10,2,8.3,0.0,7.69,187.35,178.41
2025-06-11 06:00:00,21.06,70.36,15,5,11.2,0.0,7.89,161.16,179.64
2025-06-11 07:00:00,24.53,75.78,25,3,12.0,3.95,7.29,159.97,189.7
2025-06-11 08:00:00,21.26,86.93,57,8,12.0,10.04,7.33,261.46,255.33
2025-06-11 09:00:00,20.44,75.84,63,10,12.0,9.8,6.55,274.0,252.14
2025-06-11 10:00:00,22.69,76.62,42,9,12.0,13.51,7.01,209.37,237.17
2025-06-11 11:00:00,28.15,70.2,70,11,12.0,14.28,6.62,230.67,290.0
2025-06-11 12:00:00,28.38,55.54,60,11,12.0,11.23,6.98,267.29,264.41
2025-06-11 13:00:00,27.57,72.44,55,9,12.0,10.94,6.21,241.64,237.64
2025-06-11 14:00:00,24.17,76.79,54,7,12.0,14.43,5.81,234.24,239.92
2025-06-11 15:00:00,28.54,68.03,46,7,12.0,8.14,5.46,271.1,190.14
2025-06-11 16:00:00,30.75,61.99,48,6,12.0,7.74,5.87,217.24,203.68
2025-06-11 17:00:00,31.27,63.55,70,11,12.0,1.58,5.54,250.16,283.03
2025-06-11 18:00:00,26.85,78.15,47,7,12.0,1.49,6.13,224.45,255.06
2025-06-11 19:00:00,29.64,84.66,47,7,12.0,0.49,5.95,224.41,239.79
2025-06-11 20:00:00,31.84,78.99,4,3,7.0,0.0,5.77,145.63,158.72
2025-06-11 21:00:00,33.2,58.95,0,4,6.9,1.33,6.15,198.65,150.44
2025-06-11 22:00:00,25.97,79.4,10,4,11.6,0.52,6.71,170.31,178.57
2025-06-11 23:00:00,30.42,65.66,19,3,8.6,0.0,5.89,151.95,193.5
2025-06-12 00:00:00,30.36,66.27,5,3,5.2,0.02,6.28,172.7,167.28
2025-06-12 01:00:00,31.16,66.55,0,4,4.1,1.34,7.39,183.25,159.45
2025-06-12 02:00:00,29.73,75.73,12,4,9.3,2.22,6.64,192.88,194.44
2025-06-12 03:00:00,28.42,78.42,10,1,9.5,0.0,7.3,136.06,175.59
2025-06-12 04:00:00,24.0,74.11,18,3,10.3,3.57,7.61,145.6,188.05
2025-06-12 05:00:00,20.4,76.75,6,1,5.7,0.0,7.27,185.3,159.14
2025-06-12 06:00:00,23.55,78.36,8,5,9.7,0.0,7.54,178.53,168.48
2025-06-12 07:00:00,26.64,76.93,9,5,9.2,0.8,7.17,173.95,182.83
2025-06-12 08:00:00,27.48,80.6,56,8,12.0,6.98,7.83,263.37,257.38
2025-06-12 09:00:00,25.91,64.47,52,7,12.0,9.92,6.91,237.39,221.98
2025-06-12 10:00:00,25.61,73.81,51,8,12.0,12.38,6.57,235.84,221.75
2025-06-12 11:00:00,26.12,65.84,40,7,12.0,12.19,7.02,293.76,209.05
2025-06-12 12:00:00,24.61,74.02,50,7,12.0,18.45,6.75,252.66,231.59
2025-06-12 13:00:00,26.64,71.37,61,9,12.0,16.54,6.35,236.91,239.87
2025-06-12 14:00:00,32.17,68.75,62,7,12.0,9.84,6.11,239.11,250.02
2025-06-12 15:00:00,26.68,67.33,51,10,12.0,9.7,5.76,194.73,237.9
2025-06-12 16:00:00,34.04,57.36,65,7,12.0,7.1,5.55,206.09,259.73
2025-06-12 17:00:00,30.02,55.92,55,6,12.0,4.99,5.52,276.33,235.9
2025-06-12 18:00:00,34.78,66.34,44,8,12.0,0.0,5.81,251.82,238.82
2025-06-12 19:00:00,28.35,68.74,42,5,12.0,0.0,5.65,234.43,211.67
2025-06-12 20:00:00,33.46,63.44,20,4,9.7,0.0,5.29,149.44,198.53
2025-06-12 21:00:00,30.02,79.84,7,3,8.9,3.01,5.79,147.19,153.76
2025-06-12 22:00:00,27.93,66.04,0,3,1.7,0.0,6.03,185.99,152.59
2025-06-12 23:00:00,31.37,79.56,0,2,7.4,1.62,6.47,195.72,146.08
2025-06-13 00:00:00,32.52,80.2,7,6,9.1,1.18,6.6,169.41,181.7
2025-06-13 01:00:00,26.92,59.1,13,4,7.4,0.0,7.32,153.4,182.98
2025-06-13 02:00:00,24.25,75.27,4,4,6.2,1.65,6.56,184.69,185.16
2025-06-13 03:00:00,26.74,70.09,2,3,4.0,0.0,7.26,178.43,131.33
2025-06-13 04:00:00,25.78,53.17,6,6,8.3,0.0,7.41,193.1,187.95
2025-06-13 05:00:00,26.54,62.91,20,6,12.0,0.0,7.37,159.96,211.29
2025-06-13 06:00:00,26.91,78.19,0,2,7.4,0.2,7.2,172.28,152.91
2025-06-13 07:00:00,23.99,88.94,5,4,5.4,2.04,7.03,181.16,166.48
2025-06-13 08:00:00,28.64,77.87,65,9,12.0,11.38,7.18,257.66,252.71
2025-06-13 09:00:00,24.7,76.58,59,9,12.0,10.02,6.44,218.37,241.35
2025-06-13 10:00:00,23.67,74.88,56,7,12.0,13.76,6.58,223.68,238.03
2025-06-13 11:00:00,21.14,88.58,50,7,12.0,14.83,6.37,208.12,207.22
2025-06-13 12:00:00,25.34,88.9,55,12,12.0,13.84,6.68,234.62,253.16
2025-06-13 13:00:00,26.12,69.21,51,6,12.0,15.51,6.51,243.78,210.54
2025-06-13 14:00:00,30.4,56.32,48,7,12.0,12.19,5.72,248.25,217.93
2025-06-13 15:00:00,30.19,55.78,46,7,12.0,10.85,5.48,240.47,232.31
2025-06-13 16:00:00,27.05,81.92,61,9,12.0,11.72,5.3,256.25,227.06
2025-06-13 17:00:00,31.26,69.39,55,9,12.0,4.01,6.07,244.88,246.85
2025-06-13 18:00:00,33.14,69.68,58,8,12.0,0.0,6.02,245.88,259.4
2025-06-13 19:00:00,35.68,54.09,56,9,12.0,0.0,5.95,213.14,260.6
2025-06-13 20:00:00,34.22,62.37,14,5,9.7,0.0,6.33,194.73,178.35
2025-06-13 21:00:00,33.77,65.9,8,5,8.2,0.23,6.56,154.98,180.63
2025-06-13 22:00:00,31.61,70.92,6,2,8.4,0.12,5.75,146.53,147.07
2025-06-13 23:00:00,31.8,66.55,3,3,5.2,0.0,6.15,148.13,150.06
2025-06-14 00:00:00,33.12,61.15,0,1,6.5,0.0,6.77,171.04,176.46
2025-06-14 01:00:00,25.7,68.12,1,1,7.6,0.0,5.74,177.59,156.21
2025-06-14 02:00:00,27.13,81.07,7,1,8.3,0.12,6.81,187.0,165.94
2025-06-14 03:00:00,25.03,75.79,0,2,3.9,0.13,7.4,138.29,156.49
2025-06-14 04:00:00,26.95,77.02,0,1,6.9,0.91,7.07,189.78,146.76
2025-06-14 05:00:00,28.25,65.53,18,2,12.0,0.73,7.53,209.69,199.26
2025-06-14 06:00:00,23.04,54.79,12,3,10.4,0.0,6.6,148.09,172.03
2025-06-14 07:00:00,18.16,75.23,6,1,10.2,1.58,7.37,163.92,149.37
2025-06-14 08:00:00,22.97,69.46,70,12,12.0,8.04,7.03,243.87,280.26
2025-06-14 09:00:00,26.42,75.55,42,6,12.0,10.35,6.99,239.36,219.88
2025-06-14 10:00:00,25.88,95.0,63,11,12.0,9.94,6.57,249.04,273.12
2025-06-14 11:00:00,26.24,78.1,54,8,12.0,14.77,7.27,207.86,247.83
2025-06-14 12:00:00,25.3,93.04,61,8,12.0,15.91,6.52,255.25,243.53
2025-06-14 13:00:00,23.77,78.94,56,10,12.0,15.1,6.34,201.24,207.85
2025-06-14 14:00:00,29.29,66.69,40,7,12.0,14.05,6.82,224.96,208.37
2025-06-14 15:00:00,26.95,75.17,56,12,12.0,8.4,5.61,239.92,242.26
2025-06-14 16:00:00,35.46,79.24,58,8,12.0,8.7,5.86,228.14,261.03
2025-06-14 17:00:00,32.25,81.83,37,6,12.0,3.31,5.49,249.92,211.97
2025-06-14 18:00:00,30.01,66.56,70,12,12.0,4.09,5.44,256.06,272.02
2025-06-14 19:00:00,30.34,72.14,57,10,12.0,1.79,5.83,259.22,268.79
2025-06-14 20:00:00,31.77,59.36,15,4,8.6,0.86,5.71,191.82,169.48
2025-06-14 21:00:00,31.26,75.49,1,7,5.9,3.43,6.63,178.29,172.12
2025-06-14 22:00:00,34.26,78.49,16,3,10.9,0.0,6.72,156.22,186.24
2025-06-14 23:00:00,31.29,69.97,19,2,12.0,1.1,6.24,160.33,183.83
2025-06-15 00:00:00,28.17,67.21,12,2,9.8,4.47,5.96,178.67,155.07
2025-06-15 01:00:00,33.76,70.49,10,3,6.0,1.63,6.61,155.61,172.63
2025-06-15 02:00:00,28.12,74.84,3,5,5.0,0.3,7.27,159.32,177.54
2025-06-15 03:00:00,28.89,71.95,8,3,9.3,0.0,6.76,159.18,168.72
2025-06-15 04:00:00,24.48,75.72,6,5,3.5,0.0,7.75,146.84,161.92
2025-06-15 05:00:00,26.08,72.13,15,4,7.4,0.0,7.48,198.73,214.45
2025-06-15 06:00:00,25.31,80.85,3,4,5.3,0.0,6.89,169.64,170.59
2025-06-15 07:00:00,19.41,83.17,15,4,12.0,3.16,7.04,150.88,187.47
2025-06-15 08:00:00,29.04,64.39,48,8,12.0,6.78,7.01,282.6,242.33
2025-06-15 09:00:00,27.36,65.37,53,9,12.0,11.88,6.78,219.71,263.23
2025-06-15 10:00:00,23.54,73.34,60,8,12.0,11.31,6.5,279.01,262.75
2025-06-15 11:00:00,22.42,81.07,49,7,12.0,12.33,6.51,247.74,219.67
2025-06-15 12:00:00,26.87,73.83,60,10,12.0,15.77,6.37,242.78,266.09
2025-06-15 13:00:00,27.18,68.07,59,12,12.0,14.92,6.75,202.23,275.18
2025-06-15 14:00:00,28.89,73.21,53,6,12.0,11.64,6.25,207.32,207.27
2025-06-15 15:00:00,29.51,68.62,64,7,12.0,11.1,6.11,241.93,258.95
2025-06-15 16:00:00,31.27,75.88,56,8,12.0,6.48,5.93,248.74,239.55
2025-06-15 17:00:00,34.45,69.82,64,11,12.0,3.2,5.45,214.53,291.66
2025-06-15 18:00:00,32.88,66.37,69,10,12.0,3.11,6.1,276.6,266.96
2025-06-15 19:00:00,29.24,72.75,53,7,12.0,0.0,5.58,279.79,248.79
2025-06-15 20:00:00,35.41,76.02,15,4,11.6,0.0,5.69,164.83,172.65
2025-06-15 21:00:00,35.97,62.44,5,1,8.2,0.04,6.07,171.58,177.95
2025-06-15 22:00:00,39.34,66.88,2,3,5.0,0.0,6.97,188.51,173.12
2025-06-15 23:00:00,28.02,71.49,8,2,5.3,0.0,6.1,183.55,173.09
2025-06-16 00:00:00,30.61,73.16,0,2,4.7,0.51,5.93,151.33,138.58
2025-06-16 01:00:00,23.83,70.34,2,3,8.1,3.96,6.81,165.28,152.14
2025-06-16 02:00:00,29.38,71.8,15,4,7.7,0.18,7.14,177.9,202.83
2025-06-16 03:00:00,25.59,81.44,6,2,9.2,0.88,6.91,174.87,163.61
2025-06-16 04:00:00,30.81,63.47,16,5,7.2,0.69,6.99,161.94,197.33
2025-06-16 05:00:00,23.24,66.03,12,5,6.9,4.54,6.83,214.14,179.33
2025-06-16 06:00:00,20.31,68.34,25,2,12.0,2.01,7.42,172.52,166.7
2025-06-16 07:00:00,22.96,67.33,14,3,11.8,0.72,7.95,191.24,175.31
2025-06-16 08:00:00,19.06,82.42,64,8,12.0,9.46,7.79,243.97,263.24
2025-06-16 09:00:00,26.01,63.55,58,7,12.0,8.01,7.17,257.04,221.75
2025-06-16 10:00:00,19.37,75.95,57,10,12.0,10.82,6.75,265.05,254.85
2025-06-16 11:00:00,25.24,78.26,64,9,12.0,10.92,6.84,216.53,247.78
2025-06-16 12:00:00,20.81,79.95,60,9,12.0,17.64,6.39,262.49,257.93
2025-06-16 13:00:00,26.16,70.59,57,8,12.0,15.9,6.07,269.78,237.64
2025-06-16 14:00:00,32.11,70.46,57,9,12.0,14.59,6.16,206.84,236.15
2025-06-16 15:00:00,29.94,71.39,59,10,12.0,11.97,6.38,256.26,261.48
2025-06-16 16:00:00,27.84,70.54,50,11,12.0,8.38,5.74,238.08,256.17
2025-06-16 17:00:00,30.75,68.6,49,8,12.0,2.98,5.66,286.67,242.15
2025-06-16 18:00:00,31.51,85.19,66,8,12.0,0.41,5.61,271.44,255.99
2025-06-16 19:00:00,33.05,74.13,70,10,12.0,0.0,6.0,246.83,294.1
2025-06-16 20:00:00,28.58,88.96,3,4,7.5,0.0,6.11,169.02,145.42
2025-06-16 21:00:00,33.35,64.78,5,1,7.7,0.0,5.56,169.5,166.01
2025-06-16 22:00:00,24.7,73.71,19,2,12.0,4.71,6.04,181.53,139.15
2025-06-16 23:00:00,29.25,61.8,14,3,9.6,0.0,6.68,165.32,176.29
2025-06-17 00:00:00,28.78,65.79,15,3,12.0,2.0,6.38,140.01,173.42
2025-06-17 01:00:00,30.62,83.48,17,2,12.0,4.15,7.19,155.45,169.76
2025-06-17 02:00:00,28.06,68.31,8,3,8.2,1.56,7.14,200.89,184.8
2025-06-17 03:00:00,23.45,88.62,13,3,8.0,0.0,7.68,165.71,148.24
2025-06-17 04:00:00,23.54,66.42,12,5,11.7,0.0,7.08,199.81,201.62
2025-06-17 05:00:00,25.67,66.26,3,2,3.6,0.24,7.52,183.53,133.06
2025-06-17 06:00:00,24.34,72.17,13,4,7.6,4.51,7.56,169.72,187.17
2025-06-17 07:00:00,22.69,75.27,20,4,12.0,6.47,7.65,173.74,178.48
2025-06-17 08:00:00,22.8,82.1,52,7,12.0,8.07,7.32,261.24,213.73
2025-06-17 09:00:00,25.88,76.64,56,8,12.0,9.49,7.46,232.0,242.92
2025-06-17 10:00:00,23.24,72.42,57,6,12.0,12.88,6.68,260.32,237.13
2025-06-17 11:00:00,24.95,73.2,53,11,12.0,13.9,6.69,244.29,233.76
2025-06-17 12:00:00,31.42,67.37,60,9,12.0,14.37,5.98,259.58,254.85
2025-06-17 13:00:00,23.41,68.81,50,7,12.0,11.77,6.2,239.61,227.26
2025-06-17 14:00:00,23.37,69.02,66,9,12.0,10.34,5.8,236.06,262.82
2025-06-17 15:00:00,30.99,77.1,60,6,12.0,10.56,6.05,270.26,239.47
2025-06-17 16:00:00,28.3,58.99,48,10,12.0,4.68,6.15,255.65,250.42
2025-06-17 17:00:00,30.03,81.9,69,12,12.0,2.37,5.92,241.74,286.86
2025-06-17 18:00:00,29.51,68.54,56,9,12.0,0.06,5.97,260.1,247.36
2025-06-17 19:00:00,31.21,64.34,49,8,12.0,0.66,5.76,289.38,251.28
2025-06-17 20:00:00,36.0,71.58,19,2,11.3,2.23,5.76,142.78,194.93
2025-06-17 21:00:00,33.87,78.29,14,2,11.0,0.0,5.52,173.36,175.22
2025-06-17 22:00:00,33.62,75.89,0,1,6.9,0.0,5.43,139.0,157.0
2025-06-17 23:00:00,27.29,76.01,6,2,7.5,2.61,5.77,172.27,153.88
2025-06-18 00:00:00,27.12,80.22,12,5,12.0,3.35,6.27,174.29,187.97
2025-06-18 01:00:00,21.94,64.23,0,1,4.7,0.0,7.03,170.48,155.44
2025-06-18 02:00:00,25.98,69.76,11,4,12.0,0.0,6.47,191.48,171.01
2025-06-18 03:00:00,29.36,64.67,11,5,11.1,1.09,6.78,153.68,192.3
2025-06-18 04:00:00,27.29,81.07,1,1,1.6,0.1,7.03,202.64,144.16
2025-06-18 05:00:00,24.62,71.68,12,6,12.0,0.11,7.72,141.35,203.64
2025-06-18 06:00:00,24.48,80.38,10,5,10.6,0.0,7.29,193.55,179.76
2025-06-18 07:00:00,22.41,79.66,0,3,5.2,5.06,7.32,180.27,139.14
2025-06-18 08:00:00,24.51,68.41,62,11,12.0,6.53,7.34,209.5,266.81
2025-06-18 09:00:00,26.05,69.26,62,11,12.0,9.36,7.55,251.88,272.71
2025-06-18 10:00:00,20.5,86.31,53,9,12.0,9.86,6.93,243.47,231.62
2025-06-18 11:00:00,25.92,68.03,53,11,12.0,15.11,6.09,227.7,211.12
2025-06-18 12:00:00,28.33,72.64,61,9,12.0,13.28,6.54,251.88,239.3
2025-06-18 13:00:00,25.93,67.97,53,9,12.0,13.43,6.8,220.59,251.5
2025-06-18 14:00:00,29.75,68.58,40,9,12.0,14.5,6.32,257.45,239.32
2025-06-18 15:00:00,36.07,66.03,59,5,12.0,7.81,6.01,245.81,237.38
2025-06-18 16:00:00,29.74,65.3,48,8,12.0,6.83,5.93,250.87,251.11
2025-06-18 17:00:00,31.81,62.61,52,9,12.0,0.51,5.08,283.54,240.39
2025-06-18 18:00:00,29.62,72.87,67,7,12.0,0.0,5.01,251.14,234.55
2025-06-18 19:00:00,32.32,63.07,54,9,12.0,2.58,6.04,255.48,244.58
2025-06-18 20:00:00,33.15,62.72,10,2,9.4,0.0,6.26,201.61,175.21
2025-06-18 21:00:00,32.35,62.38,14,4,9.9,0.47,5.71,178.27,171.39
2025-06-18 22:00:00,28.91,70.81,14,4,12.0,3.21,6.17,160.2,185.13
2025-06-18 23:00:00,31.34,76.26,3,1,6.2,1.1,6.51,149.76,153.8
2025-06-19 00:00:00,33.66,78.59,10,5,7.0,0.0,7.08,188.46,181.41
2025-06-19 01:00:00,30.16,65.41,10,3,9.1,0.0,6.68,155.28,184.3
2025-06-19 02:00:00,30.4,85.37,12,4,11.2,0.0,7.16,159.27,206.18
2025-06-19 03:00:00,26.37,66.11,12,5,11.9,3.12,7.76,194.09,190.0
2025-06-19 04:00:00,27.87,79.67,31,4,12.0,0.0,7.09,135.62,221.63
2025-06-19 05:00:00,25.87,68.44,1,2,5.5,0.0,7.3,207.24,135.54
2025-06-19 06:00:00,22.16,69.99,18,3,12.0,0.0,6.91,177.83,200.94
2025-06-19 07:00:00,24.93,68.93,19,4,10.2,1.47,6.9,137.3,182.27
2025-06-19 08:00:00,21.52,76.17,59,12,12.0,6.01,7.5,264.3,254.0
2025-06-19 09:00:00,22.55,79.87,50,9,12.0,14.68,7.48,269.66,245.41
2025-06-19 10:00:00,25.01,78.78,68,11,12.0,13.97,7.31,230.48,262.87
2025-06-19 11:00:00,25.91,66.85,37,7,12.0,14.49,6.35,215.76,200.5
2025-06-19 12:00:00,23.03,68.55,50,9,12.0,16.39,6.43,233.88,220.87
2025-06-19 13:00:00,29.6,64.46,64,7,12.0,17.19,6.46,251.56,227.67
2025-06-19 14:00:00,29.43,70.22,52,12,12.0,13.18,5.3,249.88,236.99
2025-06-19 15:00:00,27.27,71.04,68,8,12.0,12.78,6.09,234.02,259.62
2025-06-19 16:00:00,26.16,66.64,43,10,12.0,5.72,6.47,251.03,241.3
2025-06-19 17:00:00,30.47,72.16,46,8,12.0,1.9,6.13,244.6,234.02
2025-06-19 18:00:00,30.35,86.19,51,8,12.0,0.0,4.86,245.47,231.08
2025-06-19 19:00:00,32.15,65.56,58,9,12.0,0.59,5.87,252.34,259.6
2025-06-19 20:00:00,31.09,66.8,8,7,8.3,0.0,5.88,174.51,154.09
2025-06-19 21:00:00,26.85,76.73,6,4,8.7,2.65,6.03,173.35,171.03
2025-06-19 22:00:00,30.49,66.34,21,5,11.0,0.0,6.14,184.09,192.56
2025-06-19 23:00:00,30.06,75.24,22,4,12.0,1.65,6.18,159.26,181.32
2025-06-20 00:00:00,31.58,64.46,7,2,7.0,0.0,5.69,180.81,178.85
2025-06-20 01:00:00,27.29,85.32,0,2,3.7,2.22,6.82,192.81,144.26
2025-06-20 02:00:00,32.2,71.48,0,1,7.0,2.77,7.12,196.53,150.3
2025-06-20 03:00:00,22.19,71.73,12,4,11.5,0.21,6.87,193.07,201.76
2025-06-20 04:00:00,29.28,66.98,15,3,10.5,1.06,7.63,225.37,182.71
2025-06-20 05:00:00,24.61,70.78,11,5,9.8,0.0,6.7,122.95,191.14
2025-06-20 06:00:00,26.68,82.53,9,5,10.8,0.09,6.7,192.77,195.11
2025-06-20 07:00:00,24.34,65.68,4,2,5.6,5.57,7.3,188.84,138.85
2025-06-20 08:00:00,26.85,68.13,60,10,12.0,6.39,6.95,256.6,262.69
2025-06-20 09:00:00,23.17,71.45,68,11,12.0,12.95,7.41,249.37,263.26
2025-06-20 10:00:00,21.79,76.24,37,4,12.0,8.56,6.75,271.26,178.61
2025-06-20 11:00:00,28.72,69.6,54,11,12.0,12.87,7.18,198.77,230.35
2025-06-20 12:00:00,25.72,63.16,47,7,12.0,10.16,6.25,229.22,196.02
2025-06-20 13:00:00,27.52,69.54,43,8,12.0,14.16,6.34,242.3,213.91
2025-06-20 14:00:00,31.09,69.14,46,9,12.0,11.7,5.41,243.32,218.92
2025-06-20 15:00:00,26.46,68.68,58,5,12.0,9.55,5.92,261.79,213.08
2025-06-20 16:00:00,31.49,74.37,58,8,12.0,8.48,5.83,241.02,239.32
2025-06-20 17:00:00,29.35,77.49,67,11,12.0,3.06,6.15,235.07,268.69
2025-06-20 18:00:00,31.13,69.26,55,9,12.0,5.61,5.17,231.96,239.31
2025-06-20 19:00:00,32.04,70.78,41,8,12.0,1.62,5.63,259.74,220.05
2025-06-20 20:00:00,28.25,56.7,8,3,6.2,0.06,6.32,148.58,175.62
2025-06-20 21:00:00,29.92,67.71,0,4,4.3,0.0,6.49,173.16,145.94
2025-06-20 22:00:00,34.84,74.24,0,2,5.8,0.0,5.81,193.72,164.85
2025-06-20 23:00:00,33.04,65.51,15,6,12.0,0.87,6.05,188.15,182.02
2025-06-21 00:00:00,29.84,65.55,12,2,8.4,0.0,5.91,181.7,188.8
2025-06-21 01:00:00,29.64,86.79,15,4,9.1,1.98,5.96,140.6,181.57
2025-06-21 02:00:00,27.26,85.25,7,2,9.4,0.0,6.76,144.82,206.25
2025-06-21 03:00:00,30.36,73.62,16,5,11.8,0.0,6.84,201.73,190.06
2025-06-21 04:00:00,25.5,81.72,7,2,7.7,0.23,7.91,178.37,158.6
2025-06-21 05:00:00,25.75,57.99,19,4,12.0,0.0,7.39,191.86,197.62
2025-06-21 06:00:00,27.4,66.91,13,3,12.0,0.55,7.23,191.73,187.58
2025-06-21 07:00:00,22.19,72.78,8,2,8.5,7.76,7.5,145.24,146.48
2025-06-21 08:00:00,27.9,70.42,57,9,12.0,8.08,7.55,265.62,281.54
2025-06-21 09:00:00,20.31,73.95,55,6,12.0,10.75,7.49,268.22,250.08
2025-06-21 10:00:00,28.61,53.72,68,7,12.0,13.7,6.99,177.79,255.74
2025-06-21 11:00:00,24.24,77.33,57,9,12.0,13.31,6.7,231.34,258.9
2025-06-21 12:00:00,25.39,77.63,55,4,12.0,12.07,6.56,200.61,243.04
2025-06-21 13:00:00,22.24,87.25,53,8,12.0,7.48,6.27,215.74,235.68
2025-06-21 14:00:00,26.86,67.28,62,9,12.0,8.02,5.91,222.46,244.96
2025-06-21 15:00:00,26.44,67.0,61,10,12.0,11.4,6.3,209.68,266.45
2025-06-21 16:00:00,28.48,52.9,53,7,12.0,7.74,5.74,243.61,245.59
2025-06-21 17:00:00,30.49,68.21,46,10,12.0,3.33,5.37,265.77,227.17
2025-06-21 18:00:00,33.86,74.21,48,9,12.0,4.72,5.71,249.74,263.68
2025-06-21 19:00:00,32.38,64.65,54,6,12.0,0.0,5.98,221.02,232.09
2025-06-21 20:00:00,32.77,83.67,21,4,11.2,0.0,5.3,181.14,200.47
2025-06-21 21:00:00,29.12,69.42,8,5,7.2,1.5,5.84,143.73,159.04
2025-06-21 22:00:00,29.26,72.15,5,2,4.0,2.32,5.82,163.78,150.68
2025-06-21 23:00:00,35.33,57.33,0,2,7.8,1.44,7.06,180.7,165.8
2025-06-22 00:00:00,28.16,73.9,22,7,12.0,2.35,6.53,180.0,235.84
2025-06-22 01:00:00,33.18,54.52,15,3,12.0,0.0,7.25,168.39,177.82
2025-06-22 02:00:00,27.39,77.28,16,6,10.4,0.19,6.99,204.81,191.5
2025-06-22 03:00:00,26.97,77.79,18,3,7.5,0.0,7.18,180.62,182.11
2025-06-22 04:00:00,28.68,81.04,9,1,7.2,1.05,7.17,160.03,175.78
2025-06-22 05:00:00,28.35,64.61,11,5,8.8,3.04,7.19,196.82,185.52
2025-06-22 06:00:00,24.26,75.74,22,5,12.0,0.0,7.27,173.49,180.63
2025-06-22 07:00:00,23.17,79.33,11,4,10.2,4.93,7.04,143.82,187.99
2025-06-22 08:00:00,23.86,77.99,60,8,12.0,5.25,7.19,281.42,275.52
2025-06-22 09:00:00,24.98,68.06,62,8,12.0,9.86,6.5,257.14,260.76
2025-06-22 10:00:00,26.76,56.12,60,11,12.0,11.1,6.96,253.46,258.97
2025-06-22 11:00:00,25.18,76.4,54,9,12.0,17.12,6.29,250.69,242.52
2025-06-22 12:00:00,27.55,71.25,55,8,12.0,11.84,6.53,234.19,229.6
2025-06-22 13:00:00,31.06,65.89,61,10,12.0,13.7,6.41,233.07,273.32
2025-06-22 14:00:00,28.95,76.68,61,12,12.0,14.86,6.6,240.03,269.37
2025-06-22 15:00:00,29.81,70.42,64,11,12.0,6.01,6.05,265.42,262.59
2025-06-22 16:00:00,26.2,64.02,59,8,12.0,7.86,5.71,246.44,241.63
2025-06-22 17:00:00,24.25,61.1,60,7,12.0,3.85,5.51,229.85,249.12
2025-06-22 18:00:00,32.44,60.99,51,9,12.0,0.0,5.95,266.51,265.26
2025-06-22 19:00:00,31.63,86.21,50,7,12.0,2.43,5.69,229.09,240.63
2025-06-22 20:00:00,30.71,75.16,16,2,8.5,3.43,5.54,203.62,195.42
2025-06-22 21:00:00,32.47,70.19,5,5,4.0,1.32,5.99,151.4,181.42
2025-06-22 22:00:00,31.31,68.41,10,5,9.4,0.0,5.45,151.36,187.7
2025-06-22 23:00:00,33.65,66.31,21,5,11.4,0.0,6.32,166.87,202.19
2025-06-23 00:00:00,30.22,78.62,20,3,12.0,0.36,6.23,236.47,187.07
2025-06-23 01:00:00,27.17,69.15,12,6,12.0,0.0,6.59,172.64,192.24
2025-06-23 02:00:00,30.48,74.31,8,5,8.7,0.0,7.6,186.86,183.8
2025-06-23 03:00:00,26.42,70.67,9,3,10.1,0.0,6.9,185.34,194.56
2025-06-23 04:00:00,27.32,86.06,17,3,8.9,0.0,7.47,173.69,176.57
2025-06-23 05:00:00,23.98,80.01,10,3,5.8,0.06,7.64,188.47,173.71
2025-06-23 06:00:00,22.91,84.28,6,2,6.8,0.0,7.6,177.59,135.74
2025-06-23 07:00:00,24.35,70.47,20,8,9.4,5.7,7.4,202.26,204.67
2025-06-23 08:00:00,24.03,82.18,56,8,12.0,5.47,6.81,274.12,259.61
2025-06-23 09:00:00,25.34,71.68,50,6,12.0,10.12,6.84,266.73,246.91
2025-06-23 10:00:00,23.86,75.67,59,11,12.0,11.48,6.49,270.85,246.99
2025-06-23 11:00:00,20.58,88.64,63,9,12.0,14.82,6.58,248.07,234.21
2025-06-23 12:00:00,24.92,66.86,47,9,12.0,15.19,6.38,227.83,236.89
2025-06-23 13:00:00,28.95,72.76,53,9,12.0,14.54,5.97,272.83,251.5
2025-06-23 14:00:00,27.26,75.59,53,8,12.0,9.79,6.29,252.83,231.25
2025-06-23 15:00:00,28.42,75.35,59,8,12.0,9.51,5.76,250.89,217.17
2025-06-23 16:00:00,32.47,65.72,60,9,12.0,10.2,5.68,241.54,236.66
2025-06-23 17:00:00,29.05,85.87,51,6,12.0,2.94,5.18,246.21,226.7
2025-06-23 18:00:00,27.61,63.21,43,7,12.0,2.1,5.72,259.67,201.26
2025-06-23 19:00:00,31.46,79.79,63,11,12.0,0.0,5.69,240.8,277.85
2025-06-23 20:00:00,30.79,78.55,1,5,7.0,0.0,5.6,192.47,148.82
2025-06-23 21:00:00,29.45,84.29,12,2,7.3,0.37,6.07,176.56,160.69
2025-06-23 22:00:00,31.03,58.76,9,3,8.9,0.0,6.14,192.72,179.73
2025-06-23 23:00:00,32.06,63.08,11,3,7.5,1.8,6.5,195.74,174.19
2025-06-24 00:00:00,29.98,81.06,23,5,12.0,0.0,6.72,190.56,227.57
2025-06-24 01:00:00,29.8,57.6,34,4,12.0,1.11,6.96,193.44,229.52
2025-06-24 02:00:00,32.53,57.58,0,1,4.8,2.16,7.48,190.63,138.91
2025-06-24 03:00:00,26.11,69.91,18,2,8.5,0.85,7.11,192.19,184.65
2025-06-24 04:00:00,26.7,74.26,9,1,7.8,0.0,6.86,169.84,165.86
2025-06-24 05:00:00,23.9,86.02,18,3,8.0,0.37,7.12,170.54,195.29
2025-06-24 06:00:00,22.42,74.61,18,7,12.0,0.0,7.16,135.53,207.35
2025-06-24 07:00:00,22.67,71.47,21,5,12.0,3.2,6.95,209.61,187.6
2025-06-24 08:00:00,22.8,77.82,57,9,12.0,5.95,6.31,263.64,255.61
2025-06-24 09:00:00,25.03,77.36,48,10,12.0,8.38,7.15,245.82,240.4
2025-06-24 10:00:00,30.41,73.4,62,10,12.0,13.39,6.91,246.6,256.47
2025-06-24 11:00:00,23.38,73.99,56,9,12.0,15.49,7.38,237.7,237.07
2025-06-24 12:00:00,24.96,60.44,53,8,12.0,16.11,7.15,242.17,231.69
2025-06-24 13:00:00,26.81,66.41,51,7,12.0,14.01,6.53,253.13,240.14
2025-06-24 14:00:00,28.99,81.25,63,8,12.0,15.06,6.3,232.69,239.42
2025-06-24 15:00:00,29.69,72.12,68,9,12.0,8.55,5.64,218.36,235.08
2025-06-24 16:00:00,33.21,66.1,45,7,12.0,9.57,5.87,238.01,223.01
2025-06-24 17:00:00,24.76,82.09,60,10,12.0,5.44,5.69,228.05,248.63
2025-06-24 18:00:00,25.5,65.84,52,8,12.0,0.08,5.75,196.28,234.14
2025-06-24 19:00:00,30.62,68.59,43,7,12.0,0.45,5.46,269.76,222.11
2025-06-24 20:00:00,34.74,68.24,11,2,8.7,2.07,5.95,144.44,178.48
2025-06-24 21:00:00,27.95,68.95,3,3,2.3,1.32,5.46,158.37,141.09
2025-06-24 22:00:00,23.95,75.54,0,1,4.0,0.52,7.16,183.02,137.24
2025-06-24 23:00:00,32.26,67.71,4,3,5.9,0.0,6.8,172.84,139.05
2025-06-25 00:00:00,30.61,60.38,2,1,7.0,0.0,6.96,228.58,149.9
2025-06-25 01:00:00,26.31,74.45,5,3,7.8,0.22,6.26,229.87,157.76
2025-06-25 02:00:00,25.54,64.43,0,3,3.5,0.0,6.33,141.39,164.57
2025-06-25 03:00:00,24.54,75.58,7,4,5.9,1.46,7.16,182.51,162.51
2025-06-25 04:00:00,26.28,82.83,4,2,9.0,0.0,7.09,162.23,156.94
2025-06-25 05:00:00,23.61,73.11,13,5,9.0,0.61,7.92,187.05,175.5
2025-06-25 06:00:00,25.77,65.36,15,2,10.5,0.0,7.52,209.01,192.55
2025-06-25 07:00:00,18.0,78.11,12,3,10.8,2.74,7.26,172.63,159.42
2025-06-25 08:00:00,21.86,70.48,53,8,12.0,6.45,7.71,256.43,231.43
2025-06-25 09:00:00,21.32,80.84,53,10,12.0,4.13,7.13,244.84,259.96
2025-06-25 10:00:00,23.9,73.84,48,5,12.0,11.24,6.98,255.72,223.52
2025-06-25 11:00:00,23.83,86.89,48,6,12.0,11.79,7.07,238.9,219.03
2025-06-25 12:00:00,27.99,80.14,61,12,12.0,12.29,6.26,229.54,246.72
2025-06-25 13:00:00,22.32,74.91,41,3,12.0,19.76,6.65,240.11,192.0
2025-06-25 14:00:00,28.11,76.93,54,10,12.0,9.35,6.3,238.61,254.78
2025-06-25 15:00:00,30.43,67.55,52,7,12.0,10.69,5.61,238.55,217.75
2025-06-25 16:00:00,34.64,67.59,60,10,12.0,5.41,6.49,221.59,267.81
2025-06-25 17:00:00,29.62,68.33,44,9,12.0,1.8,5.57,242.69,230.13
2025-06-25 18:00:00,32.28,74.37,55,9,12.0,0.0,5.13,235.77,239.96
2025-06-25 19:00:00,27.35,82.48,58,11,12.0,2.26,5.46,221.47,248.26
2025-06-25 20:00:00,26.02,78.98,0,1,5.1,2.41,5.44,174.99,126.65
2025-06-25 21:00:00,33.98,74.27,1,2,4.4,0.0,6.0,144.32,132.84
2025-06-25 22:00:00,31.45,76.05,9,4,9.2,1.82,6.67,147.22,180.33
2025-06-25 23:00:00,33.77,71.82,14,3,10.5,0.0,6.38,141.41,176.29
2025-06-26 00:00:00,26.57,65.03,11,4,8.1,0.0,7.06,153.88,162.72
2025-06-26 01:00:00,30.34,82.27,14,5,8.2,1.36,7.08,158.52,193.96
2025-06-26 02:00:00,32.67,81.36,1,3,5.2,0.0,5.97,171.72,156.85
2025-06-26 03:00:00,28.01,70.35,0,1,7.3,0.0,7.38,165.77,150.99
2025-06-26 04:00:00,26.69,70.32,11,3,9.1,0.05,6.99,154.16,175.26
2025-06-26 05:00:00,25.19,78.25,0,2,5.1,0.07,7.45,178.48,142.01
2025-06-26 06:00:00,20.61,81.03,3,2,6.9,0.0,7.28,194.71,144.89
2025-06-26 07:00:00,27.53,70.92,17,4,11.9,8.09,8.25,157.44,191.41
2025-06-26 08:00:00,22.47,67.12,57,9,12.0,5.31,7.35,237.64,251.05
2025-06-26 09:00:00,25.4,75.96,50,7,12.0,11.81,7.27,253.64,239.92
2025-06-26 10:00:00,20.63,81.02,49,8,12.0,13.32,7.28,225.38,232.51
2025-06-26 11:00:00,22.22,81.12,60,7,12.0,11.91,6.19,216.87,249.56
2025-06-26 12:00:00,29.59,73.33,57,8,12.0,14.93,6.88,238.69,225.44
2025-06-26 13:00:00,26.1,71.43,45,5,12.0,11.84,6.22,192.59,220.96
2025-06-26 14:00:00,31.63,76.41,39,7,12.0,12.27,5.86,252.71,212.82
2025-06-26 15:00:00,28.84,71.87,70,10,12.0,11.55,6.22,214.83,269.55
2025-06-26 16:00:00,25.4,70.57,45,6,12.0,5.88,5.29,262.51,214.77
2025-06-26 17:00:00,33.06,67.19,59,12,12.0,4.45,6.06,240.18,259.1
2025-06-26 18:00:00,29.99,58.39,67,10,12.0,0.0,5.64,227.66,283.08
2025-06-26 19:00:00,33.61,66.8,56,9,12.0,0.35,5.69,237.45,263.67
2025-06-26 20:00:00,32.06,73.97,5,2,7.6,0.21,5.02,129.26,157.92
2025-06-26 21:00:00,28.01,74.37,0,1,3.6,0.0,6.25,135.16,158.78
2025-06-26 22:00:00,31.87,79.93,0,2,3.6,0.0,6.19,173.38,133.36
2025-06-26 23:00:00,36.32,64.34,13,3,5.9,1.56,6.13,173.3,176.06
2025-06-27 00:00:00,31.23,73.15,22,5,11.8,3.98,6.18,165.85,205.59
2025-06-27 01:00:00,28.89,76.93,7,4,6.4,0.28,6.98,192.58,156.56
2025-06-27 02:00:00,30.69,86.52,6,2,5.8,0.0,7.02,160.83,157.83
2025-06-27 03:00:00,27.49,73.37,16,2,10.4,0.42,7.07,150.76,193.85
2025-06-27 04:00:00,26.52,65.72,5,1,6.9,2.29,6.85,172.65,147.86
2025-06-27 05:00:00,22.44,81.83,12,6,10.2,2.56,7.38,134.72,195.51
2025-06-27 06:00:00,25.12,87.08,10,5,9.6,1.82,7.39,144.56,176.14
2025-06-27 07:00:00,26.72,70.63,7,4,8.8,4.51,7.73,188.2,197.69
2025-06-27 08:00:00,21.91,82.15,55,8,12.0,8.35,6.77,256.03,213.48
2025-06-27 09:00:00,27.7,80.81,69,8,12.0,10.14,6.82,244.7,278.12
2025-06-27 10:00:00,24.31,81.7,60,9,12.0,10.21,7.58,231.28,256.1
2025-06-27 11:00:00,22.95,76.41,64,10,12.0,12.77,6.77,249.38,234.32
2025-06-27 12:00:00,28.49,66.76,48,6,12.0,13.35,6.59,223.58,220.04
2025-06-27 13:00:00,26.25,72.66,64,7,12.0,14.11,6.63,218.31,217.63
2025-06-27 14:00:00,29.9,73.88,60,7,12.0,8.6,6.73,207.47,249.61
2025-06-27 15:00:00,28.31,78.14,43,8,12.0,10.92,5.53,269.89,211.82
2025-06-27 16:00:00,29.85,73.04,59,7,12.0,2.97,6.57,213.32,222.29
2025-06-27 17:00:00,32.06,66.5,51,9,12.0,4.45,5.71,266.55,243.97
2025-06-27 18:00:00,32.19,72.95,43,7,12.0,2.34,5.79,281.32,228.94
2025-06-27 19:00:00,26.87,78.81,56,10,12.0,1.79,5.75,275.7,272.46
2025-06-27 20:00:00,29.2,73.82,14,4,6.3,0.0,6.33,166.96,177.63
2025-06-27 21:00:00,34.19,61.82,11,3,10.4,1.25,6.27,155.18,146.73
2025-06-27 22:00:00,31.13,68.54,9,3,6.7,1.41,6.05,132.98,155.72
2025-06-27 23:00:00,29.52,77.57,7,3,8.4,3.41,5.9,168.29,174.31
2025-06-28 00:00:00,26.6,63.3,30,5,12.0,0.73,6.41,203.49,189.17
2025-06-28 01:00:00,26.34,58.51,1,4,4.4,2.05,6.24,158.43,143.61
2025-06-28 02:00:00,22.95,86.09,17,3,11.8,0.0,7.21,158.86,187.64
2025-06-28 03:00:00,26.71,76.48,10,3,7.8,0.0,6.83,189.81,170.48
2025-06-28 04:00:00,24.5,78.69,3,1,6.4,1.73,7.16,147.48,173.82
2025-06-28 05:00:00,22.76,68.13,10,4,9.1,1.76,7.68,198.01,180.3
2025-06-28 06:00:00,24.37,79.71,0,1,2.1,0.0,7.58,175.5,146.34
2025-06-28 07:00:00,25.05,75.99,5,2,7.7,1.2,7.41,204.43,155.12
2025-06-28 08:00:00,29.23,60.05,55,7,12.0,7.25,6.91,213.03,240.7
2025-06-28 09:00:00,20.36,87.32,43,7,12.0,9.99,7.24,270.18,225.45
2025-06-28 10:00:00,27.43,73.51,59,6,12.0,12.59,6.62,248.1,244.27
2025-06-28 11:00:00,27.6,69.5,47,9,12.0,15.29,6.88,232.44,223.12
2025-06-28 12:00:00,24.05,72.12,43,7,12.0,16.06,6.04,214.09,217.35
2025-06-28 13:00:00,27.47,58.26,46,7,12.0,13.54,6.72,209.53,225.03
2025-06-28 14:00:00,26.86,76.95,70,8,12.0,10.13,6.17,247.48,255.4
2025-06-28 15:00:00,29.5,72.78,39,7,12.0,8.45,5.93,215.8,234.11
2025-06-28 16:00:00,33.77,66.6,58,8,12.0,5.81,5.94,219.97,254.85
2025-06-28 17:00:00,32.34,77.91,49,10,12.0,3.38,5.69,245.62,248.18
2025-06-28 18:00:00,32.74,59.0,52,9,12.0,0.0,5.72,236.13,265.8
2025-06-28 19:00:00,30.79,65.87,60,12,12.0,0.0,6.18,274.38,270.76
2025-06-28 20:00:00,28.29,65.85,14,4,6.7,0.15,6.18,172.97,165.66
2025-06-28 21:00:00,31.34,67.71,5,4,6.6,0.0,6.18,146.61,151.81
2025-06-28 22:00:00,34.48,67.94,0,3,6.6,0.64,6.19,153.53,163.0
2025-06-28 23:00:00,27.01,75.7,15,3,11.2,3.66,6.18,176.82,188.83
2025-06-29 00:00:00,27.36,70.02,14,4,12.0,0.0,6.88,190.1,183.81
2025-06-29 01:00:00,29.35,64.91,8,2,7.3,0.0,6.39,142.2,151.98
2025-06-29 02:00:00,25.54,85.53,14,7,9.6,0.61,7.52,188.04,211.36
2025-06-29 03:00:00,24.98,90.99,6,3,6.6,0.0,7.31,168.88,182.03
2025-06-29 04:00:00,24.94,75.14,3,2,4.5,0.0,7.61,165.83,164.74
2025-06-29 05:00:00,21.76,71.07,10,4,7.6,0.0,7.44,170.6,175.9
2025-06-29 06:00:00,22.1,86.46,14,2,7.8,0.0,7.26,150.71,179.84
2025-06-29 07:00:00,25.89,63.35,12,5,4.6,1.87,7.6,160.26,161.27
2025-06-29 08:00:00,20.73,74.74,59,8,12.0,5.68,6.7,241.63,243.94
2025-06-29 09:00:00,20.14,72.63,49,6,12.0,7.82,6.86,230.16,234.88
2025-06-29 10:00:00,22.96,67.41,68,10,12.0,14.68,6.83,252.85,266.05
2025-06-29 11:00:00,27.0,70.74,52,6,12.0,14.39,6.22,220.86,241.69
2025-06-29 12:00:00,25.51,67.7,54,11,12.0,15.88,6.72,213.69,265.7
2025-06-29 13:00:00,25.8,73.63,44,7,12.0,10.81,6.74,228.71,208.53
2025-06-29 14:00:00,28.11,72.11,53,4,12.0,11.54,5.5,262.39,227.06
2025-06-29 15:00:00,24.67,69.98,59,9,12.0,10.74,5.79,230.75,238.34
2025-06-29 16:00:00,31.24,67.14,61,10,12.0,10.31,5.75,262.22,252.22
2025-06-29 17:00:00,31.79,67.73,67,9,12.0,2.12,5.84,246.29,298.74
2025-06-29 18:00:00,30.44,75.96,59,7,12.0,0.0,6.0,266.92,233.37
2025-06-29 19:00:00,34.38,66.5,57,9,12.0,0.38,5.63,268.94,259.7
2025-06-29 20:00:00,29.18,76.95,6,2,8.7,0.0,6.14,166.91,156.93
2025-06-29 21:00:00,34.68,71.42,5,1,8.4,3.41,5.97,146.56,161.15
2025-06-29 22:00:00,31.85,73.31,18,3,11.1,1.08,5.89,168.14,165.13
2025-06-29 23:00:00,29.99,80.32,18,4,12.0,0.0,6.37,180.65,184.4
2025-06-30 00:00:00,29.95,62.8,1,3,0.4,0.0,6.06,179.14,142.64
2025-06-30 01:00:00,28.77,68.15,16,5,9.7,0.0,6.62,158.46,172.36
2025-06-30 02:00:00,31.05,82.21,15,1,12.0,0.0,6.84,222.68,196.74
2025-06-30 03:00:00,24.27,72.81,1,3,2.6,0.08,6.85,179.39,152.52
2025-06-30 04:00:00,24.09,55.03,14,5,9.2,0.0,8.08,172.41,165.54
2025-06-30 05:00:00,27.76,70.75,2,4,6.3,1.27,7.73,182.37,164.13
2025-06-30 06:00:00,23.05,76.41,0,1,3.4,0.0,7.37,181.88,144.88
2025-06-30 07:00:00,26.39,54.81,9,3,8.2,4.99,7.42,158.87,150.76
2025-06-30 08:00:00,28.25,81.16,57,10,12.0,8.09,7.37,250.96,245.15
2025-06-30 09:00:00,23.13,70.41,54,8,12.0,10.22,7.28,233.94,227.84
2025-06-30 10:00:00,26.24,75.53,70,11,12.0,14.63,7.45,268.38,303.68
2025-06-30 11:00:00,22.29,74.42,58,9,12.0,9.75,7.03,230.88,256.52
2025-06-30 12:00:00,27.89,63.06,56,7,12.0,14.89,5.81,263.69,224.4
2025-06-30 13:00:00,27.46,64.88,58,8,12.0,13.43,6.58,205.48,222.69
2025-06-30 14:00:00,29.18,64.63,51,10,12.0,11.98,5.81,227.69,227.95
2025-06-30 15:00:00,27.42,80.0,62,8,12.0,7.94,5.74,236.77,262.93
2025-06-30 16:00:00,25.85,72.47,58,7,12.0,4.16,6.15,249.68,259.85
2025-06-30 17:00:00,32.09,65.49,58,9,12.0,5.41,5.08,298.72,238.47
2025-06-30 18:00:00,26.31,66.64,50,8,12.0,1.58,6.3,229.5,234.68
2025-06-30 19:00:00,31.07,78.22,42,5,12.0,3.6,6.01,251.42,213.62
2025-06-30 20:00:00,34.35,77.8,6,2,6.0,3.93,5.92,154.69,169.41
2025-06-30 21:00:00,32.34,77.25,12,2,12.0,0.0,6.23,160.02,162.65
2025-06-30 22:00:00,36.33,69.61,6,2,4.9,0.0,6.5,168.88,174.02
2025-06-30 23:00:00,33.39,70.25,12,7,8.8,0.5,6.37,183.37,176.72
2025-07-01 00:00:00,28.37,63.23,8,3,6.8,1.92,6.77,144.59,172.38
2025-07-01 01:00:00,29.1,69.51,13,2,5.9,2.85,6.36,168.74,153.66
2025-07-01 02:00:00,27.88,67.3,2,5,6.4,0.0,7.18,196.65,162.95
2025-07-01 03:00:00,23.01,62.71,12,5,8.8,0.0,7.28,143.87,169.35
2025-07-01 04:00:00,23.65,82.45,5,4,6.8,2.74,7.7,162.4,187.39
2025-07-01 05:00:00,23.77,70.09,0,1,4.6,0.0,7.33,150.52,154.8
2025-07-01 06:00:00,19.45,86.36,9,5,9.7,0.0,7.41,138.93,169.66
2025-07-01 07:00:00,24.26,80.79,22,6,12.0,4.5,6.95,144.39,191.38
2025-07-01 08:00:00,23.38,79.13,43,7,12.0,11.11,7.19,248.23,239.25
2025-07-01 09:00:00,19.95,81.92,56,6,12.0,6.55,7.28,229.6,192.73
2025-07-01 10:00:00,25.55,69.41,61,9,12.0,12.24,7.15,309.02,257.82
2025-07-01 11:00:00,26.96,85.73,70,13,12.0,14.63,7.31,249.92,267.69
2025-07-01 12:00:00,26.57,73.3,51,8,12.0,16.94,6.66,228.51,255.57
2025-07-01 13:00:00,26.15,75.41,50,7,12.0,14.42,6.26,219.81,254.98
2025-07-01 14:00:00,29.48,66.42,46,7,12.0,8.44,6.29,236.92,225.68
2025-07-01 15:00:00,30.74,63.57,64,9,12.0,7.33,5.74,262.04,250.79
2025-07-01 16:00:00,30.77,73.4,48,7,12.0,9.74,6.27,267.88,227.51
2025-07-01 17:00:00,28.77,72.99,52,8,12.0,4.5,5.48,252.85,226.53
2025-07-01 18:00:00,32.16,63.57,40,9,12.0,0.0,5.56,236.8,221.86
2025-07-01 19:00:00,34.85,57.13,62,11,12.0,0.99,5.35,222.53,271.98
2025-07-01 20:00:00,30.51,61.35,19,3,12.0,0.61,5.84,167.75,187.98
2025-07-01 21:00:00,37.11,74.0,17,6,12.0,0.0,6.16,169.21,206.36
2025-07-01 22:00:00,30.15,66.2,0,3,4.3,0.0,6.68,173.7,150.38
2025-07-01 23:00:00,30.91,67.59,15,5,12.0,0.62,6.27,179.55,182.86
2025-07-02 00:00:00,28.32,81.93,0,3,7.1,4.07,6.42,174.9,139.75
2025-07-02 01:00:00,29.59,63.03,10,2,12.0,0.53,5.77,152.78,161.67
2025-07-02 02:00:00,23.64,69.96,12,3,7.6,0.0,6.98,155.54,175.9
2025-07-02 03:00:00,25.6,68.3,12,5,9.0,0.0,7.08,162.57,183.03
2025-07-02 04:00:00,23.27,86.64,14,2,9.5,1.25,7.2,193.19,175.28
2025-07-02 05:00:00,25.51,87.7,10,2,12.0,1.47,7.8,155.74,182.99
2025-07-02 06:00:00,27.02,77.95,0,2,5.0,0.0,7.49,174.52,153.92
2025-07-02 07:00:00,25.75,79.06,14,2,12.0,2.66,7.13,188.87,181.82
2025-07-02 08:00:00,18.07,74.89,56,10,12.0,8.59,6.88,237.51,258.65
2025-07-02 09:00:00,29.24,84.76,48,7,12.0,12.11,6.66,190.94,246.21
2025-07-02 10:00:00,25.27,75.78,42,7,12.0,13.51,6.74,249.47,216.78
2025-07-02 11:00:00,23.23,81.31,67,11,12.0,11.62,6.84,265.96,256.85
2025-07-02 12:00:00,26.39,72.39,65,9,12.0,15.8,5.76,254.0,260.51
2025-07-02 13:00:00,27.41,70.54,61,9,12.0,12.82,6.25,254.93,250.51
2025-07-02 14:00:00,26.33,84.81,50,7,12.0,10.92,6.38,224.42,221.47
2025-07-02 15:00:00,29.53,74.71,35,6,12.0,8.62,5.57,257.6,189.73
2025-07-02 16:00:00,28.48,81.82,61,8,12.0,7.04,5.74,224.6,265.3
2025-07-02 17:00:00,29.82,72.52,58,9,12.0,4.76,5.38,230.72,233.01
2025-07-02 18:00:00,29.75,64.84,52,9,12.0,0.0,4.75,223.36,243.84
2025-07-02 19:00:00,28.28,67.72,64,8,12.0,0.0,5.45,272.14,273.41
2025-07-02 20:00:00,32.36,69.67,17,3,9.8,0.0,5.43,191.74,173.18
2025-07-02 21:00:00,33.33,63.89,11,4,6.8,2.07,6.21,204.67,169.33
2025-07-02 22:00:00,32.75,60.92,10,1,10.9,0.0,6.27,147.76,178.01
2025-07-02 23:00:00,32.88,77.0,10,6,8.1,0.0,5.93,181.05,170.07
2025-07-03 00:00:00,30.81,66.22,15,5,8.4,1.62,6.95,140.78,165.75
2025-07-03 01:00:00,27.7,73.17,3,1,8.3,0.08,6.96,152.5,150.14
2025-07-03 02:00:00,30.1,72.6,13,1,11.2,3.07,6.81,175.06,176.56
2025-07-03 03:00:00,23.57,70.98,3,2,3.9,0.0,7.18,186.49,147.18
2025-07-03 04:00:00,23.75,85.13,21,3,12.0,3.77,6.86,175.16,204.93
2025-07-03 05:00:00,22.76,67.85,14,5,8.8,4.13,6.41,183.58,164.62
2025-07-03 06:00:00,27.24,74.37,4,3,8.0,0.92,7.33,156.22,166.4
2025-07-03 07:00:00,26.49,74.78,11,4,12.0,4.46,6.8,182.26,200.76
2025-07-03 08:00:00,25.22,73.57,48,7,12.0,8.12,7.11,250.53,231.36
2025-07-03 09:00:00,26.82,63.75,67,12,12.0,11.53,7.21,253.5,298.74
2025-07-03 10:00:00,22.34,82.06,68,11,12.0,12.37,6.22,229.85,259.23
2025-07-03 11:00:00,26.04,78.57,61,10,12.0,15.86,6.78,264.47,243.37
2025-07-03 12:00:00,25.69,68.89,67,12,12.0,15.0,6.79,259.44,263.29
2025-07-03 13:00:00,29.08,76.2,56,7,12.0,16.3,5.57,246.08,234.48
2025-07-03 14:00:00,27.71,74.83,61,11,12.0,9.22,6.35,229.04,251.78
2025-07-03 15:00:00,28.07,62.98,65,9,12.0,10.33,6.6,190.44,256.06
2025-07-03 16:00:00,31.35,63.68,55,9,12.0,9.03,5.72,269.95,240.34
2025-07-03 17:00:00,33.02,76.45,56,8,12.0,1.34,5.99,228.05,265.98
2025-07-03 18:00:00,29.79,72.91,62,7,12.0,0.86,5.35,246.4,253.19
2025-07-03 19:00:00,31.71,65.45,60,11,12.0,1.22,6.05,275.35,263.99
2025-07-03 20:00:00,29.35,65.04,4,1,5.4,3.46,5.99,180.1,133.44
2025-07-03 21:00:00,25.62,70.06,0,1,5.3,0.0,6.01,173.42,140.36
2025-07-03 22:00:00,31.97,66.11,9,2,12.0,0.42,6.16,178.85,171.52
2025-07-03 23:00:00,32.35,63.03,0,1,6.0,0.0,6.43,179.53,141.93
2025-07-04 00:00:00,30.66,57.95,2,1,7.6,0.0,6.48,164.41,143.09
2025-07-04 01:00:00,24.16,82.67,3,3,4.1,3.24,6.37,157.81,152.82
2025-07-04 02:00:00,27.12,79.41,5,2,4.0,0.0,6.85,179.39,147.95
2025-07-04 03:00:00,21.42,67.69,17,4,12.0,0.0,7.05,150.89,179.67
2025-07-04 04:00:00,29.42,71.96,18,3,12.0,0.0,6.78,219.8,202.07
2025-07-04 05:00:00,22.46,69.56,14,4,12.0,0.0,7.23,153.91,196.88
2025-07-04 06:00:00,27.67,70.4,15,3,10.1,0.0,7.28,159.45,194.19
2025-07-04 07:00:00,26.5,70.64,15,1,12.0,2.55,7.09,206.63,188.47
2025-07-04 08:00:00,21.75,73.38,35,6,12.0,6.0,7.32,235.94,219.67
2025-07-04 09:00:00,21.3,90.71,55,7,12.0,7.53,7.27,299.38,238.61
2025-07-04 10:00:00,25.41,70.73,41,8,12.0,12.26,6.67,264.83,226.71
2025-07-04 11:00:00,23.06,69.8,59,8,12.0,11.57,6.76,237.79,261.2
2025-07-04 12:00:00,26.26,67.88,38,10,12.0,16.28,6.82,273.07,217.33
2025-07-04 13:00:00,25.76,80.88,54,10,12.0,12.9,5.94,241.41,226.05
2025-07-04 14:00:00,23.55,63.55,59,9,12.0,12.94,5.52,260.21,202.44
2025-07-04 15:00:00,23.46,69.84,46,8,12.0,10.72,5.6,248.19,237.08
2025-07-04 16:00:00,30.57,80.33,63,6,12.0,3.33,5.99,245.68,270.97
2025-07-04 17:00:00,29.42,72.71,59,11,12.0,3.09,5.57,265.99,244.82
2025-07-04 18:00:00,30.08,71.89,58,8,12.0,3.44,5.27,265.13,259.18
2025-07-04 19:00:00,33.6,83.0,61,9,12.0,0.0,6.17,265.3,276.62
2025-07-04 20:00:00,34.93,68.87,7,2,6.7,4.54,5.39,129.0,162.56
2025-07-04 21:00:00,31.18,64.82,11,2,9.2,1.09,5.87,143.28,169.61
2025-07-04 22:00:00,30.61,68.2,10,3,9.8,1.03,6.36,163.06,160.76
2025-07-04 23:00:00,32.08,61.2,10,3,7.0,0.48,6.53,147.22,170.15
2025-07-05 00:00:00,26.61,81.77,5,3,7.5,2.09,6.65,140.96,166.61
2025-07-05 01:00:00,29.59,74.91,0,2,6.2,2.2,6.47,151.93,156.4
2025-07-05 02:00:00,29.38,78.91,7,1,5.6,0.0,7.1,149.2,164.26
2025-07-05 03:00:00,28.67,80.03,7,6,7.6,0.0,7.07,178.1,204.02
2025-07-05 04:00:00,21.16,73.89,4,3,6.2,0.0,7.34,210.21,171.1
2025-07-05 05:00:00,23.27,68.7,17,5,11.1,1.63,7.75,195.47,206.38
2025-07-05 06:00:00,22.34,75.6,1,2,4.3,0.13,6.88,196.78,160.77
2025-07-05 07:00:00,24.39,68.42,9,2,7.9,1.94,7.41,191.27,171.57
2025-07-05 08:00:00,25.2,75.11,64,10,12.0,5.84,7.24,219.88,287.62
2025-07-05 09:00:00,27.88,80.01,62,10,12.0,9.76,7.4,234.67,257.49
2025-07-05 10:00:00,23.3,74.11,65,12,12.0,10.16,7.52,215.32,273.84
2025-07-05 11:00:00,23.93,75.9,50,11,12.0,13.62,7.32,266.73,254.69
2025-07-05 12:00:00,28.87,70.73,61,12,12.0,10.76,6.79,212.15,277.24
2025-07-05 13:00:00,27.71,77.82,46,5,12.0,12.46,6.08,236.1,223.35
2025-07-05 14:00:00,31.17,65.11,53,8,12.0,9.8,5.95,199.35,254.63
2025-07-05 15:00:00,29.76,55.39,54,9,12.0,10.3,6.19,243.43,260.78
2025-07-05 16:00:00,27.11,75.92,50,7,12.0,5.04,5.36,271.62,217.47
2025-07-05 17:00:00,27.5,79.27,52,8,12.0,2.51,5.65,252.73,243.4
2025-07-05 18:00:00,27.59,75.41,51,5,12.0,4.52,5.44,261.08,215.56
2025-07-05 19:00:00,33.52,63.66,47,9,12.0,1.73,5.32,279.02,258.43
2025-07-05 20:00:00,34.97,59.17,17,1,10.9,1.2,5.89,156.78,188.81
2025-07-05 21:00:00,36.49,69.52,9,1,7.6,2.6,6.21,173.41,156.5
2025-07-05 22:00:00,33.57,69.09,12,2,4.5,1.02,6.31,165.4,167.74
2025-07-05 23:00:00,33.74,67.1,11,3,8.9,0.0,6.33,171.02,164.09
2025-07-06 00:00:00,28.55,84.37,10,1,7.7,0.0,6.38,172.11,177.71
2025-07-06 01:00:00,26.14,66.67,11,2,6.8,0.0,6.52,158.45,159.34
2025-07-06 02:00:00,30.13,82.94,8,5,7.4,0.4,7.21,170.33,173.07
2025-07-06 03:00:00,28.01,72.22,21,4,11.5,0.0,6.89,204.62,199.47
2025-07-06 04:00:00,26.27,60.36,16,5,10.9,0.0,7.0,176.65,204.13
2025-07-06 05:00:00,26.14,72.05,10,1,7.9,0.0,7.42,207.7,174.9
2025-07-06 06:00:00,25.34,80.58,6,3,8.0,0.0,6.96,171.06,167.18
2025-07-06 07:00:00,27.35,69.9,9,3,8.5,3.55,7.3,169.89,176.05
2025-07-06 08:00:00,27.24,62.21,58,8,12.0,6.43,7.01,287.15,255.83
2025-07-06 09:00:00,25.5,72.6,67,10,12.0,9.13,6.83,254.17,261.11
2025-07-06 10:00:00,26.65,66.94,44,4,12.0,9.03,6.81,271.9,198.05
2025-07-06 11:00:00,26.46,76.52,60,10,12.0,14.01,6.97,252.1,257.97
2025-07-06 12:00:00,24.85,79.62,64,9,12.0,18.35,6.56,287.54,256.9
2025-07-06 13:00:00,28.86,64.01,43,7,12.0,14.08,6.4,233.81,222.15
2025-07-06 14:00:00,24.51,69.5,54,10,12.0,16.66,6.37,254.04,261.04
2025-07-06 15:00:00,31.67,74.73,46,8,12.0,8.76,6.15,267.89,229.39
2025-07-06 16:00:00,27.01,66.68,58,8,12.0,6.49,5.74,216.67,241.9
2025-07-06 17:00:00,31.54,61.94,52,7,12.0,3.58,5.92,245.57,246.34
2025-07-06 18:00:00,29.35,62.8,54,10,12.0,0.0,5.64,223.24,258.32
2025-07-06 19:00:00,33.25,70.79,52,6,12.0,2.33,5.88,257.27,238.62
2025-07-06 20:00:00,31.92,71.42,16,5,8.9,0.0,6.17,183.81,187.47
2025-07-06 21:00:00,27.88,67.3,12,1,9.8,0.0,6.12,158.86,162.51
2025-07-06 22:00:00,32.52,68.87,12,5,10.9,3.33,5.66,163.7,194.69
2025-07-06 23:00:00,29.38,81.72,11,5,11.8,0.0,6.12,164.27,181.0
2025-07-07 00:00:00,32.2,62.24,15,1,10.7,1.86,6.73,179.35,147.11
2025-07-07 01:00:00,29.04,57.61,8,4,7.5,1.21,5.95,162.75,163.22
2025-07-07 02:00:00,28.99,74.49,24,5,12.0,0.0,7.01,176.54,228.0
2025-07-07 03:00:00,24.57,73.63,0,3,7.1,0.63,7.16,201.01,163.81
2025-07-07 04:00:00,24.53,69.46,0,3,6.6,0.0,8.15,208.43,138.11
2025-07-07 05:00:00,24.02,79.35,0,1,5.0,0.0,7.42,182.71,153.54
2025-07-07 06:00:00,26.68,78.8,0,2,1.3,0.92,7.26,171.45,147.83
2025-07-07 07:00:00,28.33,56.31,15,6,5.4,2.39,7.68,181.34,182.55
2025-07-07 08:00:00,21.99,71.64,59,7,12.0,4.25,7.07,251.39,233.17
2025-07-07 09:00:00,26.83,89.04,65,10,12.0,10.67,7.08,262.25,258.53
2025-07-07 10:00:00,19.11,82.31,47,9,12.0,12.77,6.93,200.15,217.43
2025-07-07 11:00:00,22.19,80.8,61,8,12.0,15.49,6.92,269.61,260.52
2025-07-07 12:00:00,23.6,83.29,55,6,12.0,13.48,6.18,245.95,231.67
2025-07-07 13:00:00,23.58,75.21,56,7,12.0,15.24,6.58,226.61,216.87
2025-07-07 14:00:00,24.04,80.35,60,10,12.0,12.17,5.92,263.82,235.85
2025-07-07 15:00:00,30.07,75.58,49,6,12.0,10.59,6.66,233.09,224.25
2025-07-07 16:00:00,29.46,74.75,70,10,12.0,7.86,5.28,235.11,257.56
2025-07-07 17:00:00,31.78,67.1,66,12,12.0,0.96,5.46,247.35,274.42
2025-07-07 18:00:00,33.19,69.57,51,8,12.0,0.75,4.99,267.72,239.97
2025-07-07 19:00:00,32.53,64.71,46,6,12.0,0.21,6.76,232.88,232.51
2025-07-07 20:00:00,33.64,68.14,9,3,4.5,0.0,5.38,191.07,134.56
2025-07-07 21:00:00,31.69,61.24,11,3,8.0,0.23,6.2,159.6,176.61
2025-07-07 22:00:00,28.5,66.12,19,5,11.1,5.1,6.35,203.1,176.89
2025-07-07 23:00:00,33.47,66.19,1,5,3.4,0.0,5.98,185.21,170.66
2025-07-08 00:00:00,28.53,65.03,12,4,9.4,0.0,6.77,149.49,203.58
2025-07-08 01:00:00,26.7,69.38,0,5,4.9,1.62,6.33,159.51,136.51
2025-07-08 02:00:00,27.56,71.16,13,4,9.9,0.0,6.62,227.28,183.36
2025-07-08 03:00:00,24.68,77.14,9,2,9.2,0.74,6.52,162.01,159.72
2025-07-08 04:00:00,24.96,80.78,25,8,12.0,0.6,7.43,133.74,222.47
2025-07-08 05:00:00,26.03,70.13,0,2,5.8,0.0,6.59,152.79,125.78
2025-07-08 06:00:00,25.41,83.16,21,3,12.0,0.0,7.44,138.09,192.12
2025-07-08 07:00:00,21.89,82.85,0,5,1.7,7.19,7.23,186.18,134.07
2025-07-08 08:00:00,22.78,79.18,44,6,12.0,3.82,7.8,231.1,247.54
2025-07-08 09:00:00,26.82,73.9,42,6,12.0,9.02,7.08,255.01,246.32
2025-07-08 10:00:00,25.78,75.79,57,8,12.0,11.79,7.2,210.26,241.52
2025-07-08 11:00:00,30.36,78.66,46,8,12.0,13.53,6.89,262.61,221.3
2025-07-08 12:00:00,28.95,79.9,44,9,12.0,13.17,6.46,241.32,221.24
2025-07-08 13:00:00,29.83,80.07,57,5,12.0,13.69,6.68,215.36,232.34
2025-07-08 14:00:00,24.53,74.72,59,10,12.0,12.05,6.23,242.72,225.33
2025-07-08 15:00:00,30.94,73.82,55,8,12.0,11.32,6.25,227.15,245.62
2025-07-08 16:00:00,29.87,80.1,54,8,12.0,8.69,5.48,256.77,233.88
2025-07-08 17:00:00,29.45,66.62,70,13,12.0,4.5,5.91,284.15,281.23
2025-07-08 18:00:00,31.88,67.05,56,9,12.0,0.47,5.98,231.34,256.71
2025-07-08 19:00:00,34.23,67.75,61,10,12.0,0.0,5.35,233.23,281.77
2025-07-08 20:00:00,33.25,74.62,11,3,6.1,0.23,5.78,132.79,172.77
2025-07-08 21:00:00,29.67,77.24,1,3,6.0,2.23,5.33,178.2,148.53
2025-07-08 22:00:00,33.32,66.66,14,6,11.1,0.0,5.54,171.11,194.98
2025-07-08 23:00:00,29.23,60.58,5,1,5.0,0.0,6.27,174.69,121.88
2025-07-09 00:00:00,30.54,71.94,9,5,5.9,2.98,7.13,195.44,174.9
2025-07-09 01:00:00,28.28,65.38,12,6,8.8,0.0,7.36,139.73,194.13
2025-07-09 02:00:00,27.45,61.95,0,3,5.2,0.0,6.79,180.84,150.42
2025-07-09 03:00:00,28.88,62.54,0,1,5.5,0.0,6.73,162.03,168.86
2025-07-09 04:00:00,23.4,77.51,17,2,9.0,2.86,7.52,218.94,156.26
2025-07-09 05:00:00,30.03,80.1,5,6,6.4,0.61,6.57,121.52,172.25
2025-07-09 06:00:00,19.98,77.88,5,1,9.9,1.58,7.16,200.06,145.02
2025-07-09 07:00:00,22.64,77.23,11,6,6.5,3.73,7.01,142.58,174.32
2025-07-09 08:00:00,24.93,82.43,52,9,12.0,10.99,7.16,241.82,237.64
2025-07-09 09:00:00,25.6,62.87,58,12,12.0,8.41,7.55,247.12,250.24
2025-07-09 10:00:00,24.28,78.24,55,8,12.0,12.81,5.99,245.39,232.0
2025-07-09 11:00:00,25.03,74.0,57,6,12.0,16.04,6.82,220.97,241.34
2025-07-09 12:00:00,27.03,76.64,49,8,12.0,16.97,6.62,221.08,236.12
2025-07-09 13:00:00,26.39,69.74,57,7,12.0,12.99,6.27,235.95,223.65
2025-07-09 14:00:00,31.48,63.84,64,14,12.0,8.07,6.2,228.06,273.14
2025-07-09 15:00:00,31.13,70.79,50,9,12.0,9.13,6.11,243.38,229.19
2025-07-09 16:00:00,32.18,80.62,62,11,12.0,10.49,5.86,236.51,245.83
2025-07-09 17:00:00,28.41,77.74,55,10,12.0,2.1,5.02,279.91,251.44
2025-07-09 18:00:00,31.27,66.16,61,8,12.0,0.58,5.39,254.93,236.32
2025-07-09 19:00:00,31.11,60.43,56,9,12.0,0.0,6.29,278.09,259.3
2025-07-09 20:00:00,29.49,59.19,10,3,6.6,0.0,5.4,169.1,177.72
2025-07-09 21:00:00,32.76,77.88,13,6,8.5,2.62,5.96,149.82,187.49
2025-07-09 22:00:00,30.12,63.83,20,3,12.0,0.51,5.85,187.33,191.9
2025-07-09 23:00:00,32.47,66.59,12,2,5.1,4.08,6.5,114.09,168.62
2025-07-10 00:00:00,27.32,81.72,14,3,12.0,1.95,6.43,174.06,172.61
2025-07-10 01:00:00,33.33,56.97,7,2,4.5,0.26,6.94,194.15,167.48
2025-07-10 02:00:00,25.76,84.01,23,3,11.7,0.0,7.03,145.17,197.75
2025-07-10 03:00:00,27.51,70.57,15,1,10.8,0.66,6.93,177.62,169.27
2025-07-10 04:00:00,27.98,63.97,11,1,10.1,0.0,6.41,152.53,140.75
2025-07-10 05:00:00,23.74,73.25,9,5,8.7,0.0,6.97,168.98,164.38
2025-07-10 06:00:00,26.67,67.87,18,4,11.4,1.51,6.88,141.33,181.51
2025-07-10 07:00:00,21.06,79.94,5,4,5.9,5.46,6.85,179.07,159.6
2025-07-10 08:00:00,27.63,67.72,41,6,12.0,4.35,7.37,246.12,211.84
2025-07-10 09:00:00,24.17,61.3,56,9,12.0,11.62,7.77,245.41,268.72
2025-07-10 10:00:00,23.04,73.92,65,12,12.0,11.77,6.04,236.2,281.96
2025-07-10 11:00:00,24.42,65.01,68,12,12.0,11.86,6.18,242.67,278.39
2025-07-10 12:00:00,28.02,73.41,54,10,12.0,13.37,6.58,232.31,239.24
2025-07-10 13:00:00,25.5,65.44,55,9,12.0,15.3,6.2,224.97,207.88
2025-07-10 14:00:00,26.13,69.9,59,10,12.0,13.34,6.26,266.54,253.18
2025-07-10 15:00:00,28.48,72.94,53,9,12.0,10.49,5.92,227.94,227.35
2025-07-10 16:00:00,27.06,71.17,59,9,12.0,7.76,6.27,240.82,252.7
2025-07-10 17:00:00,35.38,68.59,54,8,12.0,1.34,5.93,249.76,258.38
2025-07-10 18:00:00,30.05,75.33,63,11,12.0,1.09,6.01,236.66,260.43
2025-07-10 19:00:00,33.94,59.73,61,7,12.0,0.0,6.08,266.77,239.55
2025-07-10 20:00:00,32.52,68.38,16,6,8.3,4.04,5.39,177.99,183.05
2025-07-10 21:00:00,29.4,47.71,8,3,9.3,0.0,6.14,182.51,141.57
2025-07-10 22:00:00,31.45,71.32,25,3,12.0,4.45,6.33,191.98,194.87
2025-07-10 23:00:00,32.79,66.54,14,3,8.7,0.0,6.17,158.25,184.02
2025-07-11 00:00:00,29.53,64.05,12,2,6.0,0.0,6.38,176.89,155.52
2025-07-11 01:00:00,32.02,71.4,4,2,6.2,0.0,6.6,163.43,143.53
2025-07-11 02:00:00,30.55,78.42,9,2,8.8,0.0,6.59,207.25,192.82
2025-07-11 03:00:00,29.26,67.78,11,2,9.8,2.65,6.58,173.84,167.13
2025-07-11 04:00:00,24.85,67.59,4,2,9.6,0.19,7.94,141.29,161.28
2025-07-11 05:00:00,22.47,77.02,8,3,9.4,1.25,7.65,162.89,181.47
2025-07-11 06:00:00,23.0,66.15,9,4,4.5,3.23,7.31,179.36,154.04
2025-07-11 07:00:00,24.63,69.74,10,3,6.0,3.36,6.76,157.78,153.6
2025-07-11 08:00:00,25.36,82.4,41,7,12.0,6.81,7.38,211.81,253.23
2025-07-11 09:00:00,18.71,78.94,54,8,12.0,10.19,6.94,266.7,223.22
2025-07-11 10:00:00,24.52,61.28,52,9,12.0,9.56,6.85,284.74,254.35
2025-07-11 11:00:00,25.57,61.12,55,9,12.0,9.87,7.49,285.74,246.5
2025-07-11 12:00:00,25.31,75.02,63,9,12.0,10.99,7.16,239.76,253.56
2025-07-11 13:00:00,30.19,76.5,70,9,12.0,16.01,5.47,213.41,252.33
2025-07-11 14:00:00,29.05,59.94,60,10,12.0,11.47,6.23,246.56,247.44
2025-07-11 15:00:00,32.31,72.13,45,9,12.0,11.47,5.99,229.13,253.47
2025-07-11 16:00:00,29.46,80.29,52,8,12.0,6.48,5.93,253.13,246.44
2025-07-11 17:00:00,33.17,81.59,60,8,12.0,0.47,5.53,251.41,239.91
2025-07-11 18:00:00,35.55,69.03,59,9,12.0,1.73,5.7,259.15,248.47
2025-07-11 19:00:00,35.14,70.55,63,9,12.0,0.0,5.34,243.83,270.38
2025-07-11 20:00:00,29.27,56.18,9,2,6.7,1.16,6.17,169.6,158.87
2025-07-11 21:00:00,31.23,84.44,7,1,7.6,1.85,6.29,140.57,163.58
2025-07-11 22:00:00,30.6,66.15,24,5,12.0,0.0,6.67,192.61,199.71
2025-07-11 23:00:00,32.05,62.63,10,4,6.6,0.95,6.02,185.37,159.83
2025-07-12 00:00:00,31.72,67.61,2,1,5.8,0.0,6.59,160.05,146.69
2025-07-12 01:00:00,26.94,83.33,22,3,12.0,5.85,7.42,147.02,166.44
2025-07-12 02:00:00,28.17,87.34,0,1,6.9,0.88,6.66,197.68,175.43
2025-07-12 03:00:00,21.91,77.14,0,1,7.3,1.56,6.71,173.03,114.39
2025-07-12 04:00:00,29.6,77.86,16,2,8.9,1.87,7.3,159.46,185.67
2025-07-12 05:00:00,23.89,75.18,17,4,11.5,0.0,7.68,169.33,174.75
2025-07-12 06:00:00,24.68,67.06,13,2,6.9,0.16,7.07,157.4,166.16
2025-07-12 07:00:00,23.36,85.58,0,2,3.6,5.79,7.95,148.56,154.09
2025-07-12 08:00:00,26.87,68.44,55,8,12.0,6.26,6.87,254.64,228.06
2025-07-12 09:00:00,18.0,89.75,53,7,12.0,10.68,7.3,216.13,236.75
2025-07-12 10:00:00,24.49,83.54,51,9,12.0,13.06,6.66,250.64,252.97
2025-07-12 11:00:00,24.91,78.46,66,9,12.0,12.05,6.54,249.4,255.03
2025-07-12 12:00:00,24.87,87.0,47,7,12.0,14.89,6.79,251.34,258.51
2025-07-12 13:00:00,31.28,85.33,58,11,12.0,10.13,6.22,243.98,239.14
2025-07-12 14:00:00,25.78,72.33,65,8,12.0,13.96,5.57,240.67,224.96
2025-07-12 15:00:00,30.96,64.26,58,11,12.0,13.04,5.65,259.11,251.75
2025-07-12 16:00:00,30.89,56.93,65,9,12.0,8.81,6.06,244.67,255.69
2025-07-12 17:00:00,33.98,83.53,60,7,12.0,6.62,5.87,238.26,255.76
2025-07-12 18:00:00,29.8,67.66,58,8,12.0,0.0,5.95,245.42,263.69
2025-07-12 19:00:00,30.03,78.52,58,9,12.0,0.0,5.52,262.78,242.18
2025-07-12 20:00:00,34.74,62.09,15,6,12.0,0.25,5.44,157.53,182.21
2025-07-12 21:00:00,32.93,79.32,7,4,8.6,0.26,5.65,169.76,166.54
2025-07-12 22:00:00,27.6,67.38,0,2,1.4,0.0,5.84,195.82,148.38
2025-07-12 23:00:00,29.48,62.62,18,6,10.0,0.0,6.28,150.39,206.27
2025-07-13 00:00:00,30.97,68.46,19,1,11.7,3.45,6.09,150.56,183.09
2025-07-13 01:00:00,31.13,66.09,12,4,6.3,0.0,7.08,166.86,177.32
2025-07-13 02:00:00,26.3,77.36,6,3,7.2,3.31,7.08,176.38,164.18
2025-07-13 03:00:00,19.68,77.46,0,2,5.9,0.99,6.76,116.28,148.16
2025-07-13 04:00:00,27.31,76.88,11,1,11.7,0.41,7.12,176.95,182.15
2025-07-13 05:00:00,22.12,74.08,0,1,8.6,1.09,6.96,174.18,134.74
2025-07-13 06:00:00,19.49,73.3,0,2,2.6,3.05,7.25,167.37,120.38
2025-07-13 07:00:00,18.0,74.92,10,5,8.3,0.0,6.98,153.88,169.76
2025-07-13 08:00:00,26.03,87.69,49,11,12.0,7.72,7.94,227.81,270.36
2025-07-13 09:00:00,24.46,76.06,58,8,12.0,10.2,6.51,242.54,237.63
2025-07-13 10:00:00,23.97,60.93,54,7,12.0,12.5,6.46,255.17,239.95
2025-07-13 11:00:00,28.64,67.91,50,9,12.0,15.4,6.62,258.17,220.84
2025-07-13 12:00:00,27.59,72.96,41,11,12.0,12.78,6.53,257.73,238.39
2025-07-13 13:00:00,31.01,82.81,48,9,12.0,11.22,6.33,226.34,235.12
2025-07-13 14:00:00,24.52,81.64,48,7,12.0,9.36,6.42,223.33,200.62
2025-07-13 15:00:00,28.95,64.88,45,12,12.0,8.08,6.09,251.63,238.59
2025-07-13 16:00:00,25.96,90.36,52,9,12.0,8.37,5.48,254.72,222.25
2025-07-13 17:00:00,30.25,70.2,46,6,12.0,4.63,6.1,255.38,224.2
2025-07-13 18:00:00,30.84,78.73,54,11,12.0,1.77,5.92,264.76,265.34
2025-07-13 19:00:00,33.43,60.11,57,8,12.0,0.0,6.21,246.93,262.97
2025-07-13 20:00:00,32.11,52.33,3,1,5.7,0.0,5.83,177.92,123.75
2025-07-13 21:00:00,33.42,58.35,13,5,12.0,3.31,6.32,165.51,197.13
2025-07-13 22:00:00,33.22,45.59,0,2,4.7,2.04,5.15,156.07,150.94
2025-07-13 23:00:00,36.22,81.03,1,2,1.9,1.5,6.12,198.16,150.74
2025-07-14 00:00:00,29.21,72.65,9,3,8.7,0.0,6.18,181.7,153.66
2025-07-14 01:00:00,26.68,66.45,15,5,7.8,3.92,6.95,166.41,172.7
2025-07-14 02:00:00,28.62,74.74,17,1,11.5,0.0,6.64,162.89,200.6
2025-07-14 03:00:00,24.96,75.45,23,5,12.0,0.35,7.41,148.67,209.26
2025-07-14 04:00:00,29.7,75.15,7,2,4.1,0.9,7.47,173.07,175.53
2025-07-14 05:00:00,24.46,82.94,9,2,6.4,0.33,7.06,135.79,151.4
2025-07-14 06:00:00,23.12,73.39,2,1,7.4,0.0,7.38,116.99,144.27
2025-07-14 07:00:00,22.96,69.37,0,1,4.0,3.91,7.2,175.16,120.8
2025-07-14 08:00:00,25.8,79.34,57,8,12.0,8.27,7.23,272.74,243.6
2025-07-14 09:00:00,23.74,80.6,49,10,12.0,11.6,7.33,234.92,258.12
2025-07-14 10:00:00,22.93,76.25,65,11,12.0,14.56,6.79,238.91,252.67
2025-07-14 11:00:00,29.33,86.31,43,7,12.0,11.33,6.13,228.59,218.51
2025-07-14 12:00:00,23.86,71.83,59,7,12.0,12.91,6.71,237.81,236.55
2025-07-14 13:00:00,27.05,66.36,47,9,12.0,15.23,6.67,228.39,219.91
2025-07-14 14:00:00,29.63,73.79,48,10,12.0,8.98,5.51,194.91,239.03
2025-07-14 15:00:00,24.96,69.41,59,11,12.0,10.22,5.92,237.65,238.43
2025-07-14 16:00:00,31.2,73.23,50,7,12.0,5.43,5.48,227.87,234.1
2025-07-14 17:00:00,28.19,66.04,51,7,12.0,4.73,6.12,221.75,223.95
2025-07-14 18:00:00,33.52,65.33,49,10,12.0,0.0,6.11,259.87,236.94
2025-07-14 19:00:00,29.46,84.22,69,8,12.0,0.0,5.44,263.01,274.35
2025-07-14 20:00:00,33.73,65.15,5,3,6.3,0.0,5.35,125.39,178.67
2025-07-14 21:00:00,34.63,61.77,10,1,9.4,0.49,6.02,199.71,171.3
2025-07-14 22:00:00,33.62,76.26,8,3,8.3,1.92,5.71,142.43,149.83
2025-07-14 23:00:00,31.46,62.22,12,4,8.2,2.06,6.59,152.32,172.35
2025-07-15 00:00:00,29.42,66.15,5,3,5.8,0.41,6.45,154.96,160.9
2025-07-15 01:00:00,27.59,76.32,8,4,10.9,0.0,7.27,170.5,158.09
2025-07-15 02:00:00,31.68,75.99,13,2,11.4,5.16,7.48,206.28,176.24
2025-07-15 03:00:00,25.22,82.49,3,1,4.7,0.0,7.61,211.52,132.54
2025-07-15 04:00:00,23.41,69.98,19,5,12.0,0.55,7.33,171.24,182.34
2025-07-15 05:00:00,26.83,76.99,19,5,12.0,0.48,6.94,153.75,205.33
2025-07-15 06:00:00,22.55,72.56,15,4,11.2,0.71,6.78,134.83,182.1
2025-07-15 07:00:00,21.76,72.13,11,5,9.9,1.93,7.48,118.41,164.75
2025-07-15 08:00:00,20.39,85.75,31,3,12.0,7.88,7.43,241.55,191.71
2025-07-15 09:00:00,22.93,71.7,58,8,12.0,13.54,7.16,261.43,236.51
2025-07-15 10:00:00,24.33,76.52,52,11,12.0,8.11,6.43,267.87,259.71
2025-07-15 11:00:00,25.78,74.64,53,10,12.0,13.59,6.43,217.04,217.06
2025-07-15 12:00:00,28.38,64.24,40,8,12.0,11.76,6.53,243.87,212.2
2025-07-15 13:00:00,28.28,78.57,59,9,12.0,15.5,6.08,226.7,261.85
2025-07-15 14:00:00,27.52,76.26,43,9,12.0,14.41,5.83,232.38,206.53
2025-07-15 15:00:00,28.54,57.72,56,9,12.0,9.64,5.6,245.13,225.34
2025-07-15 16:00:00,31.28,71.65,62,7,12.0,7.12,5.76,230.58,239.71
2025-07-15 17:00:00,34.01,62.38,51,10,12.0,1.86,5.65,224.0,266.0
2025-07-15 18:00:00,31.78,77.03,65,9,12.0,0.0,5.41,248.42,268.07
2025-07-15 19:00:00,30.69,60.0,49,9,12.0,0.0,5.73,276.93,227.67
2025-07-15 20:00:00,29.52,68.44,15,1,12.0,0.0,5.89,175.46,166.73
2025-07-15 21:00:00,28.25,74.36,0,4,5.8,0.09,6.06,173.53,143.94
2025-07-15 22:00:00,33.13,68.79,18,4,12.0,0.0,5.76,142.18,197.07
2025-07-15 23:00:00,32.27,74.35,17,2,7.1,0.0,6.19,177.66,174.74
2025-07-16 00:00:00,31.44,58.96,14,3,10.8,0.0,6.51,157.68,184.66
2025-07-16 01:00:00,28.71,83.06,7,2,7.6,0.17,6.75,145.8,160.26
2025-07-16 02:00:00,31.52,73.21,0,2,5.7,1.17,6.43,174.44,171.26
2025-07-16 03:00:00,25.75,83.09,7,5,6.4,0.0,6.95,129.97,171.82
2025-07-16 04:00:00,28.39,77.85,19,4,12.0,0.0,7.4,184.83,193.46
2025-07-16 05:00:00,25.07,73.97,11,1,9.4,0.0,7.06,199.56,180.96
2025-07-16 06:00:00,23.02,66.5,0,1,3.5,4.06,7.42,183.84,142.89
2025-07-16 07:00:00,25.62,69.72,1,6,4.2,2.85,7.28,161.35,151.81
2025-07-16 08:00:00,25.02,85.21,65,10,12.0,6.15,7.03,191.36,222.7
2025-07-16 09:00:00,25.03,83.78,59,11,12.0,8.27,7.51,241.84,270.63
2025-07-16 10:00:00,24.74,69.95,45,7,12.0,8.32,6.79,265.2,220.56
2025-07-16 11:00:00,25.08,54.32,41,5,12.0,14.82,6.63,223.44,204.22
2025-07-16 12:00:00,31.97,67.73,50,7,12.0,13.47,6.33,208.39,248.47
2025-07-16 13:00:00,29.93,68.64,40,7,12.0,12.75,6.81,263.34,206.75
2025-07-16 14:00:00,29.81,68.99,54,8,12.0,12.49,6.59,208.23,223.59
2025-07-16 15:00:00,29.31,74.78,70,13,12.0,6.74,6.34,231.6,262.08
2025-07-16 16:00:00,32.52,74.97,42,6,12.0,10.54,6.11,238.07,243.88
2025-07-16 17:00:00,32.12,76.05,54,7,12.0,0.0,5.42,258.56,256.96
2025-07-16 18:00:00,31.53,72.65,65,11,12.0,3.55,5.54,272.31,275.08
2025-07-16 19:00:00,31.1,57.22,61,11,12.0,0.0,5.46,234.37,239.59
2025-07-16 20:00:00,31.8,66.95,9,3,7.6,0.0,6.17,168.32,146.35
2025-07-16 21:00:00,23.94,90.97,9,2,7.3,1.34,6.75,138.48,158.5
2025-07-16 22:00:00,31.99,71.83,1,1,6.8,0.0,6.34,207.9,153.32
2025-07-16 23:00:00,29.61,73.45,8,5,3.3,1.86,6.88,175.34,159.94
2025-07-17 00:00:00,33.98,70.33,12,5,7.7,0.62,6.66,181.36,170.48
2025-07-17 01:00:00,29.08,74.15,19,4,12.0,1.43,6.82,165.75,206.79
2025-07-17 02:00:00,25.03,57.4,5,3,5.4,2.08,6.7,179.58,173.27
2025-07-17 03:00:00,26.84,71.14,8,3,5.4,0.0,7.28,163.79,170.48
2025-07-17 04:00:00,23.38,74.97,2,5,4.3,1.93,7.51,196.15,148.74
2025-07-17 05:00:00,26.36,82.12,12,2,10.1,1.04,7.64,187.45,196.64
2025-07-17 06:00:00,25.26,74.25,16,3,10.1,2.67,7.34,142.37,184.43
2025-07-17 07:00:00,26.53,61.5,15,3,8.8,2.89,7.34,152.55,198.27
2025-07-17 08:00:00,22.02,79.19,46,8,12.0,9.73,7.17,222.05,225.64
2025-07-17 09:00:00,24.22,69.02,56,9,12.0,8.35,6.87,278.31,272.72
2025-07-17 10:00:00,21.12,68.3,50,8,12.0,8.11,7.21,215.04,225.35
2025-07-17 11:00:00,26.93,66.91,63,8,12.0,10.79,6.04,202.93,241.48
2025-07-17 12:00:00,27.3,76.29,54,11,12.0,13.34,5.91,259.21,256.58
2025-07-17 13:00:00,28.2,80.67,43,6,12.0,14.05,6.1,203.65,212.83
2025-07-17 14:00:00,28.0,75.38,53,10,12.0,12.16,5.65,215.88,243.73
2025-07-17 15:00:00,30.07,74.97,59,14,12.0,11.47,6.31,262.03,253.64
2025-07-17 16:00:00,34.01,71.1,57,8,12.0,4.6,5.65,249.28,238.05
2025-07-17 17:00:00,30.12,71.23,51,9,12.0,7.07,6.03,256.77,233.1
2025-07-17 18:00:00,31.81,74.21,50,8,12.0,2.69,6.16,272.65,244.16
2025-07-17 19:00:00,29.15,54.26,47,11,12.0,1.87,5.75,242.09,231.24
2025-07-17 20:00:00,29.83,71.5,7,2,7.4,2.53,5.92,158.8,163.86
2025-07-17 21:00:00,32.11,61.81,3,3,6.2,0.0,6.36,157.22,153.51
2025-07-17 22:00:00,34.22,75.78,18,5,11.3,1.4,6.45,163.68,217.73
2025-07-17 23:00:00,30.19,69.44,3,2,5.9,1.48,5.57,162.01,135.7
2025-07-18 00:00:00,29.41,71.23,11,4,9.1,1.93,6.36,166.16,178.97
2025-07-18 01:00:00,28.02,61.45,10,3,11.0,1.69,6.89,215.1,179.19
2025-07-18 02:00:00,26.66,80.05,18,5,7.3,0.89,6.98,171.53,189.94
2025-07-18 03:00:00,27.7,76.6,19,5,12.0,0.81,6.72,162.69,199.18
2025-07-18 04:00:00,22.26,79.92,16,3,9.9,2.38,6.6,150.21,185.08
2025-07-18 05:00:00,28.37,66.05,13,3,9.4,0.0,7.49,194.31,169.23
2025-07-18 06:00:00,22.87,70.17,2,3,8.4,0.73,7.0,193.5,161.24
2025-07-18 07:00:00,25.94,75.01,1,3,6.6,2.52,7.23,200.3,145.65
2025-07-18 08:00:00,20.83,72.16,48,10,12.0,6.7,7.24,222.97,233.11
2025-07-18 09:00:00,25.81,76.58,61,12,12.0,4.55,7.01,277.07,276.22
2025-07-18 10:00:00,26.22,58.12,56,8,12.0,10.38,6.57,225.36,253.4
2025-07-18 11:00:00,26.13,69.89,62,10,12.0,12.65,6.68,243.11,238.21
2025-07-18 12:00:00,23.51,87.72,63,9,12.0,13.15,6.31,244.66,266.2
2025-07-18 13:00:00,27.59,75.36,49,6,12.0,12.86,6.87,207.07,234.55
2025-07-18 14:00:00,25.04,75.24,55,9,12.0,9.75,6.17,244.89,236.72
2025-07-18 15:00:00,28.4,85.61,55,10,12.0,9.23,6.83,247.23,234.61
2025-07-18 16:00:00,32.57,52.45,52,7,12.0,9.17,5.35,235.08,248.81
2025-07-18 17:00:00,32.82,62.92,51,8,12.0,3.03,5.62,237.74,245.64
2025-07-18 18:00:00,31.5,66.74,64,9,12.0,2.6,5.59,246.74,263.93
2025-07-18 19:00:00,29.43,77.01,55,6,12.0,2.47,5.46,237.07,225.38
2025-07-18 20:00:00,33.61,74.2,10,3,7.9,0.0,5.68,163.93,170.35
2025-07-18 21:00:00,31.91,63.2,4,1,3.8,1.14,5.77,150.1,133.46
2025-07-18 22:00:00,25.66,80.62,15,4,12.0,0.0,5.76,224.79,191.24
2025-07-18 23:00:00,32.79,65.83,2,3,7.7,0.0,6.92,135.93,178.04
2025-07-19 00:00:00,29.94,79.12,14,4,10.4,0.22,6.47,173.62,188.03
2025-07-19 01:00:00,32.04,61.94,14,4,11.5,1.02,7.03,187.36,189.31
2025-07-19 02:00:00,25.26,73.05,7,5,9.0,3.23,7.25,190.28,186.18
2025-07-19 03:00:00,19.02,74.85,13,2,7.6,0.0,7.57,204.08,172.77
2025-07-19 04:00:00,26.7,80.3,11,2,10.1,0.35,6.85,186.56,166.32
2025-07-19 05:00:00,25.9,69.81,10,4,11.0,0.2,7.72,174.11,185.46
2025-07-19 06:00:00,20.31,77.09,10,3,7.1,3.59,7.27,164.46,191.13
2025-07-19 07:00:00,21.69,79.96,10,5,5.4,6.31,7.99,144.14,170.7
2025-07-19 08:00:00,30.89,73.8,56,10,12.0,7.77,7.38,231.29,274.57
2025-07-19 09:00:00,23.37,81.45,55,11,12.0,11.49,6.66,279.79,262.56
2025-07-19 10:00:00,26.36,74.62,46,7,12.0,12.82,7.34,253.98,225.98
2025-07-19 11:00:00,23.54,72.19,54,6,12.0,15.67,7.11,238.18,237.93
2025-07-19 12:00:00,20.77,74.61,57,9,12.0,15.72,6.05,264.03,239.23
2025-07-19 13:00:00,26.54,73.2,56,9,12.0,12.92,6.55,233.21,258.28
2025-07-19 14:00:00,27.34,74.21,63,10,12.0,12.32,6.66,229.17,237.47
2025-07-19 15:00:00,28.04,70.94,60,10,12.0,10.22,6.1,237.16,257.82
2025-07-19 16:00:00,29.71,70.94,48,7,12.0,7.3,5.47,245.61,232.32
2025-07-19 17:00:00,31.49,58.94,54,7,12.0,2.61,6.08,246.19,226.82
2025-07-19 18:00:00,31.09,74.51,53,8,12.0,0.67,5.93,263.61,245.47
2025-07-19 19:00:00,28.7,72.78,55,5,12.0,0.0,5.65,226.37,240.41
2025-07-19 20:00:00,33.22,75.36,10,3,8.5,0.0,5.65,170.52,174.21
2025-07-19 21:00:00,26.99,72.71,15,3,10.1,0.0,6.17,135.74,174.43
2025-07-19 22:00:00,26.34,60.99,11,5,9.6,0.54,5.78,186.85,173.84
2025-07-19 23:00:00,32.68,66.22,20,1,12.0,2.45,6.36,177.68,182.34
2025-07-20 00:00:00,31.27,68.31,12,3,11.7,1.42,6.92,188.17,211.24
2025-07-20 01:00:00,28.89,76.58,3,5,6.0,2.22,7.24,185.01,175.17
2025-07-20 02:00:00,24.51,59.95,6,4,5.8,3.55,6.72,181.27,164.49
2025-07-20 03:00:00,25.19,74.25,15,5,12.0,0.0,6.51,169.93,179.5
2025-07-20 04:00:00,25.34,77.46,0,3,5.7,1.42,6.95,167.19,154.42
2025-07-20 05:00:00,21.18,72.14,0,1,6.8,1.5,7.56,180.03,141.0
2025-07-20 06:00:00,22.69,76.24,10,3,8.3,0.51,7.04,195.84,172.99
2025-07-20 07:00:00,25.77,69.17,18,5,8.7,5.41,7.65,167.64,189.13
2025-07-20 08:00:00,27.57,67.2,65,8,12.0,7.18,6.93,274.53,260.96
2025-07-20 09:00:00,23.09,72.58,53,8,12.0,11.24,6.87,265.91,238.58
2025-07-20 10:00:00,26.43,68.13,63,5,12.0,9.29,6.84,218.61,234.6
2025-07-20 11:00:00,20.39,82.11,56,8,12.0,13.53,7.04,244.75,243.55
2025-07-20 12:00:00,27.65,67.1,43,7,12.0,15.42,5.95,234.82,230.06
2025-07-20 13:00:00,24.95,67.81,55,11,12.0,15.58,6.39,264.92,250.97
2025-07-20 14:00:00,28.77,83.84,50,7,12.0,10.4,6.19,240.07,244.45
2025-07-20 15:00:00,28.42,78.43,62,9,12.0,9.74,5.59,248.8,262.4
2025-07-20 16:00:00,33.3,55.26,55,8,12.0,4.87,5.93,231.56,234.49
2025-07-20 17:00:00,28.64,66.2,45,7,12.0,2.85,5.66,222.9,245.26
2025-07-20 18:00:00,33.03,70.17,43,8,12.0,0.63,5.3,253.68,247.84
2025-07-20 19:00:00,31.16,72.05,55,6,12.0,2.07,5.7,241.46,218.92
2025-07-20 20:00:00,31.6,59.04,0,4,7.0,1.81,5.44,164.52,145.93
2025-07-20 21:00:00,31.4,77.73,6,3,5.7,0.45,5.71,180.74,146.44
2025-07-20 22:00:00,29.35,76.83,12,5,9.0,0.0,6.41,176.59,188.35
2025-07-20 23:00:00,30.79,73.42,2,1,3.9,0.0,6.18,184.42,142.23
2025-07-21 00:00:00,29.84,80.21,18,1,11.7,5.07,6.8,211.35,177.78
2025-07-21 01:00:00,29.64,74.02,20,4,12.0,0.0,6.65,168.07,217.98
2025-07-21 02:00:00,28.21,74.99,2,3,5.6,0.0,6.56,172.4,174.79
2025-07-21 03:00:00,28.96,82.23,8,2,8.1,0.35,7.23,178.3,159.82
2025-07-21 04:00:00,28.31,79.49,18,5,12.0,1.41,7.39,161.62,207.79
2025-07-21 05:00:00,22.55,69.93,10,5,9.9,1.73,6.84,141.07,198.21
2025-07-21 06:00:00,26.71,77.34,0,3,2.9,0.58,7.7,172.04,142.63
2025-07-21 07:00:00,21.17,72.13,9,3,6.8,0.58,7.81,180.49,174.24
2025-07-21 08:00:00,25.47,77.3,48,8,12.0,6.56,7.41,257.42,239.5
2025-07-21 09:00:00,25.69,76.96,64,9,12.0,6.37,7.09,245.19,252.46
2025-07-21 10:00:00,19.76,68.09,60,9,12.0,12.91,7.6,238.21,259.51
2025-07-21 11:00:00,25.4,72.96,52,7,12.0,14.43,6.9,246.17,223.73
2025-07-21 12:00:00,24.83,76.08,56,8,12.0,13.75,6.57,233.02,232.99
2025-07-21 13:00:00,25.07,71.0,45,8,12.0,11.16,6.89,250.99,217.64
2025-07-21 14:00:00,31.38,71.84,49,7,12.0,10.49,6.66,242.1,244.66
2025-07-21 15:00:00,27.4,78.06,67,9,12.0,6.65,5.43,258.4,266.63
2025-07-21 16:00:00,27.98,71.8,55,9,12.0,6.9,5.63,232.2,230.17
2025-07-21 17:00:00,31.02,71.46,62,10,12.0,9.96,5.93,245.97,255.33
2025-07-21 18:00:00,33.18,78.06,57,9,12.0,0.0,6.13,243.98,261.97
2025-07-21 19:00:00,31.51,72.86,66,10,12.0,0.0,5.32,219.0,279.09
2025-07-21 20:00:00,34.92,68.56,0,3,8.5,0.43,6.12,146.32,151.68
2025-07-21 21:00:00,33.19,61.66,8,4,4.2,0.0,5.79,145.53,177.83
2025-07-21 22:00:00,26.02,78.08,23,5,10.0,0.0,6.35,180.13,198.0
2025-07-21 23:00:00,29.5,73.26,18,2,10.4,0.0,6.09,136.97,166.61
2025-07-22 00:00:00,28.6,80.57,21,4,11.7,1.77,5.68,176.97,196.55
2025-07-22 01:00:00,30.23,70.76,10,3,7.9,0.67,6.09,207.3,177.15
2025-07-22 02:00:00,21.44,63.88,6,1,6.0,0.0,6.51,179.92,134.18
2025-07-22 03:00:00,33.34,56.36,2,3,4.2,1.5,6.86,166.32,167.31
2025-07-22 04:00:00,27.33,77.62,1,3,4.9,3.42,7.19,212.05,155.08
2025-07-22 05:00:00,25.54,69.73,16,5,9.4,1.47,7.09,199.62,170.35
2025-07-22 06:00:00,27.49,75.41,14,2,11.3,0.0,7.28,136.47,146.33
2025-07-22 07:00:00,30.0,71.4,9,3,8.2,0.0,7.1,175.77,203.68
2025-07-22 08:00:00,26.18,72.11,59,9,12.0,3.51,7.19,246.52,260.36
2025-07-22 09:00:00,26.51,72.37,56,9,12.0,11.64,7.39,246.79,251.9
2025-07-22 10:00:00,24.86,68.14,63,10,12.0,10.61,6.89,272.28,245.55
2025-07-22 11:00:00,24.82,74.12,63,10,12.0,15.16,6.9,227.82,245.33
2025-07-22 12:00:00,24.81,70.14,46,7,12.0,13.09,6.75,227.69,244.81
2025-07-22 13:00:00,24.9,71.56,57,11,12.0,14.3,6.24,212.59,272.64
2025-07-22 14:00:00,26.28,70.94,42,6,12.0,13.53,5.47,242.13,182.73
2025-07-22 15:00:00,25.66,72.05,56,8,12.0,8.33,6.02,266.36,234.25
2025-07-22 16:00:00,29.81,77.19,60,11,12.0,8.65,5.57,228.29,277.37
2025-07-22 17:00:00,26.62,72.06,44,6,12.0,2.3,6.03,241.33,218.35
2025-07-22 18:00:00,31.94,76.41,52,7,12.0,0.0,6.18,255.46,249.73
2025-07-22 19:00:00,31.77,80.12,55,10,12.0,1.64,5.64,279.06,252.24
2025-07-22 20:00:00,32.37,74.93,12,1,8.8,1.26,5.86,152.63,168.19
2025-07-22 21:00:00,30.56,73.95,8,4,3.5,0.92,6.17,182.34,174.31
2025-07-22 22:00:00,39.16,66.48,1,1,4.7,0.0,5.82,194.67,160.8
2025-07-22 23:00:00,34.23,73.7,10,4,7.3,0.0,6.3,167.36,163.42
2025-07-23 00:00:00,26.89,73.4,0,1,0.4,1.38,5.96,196.6,120.21
2025-07-23 01:00:00,29.62,77.76,8,5,12.0,4.57,7.07,172.97,192.59
2025-07-23 02:00:00,26.48,77.36,6,1,6.3,3.62,7.49,137.28,151.85
2025-07-23 03:00:00,24.43,71.98,9,4,3.9,0.0,7.1,169.72,156.28
2025-07-23 04:00:00,22.65,82.02,6,1,6.6,0.0,6.93,166.67,139.02
2025-07-23 05:00:00,26.25,73.86,0,5,8.3,3.46,7.36,175.69,155.14
2025-07-23 06:00:00,22.83,74.87,7,3,11.3,1.2,6.85,138.6,161.01
2025-07-23 07:00:00,26.56,69.68,17,7,11.1,2.69,7.12,208.34,207.14
2025-07-23 08:00:00,26.48,74.22,65,9,12.0,7.25,7.05,253.2,260.2
2025-07-23 09:00:00,27.57,79.28,70,10,12.0,7.4,6.88,259.27,279.22
2025-07-23 10:00:00,22.4,82.14,69,12,12.0,14.14,6.98,244.08,269.41
2025-07-23 11:00:00,26.36,75.62,45,5,12.0,16.32,6.86,246.92,221.9
2025-07-23 12:00:00,27.58,76.49,52,7,12.0,17.08,6.5,251.38,217.68
2025-07-23 13:00:00,25.78,82.46,55,9,12.0,15.77,6.61,274.99,255.33
2025-07-23 14:00:00,26.07,72.3,54,7,12.0,11.48,6.24,186.79,206.26
2025-07-23 15:00:00,33.06,60.65,56,10,12.0,11.69,5.76,231.01,244.79
2025-07-23 16:00:00,30.57,79.31,70,11,12.0,9.92,5.77,272.71,263.26
2025-07-23 17:00:00,32.42,65.2,46,5,12.0,5.51,5.7,218.49,210.52
2025-07-23 18:00:00,29.41,66.18,49,9,12.0,1.71,5.57,253.03,210.32
2025-07-23 19:00:00,28.82,58.86,68,8,12.0,0.38,5.91,251.73,271.72
2025-07-23 20:00:00,30.58,74.2,5,4,6.7,0.0,5.06,176.4,166.41
2025-07-23 21:00:00,31.55,58.16,13,4,10.1,3.71,5.95,177.15,179.14
2025-07-23 22:00:00,28.8,66.19,18,3,12.0,0.0,6.21,159.28,172.62
2025-07-23 23:00:00,30.8,74.15,14,2,9.9,2.43,6.5,162.64,167.09
2025-07-24 00:00:00,25.78,78.61,12,4,7.6,4.96,6.89,117.46,162.38
2025-07-24 01:00:00,26.24,68.67,18,3,10.1,1.82,6.66,194.96,176.15
2025-07-24 02:00:00,29.68,69.89,3,4,7.9,2.35,7.19,149.89,177.99
2025-07-24 03:00:00,28.47,65.56,6,5,5.5,0.0,7.28,157.28,166.7
2025-07-24 04:00:00,25.02,70.25,14,6,6.8,0.0,7.29,146.68,174.74
2025-07-24 05:00:00,22.63,77.62,0,2,4.4,2.53,6.79,157.42,143.37
2025-07-24 06:00:00,21.97,72.71,21,4,12.0,0.0,7.68,160.75,194.23
2025-07-24 07:00:00,23.2,73.65,12,3,10.9,0.94,7.31,206.04,182.68
2025-07-24 08:00:00,25.61,63.42,56,8,12.0,3.68,7.1,266.8,268.58
2025-07-24 09:00:00,26.46,81.01,42,7,12.0,9.47,6.66,281.18,221.7
2025-07-24 10:00:00,23.29,78.86,45,8,12.0,11.67,6.04,273.2,234.5
2025-07-24 11:00:00,22.29,81.55,52,10,12.0,15.52,7.37,219.0,237.91
2025-07-24 12:00:00,26.67,81.96,61,9,12.0,12.02,6.61,211.03,262.62
2025-07-24 13:00:00,24.91,68.39,38,4,12.0,16.28,5.91,261.75,205.08
2025-07-24 14:00:00,26.7,70.4,61,9,12.0,9.7,5.66,211.59,235.63
2025-07-24 15:00:00,32.35,55.69,52,11,12.0,7.53,5.84,239.5,273.4
2025-07-24 16:00:00,32.07,91.14,53,6,12.0,7.28,6.09,267.45,237.42
2025-07-24 17:00:00,31.22,68.7,57,10,12.0,3.73,5.95,217.36,239.6
2025-07-24 18:00:00,28.28,79.07,57,8,12.0,1.16,5.94,208.38,230.36
2025-07-24 19:00:00,32.39,60.26,49,7,12.0,0.0,5.42,271.49,252.65
2025-07-24 20:00:00,34.66,74.32,15,4,4.7,0.71,5.74,175.98,188.74
2025-07-24 21:00:00,30.92,82.96,0,4,6.6,0.0,5.98,185.45,168.38
2025-07-24 22:00:00,34.84,66.79,6,3,9.4,0.0,6.08,168.96,164.65
2025-07-24 23:00:00,34.06,60.68,11,3,11.5,3.66,6.48,163.88,174.69
2025-07-25 00:00:00,34.16,66.72,7,1,4.9,2.09,7.05,161.23,140.26
2025-07-25 01:00:00,29.8,55.15,0,2,1.2,0.0,6.78,177.46,137.79
2025-07-25 02:00:00,29.47,70.71,16,2,9.8,0.0,6.7,180.64,183.58
2025-07-25 03:00:00,30.5,76.0,0,2,6.0,0.0,6.56,160.44,175.63
2025-07-25 04:00:00,27.12,72.37,9,3,6.3,0.9,7.25,171.7,165.97
2025-07-25 05:00:00,23.92,72.87,11,1,5.7,0.0,7.04,134.02,154.68
2025-07-25 06:00:00,23.41,78.9,10,5,9.9,3.12,7.45,198.04,182.86
2025-07-25 07:00:00,24.73,78.52,19,2,11.0,4.88,7.4,182.95,191.86
2025-07-25 08:00:00,20.77,65.44,55,8,12.0,5.15,7.74,267.48,261.59
2025-07-25 09:00:00,23.78,75.58,58,10,12.0,6.71,7.14,219.56,248.07
2025-07-25 10:00:00,27.28,89.56,55,11,12.0,13.87,7.06,233.7,253.78
2025-07-25 11:00:00,19.69,68.47,60,8,12.0,15.21,6.48,239.95,232.32
2025-07-25 12:00:00,29.84,70.12,66,6,12.0,15.51,6.0,256.67,241.28
2025-07-25 13:00:00,29.77,84.35,56,10,12.0,16.89,6.67,201.4,239.69
2025-07-25 14:00:00,26.85,80.53,61,7,12.0,13.04,6.52,230.54,234.64
2025-07-25 15:00:00,30.39,66.73,67,11,12.0,10.09,5.82,260.54,249.42
2025-07-25 16:00:00,30.01,72.04,66,11,12.0,8.53,5.13,246.32,253.9
2025-07-25 17:00:00,33.9,67.85,52,3,12.0,6.09,6.2,243.0,208.67
2025-07-25 18:00:00,33.92,62.62,63,7,12.0,1.37,6.12,226.3,255.74
2025-07-25 19:00:00,28.36,71.23,57,8,12.0,0.06,5.69,253.84,239.16
2025-07-25 20:00:00,33.47,66.21,19,1,12.0,1.94,6.18,182.92,171.62
2025-07-25 21:00:00,31.35,70.44,15,2,11.6,0.19,5.92,170.88,175.46
2025-07-25 22:00:00,31.67,64.19,12,4,11.2,0.0,6.18,176.66,150.91
2025-07-25 23:00:00,29.01,62.36,13,3,8.6,0.24,5.72,179.46,164.86
2025-07-26 00:00:00,34.37,67.25,12,4,10.3,0.0,6.93,130.36,196.96
2025-07-26 01:00:00,31.64,81.46,12,4,11.3,0.0,6.09,130.12,205.35
2025-07-26 02:00:00,26.15,73.87,9,1,7.4,0.0,7.5,176.15,173.23
2025-07-26 03:00:00,23.63,72.74,8,1,7.8,2.0,7.7,173.54,176.65
2025-07-26 04:00:00,25.04,79.35,24,6,11.9,0.43,6.3,165.64,193.77
2025-07-26 05:00:00,26.26,72.11,14,6,8.9,1.42,7.82,161.74,209.95
2025-07-26 06:00:00,25.14,87.08,5,1,6.1,0.96,7.22,176.07,164.2
2025-07-26 07:00:00,27.27,72.48,8,3,6.0,1.82,7.42,191.97,166.65
2025-07-26 08:00:00,25.97,78.32,63,11,12.0,9.65,6.7,248.4,274.4
2025-07-26 09:00:00,26.56,67.73,49,8,12.0,9.45,6.95,242.92,280.96
2025-07-26 10:00:00,25.35,77.37,43,7,12.0,11.4,6.49,247.07,228.44
2025-07-26 11:00:00,21.7,78.34,44,6,12.0,13.95,6.43,221.62,214.64
2025-07-26 12:00:00,25.51,73.35,41,10,12.0,14.47,6.93,245.07,240.03
2025-07-26 13:00:00,29.61,67.36,45,8,12.0,18.72,6.64,236.42,224.13
2025-07-26 14:00:00,27.87,67.62,46,8,12.0,13.32,6.39,235.53,217.87
2025-07-26 15:00:00,30.29,72.37,66,10,12.0,8.93,5.75,242.5,282.21
2025-07-26 16:00:00,29.2,75.56,55,7,12.0,10.8,5.57,259.78,218.07
2025-07-26 17:00:00,28.25,70.93,52,8,12.0,0.36,5.15,203.9,241.29
2025-07-26 18:00:00,31.16,71.8,43,7,12.0,0.0,5.94,261.3,232.0
2025-07-26 19:00:00,32.64,68.49,54,8,12.0,0.0,6.41,244.52,243.9
2025-07-26 20:00:00,30.36,71.04,0,2,6.7,0.0,6.32,172.9,134.2
2025-07-26 21:00:00,31.27,68.3,7,1,10.1,0.69,5.95,177.22,161.18
2025-07-26 22:00:00,29.12,71.34,27,3,12.0,0.87,6.27,145.85,202.49
2025-07-26 23:00:00,33.63,86.95,15,5,10.9,0.83,6.38,156.76,212.85
2025-07-27 00:00:00,29.26,73.3,8,2,6.1,1.26,6.82,197.92,155.0
2025-07-27 01:00:00,32.67,73.25,16,3,11.3,0.0,7.32,206.43,189.28
2025-07-27 02:00:00,31.82,72.39,6,1,12.0,2.58,6.7,171.35,194.83
2025-07-27 03:00:00,26.76,71.03,4,4,2.0,0.0,6.88,172.54,155.46
2025-07-27 04:00:00,23.48,84.22,24,6,12.0,0.0,7.09,189.46,207.47
2025-07-27 05:00:00,19.96,75.59,1,3,6.9,1.48,7.26,202.55,168.62
2025-07-27 06:00:00,20.86,84.39,7,3,10.0,0.0,7.55,168.98,152.85
2025-07-27 07:00:00,20.7,74.77,12,1,6.4,7.06,7.25,163.17,140.85
2025-07-27 08:00:00,27.45,65.67,48,8,12.0,9.09,6.89,269.67,261.61
2025-07-27 09:00:00,24.43,77.06,60,8,12.0,11.08,6.77,284.11,245.56
2025-07-27 10:00:00,25.51,66.01,53,7,12.0,11.15,6.49,225.81,231.92
2025-07-27 11:00:00,19.62,81.62,60,10,12.0,14.87,6.67,211.65,240.11
2025-07-27 12:00:00,23.01,67.14,60,12,12.0,13.21,6.86,245.69,253.18
2025-07-27 13:00:00,29.18,68.94,53,11,12.0,13.64,6.44,218.37,246.18
2025-07-27 14:00:00,28.72,61.48,69,11,12.0,11.47,6.3,212.4,271.38
2025-07-27 15:00:00,28.67,91.3,50,8,12.0,10.42,5.55,272.75,250.46
2025-07-27 16:00:00,31.41,58.03,66,10,12.0,6.5,5.4,217.94,255.94
2025-07-27 17:00:00,34.92,67.23,64,8,12.0,5.62,5.79,238.34,256.42
2025-07-27 18:00:00,30.91,77.97,69,10,12.0,0.91,6.14,241.31,277.07
2025-07-27 19:00:00,32.04,76.43,56,10,12.0,0.0,6.02,240.94,281.82
2025-07-27 20:00:00,32.48,74.82,4,5,5.7,0.0,5.57,137.45,163.05
2025-07-27 21:00:00,37.84,62.89,27,4,12.0,0.0,6.74,156.83,205.24
2025-07-27 22:00:00,26.22,82.71,7,1,7.2,0.0,5.39,206.57,126.68
2025-07-27 23:00:00,32.54,75.22,3,2,6.1,1.87,6.3,220.11,150.75
2025-07-28 00:00:00,29.71,72.29,8,4,7.8,0.0,6.54,152.38,160.93
2025-07-28 01:00:00,30.45,71.97,2,5,7.3,0.0,6.63,188.44,155.85
2025-07-28 02:00:00,26.36,71.02,14,6,9.3,0.89,7.08,193.75,188.97
2025-07-28 03:00:00,26.84,66.44,5,5,5.3,0.0,6.99,156.81,164.43
2025-07-28 04:00:00,27.78,80.82,8,2,7.9,0.0,6.67,212.41,186.04
2025-07-28 05:00:00,32.95,77.72,18,3,10.1,0.0,7.24,165.5,202.86
2025-07-28 06:00:00,26.56,66.82,15,2,10.1,1.3,7.36,158.1,192.05
2025-07-28 07:00:00,22.02,75.11,10,2,6.4,3.8,7.59,141.86,155.57
2025-07-28 08:00:00,22.94,74.54,56,10,12.0,8.0,7.69,269.49,243.36
2025-07-28 09:00:00,23.0,75.27,55,11,12.0,9.04,6.77,247.25,259.56
2025-07-28 10:00:00,20.05,78.02,52,9,12.0,12.62,7.49,224.9,219.46
2025-07-28 11:00:00,24.35,81.19,55,8,12.0,10.61,6.56,243.67,252.09
2025-07-28 12:00:00,27.83,66.89,59,7,12.0,18.55,6.32,253.23,224.82
2025-07-28 13:00:00,23.78,69.03,54,8,12.0,14.35,6.15,244.77,234.88
2025-07-28 14:00:00,30.62,78.82,58,9,12.0,15.54,5.42,273.98,247.29
2025-07-28 15:00:00,30.25,67.18,48,6,12.0,9.37,5.79,246.57,210.03
2025-07-28 16:00:00,28.16,63.04,50,9,12.0,4.9,6.27,254.99,250.01
2025-07-28 17:00:00,30.47,66.87,49,7,12.0,2.64,5.89,253.82,254.35
2025-07-28 18:00:00,35.46,64.47,50,9,12.0,0.0,5.78,280.48,241.18
2025-07-28 19:00:00,33.7,78.9,65,10,12.0,0.0,5.85,280.2,264.05
2025-07-28 20:00:00,32.02,75.66,16,4,11.0,3.72,6.25,163.76,181.89
2025-07-28 21:00:00,31.27,77.74,1,1,6.0,0.0,5.63,206.06,153.37
2025-07-28 22:00:00,31.66,75.18,13,3,12.0,0.0,6.42,129.14,196.23
2025-07-28 23:00:00,29.55,77.54,7,4,6.8,1.43,6.32,148.37,160.23
2025-07-29 00:00:00,24.74,69.47,5,2,5.3,0.0,6.23,166.95,147.07
2025-07-29 01:00:00,34.14,66.31,0,1,5.7,0.0,6.87,161.04,151.22
2025-07-29 02:00:00,28.39,64.8,18,4,9.5,0.28,6.93,198.36,183.85
2025-07-29 03:00:00,27.96,70.55,0,3,5.8,0.87,6.78,159.92,149.44
2025-07-29 04:00:00,25.86,78.29,10,5,8.4,0.7,6.82,186.95,163.63
2025-07-29 05:00:00,23.33,76.21,2,4,4.2,3.98,7.12,194.93,162.22
2025-07-29 06:00:00,24.07,83.93,16,4,11.6,0.0,7.12,186.43,191.42
2025-07-29 07:00:00,20.14,69.51,7,2,7.7,2.33,7.7,159.29,172.52
2025-07-29 08:00:00,29.69,74.32,54,8,12.0,8.22,7.12,242.77,263.52
2025-07-29 09:00:00,21.05,68.13,54,8,12.0,10.35,6.94,254.73,229.75
2025-07-29 10:00:00,21.96,76.89,57,10,12.0,12.83,7.3,223.35,231.81
2025-07-29 11:00:00,24.07,79.93,55,10,12.0,10.71,7.18,253.77,269.05
2025-07-29 12:00:00,29.22,69.64,55,10,12.0,18.36,6.21,212.85,222.4
2025-07-29 13:00:00,27.0,76.56,51,8,12.0,14.43,5.86,240.4,223.73
2025-07-29 14:00:00,24.91,67.45,42,6,12.0,8.96,6.28,247.59,204.46
2025-07-29 15:00:00,32.17,57.43,46,7,12.0,11.12,5.86,207.3,215.9
2025-07-29 16:00:00,31.83,73.22,61,6,12.0,4.79,5.62,243.29,233.54
2025-07-29 17:00:00,32.17,81.29,53,7,12.0,5.48,6.09,256.66,224.21
2025-07-29 18:00:00,33.25,61.35,50,8,12.0,0.0,5.61,238.77,233.11
2025-07-29 19:00:00,37.85,73.66,44,8,12.0,2.01,6.4,263.31,243.43
2025-07-29 20:00:00,37.46,65.68,0,3,6.4,0.0,5.82,182.16,162.06
2025-07-29 21:00:00,30.15,61.15,4,1,7.6,0.0,5.99,155.99,140.61
2025-07-29 22:00:00,35.52,58.81,17,3,10.2,0.28,6.88,197.66,182.08
2025-07-29 23:00:00,31.79,69.46,6,2,4.2,0.0,6.4,167.8,142.29
2025-07-30 00:00:00,31.25,66.9,13,3,8.1,0.0,6.25,138.19,177.63
2025-07-30 01:00:00,24.8,65.05,5,4,4.7,0.0,6.35,148.35,154.35
2025-07-30 02:00:00,27.57,60.44,15,2,11.4,0.0,6.74,189.26,183.68
2025-07-30 03:00:00,24.93,68.22,7,1,8.0,1.77,7.15,159.75,149.57
2025-07-30 04:00:00,28.07,73.31,0,2,3.8,3.76,7.51,169.46,138.11
2025-07-30 05:00:00,27.85,72.06,8,1,6.9,1.66,6.75,164.75,161.46
2025-07-30 06:00:00,19.35,74.55,25,2,12.0,1.37,7.3,195.81,190.95
2025-07-30 07:00:00,24.08,76.16,24,3,12.0,0.25,7.72,176.75,186.63
2025-07-30 08:00:00,26.8,80.12,59,9,12.0,6.94,7.28,260.64,253.48
2025-07-30 09:00:00,23.67,77.79,54,9,12.0,8.6,7.54,232.8,232.34
2025-07-30 10:00:00,26.36,72.3,57,10,12.0,9.1,6.37,226.98,239.41
2025-07-30 11:00:00,26.05,79.86,58,11,12.0,10.98,6.63,269.74,249.37
2025-07-30 12:00:00,26.85,66.08,55,9,12.0,15.34,6.54,219.97,227.98
2025-07-30 13:00:00,26.29,71.63,59,9,12.0,12.41,6.49,226.12,252.82
2025-07-30 14:00:00,24.96,72.72,57,8,12.0,9.17,5.8,201.82,234.41
2025-07-30 15:00:00,26.23,64.58,52,8,12.0,8.63,6.08,216.28,243.7
2025-07-30 16:00:00,31.77,66.42,45,11,12.0,7.58,5.98,228.52,255.54
2025-07-30 17:00:00,30.88,55.46,51,9,12.0,2.27,5.7,222.37,240.76
2025-07-30 18:00:00,31.12,83.2,61,10,12.0,0.0,5.86,238.93,238.74
2025-07-30 19:00:00,30.8,63.48,55,7,12.0,0.0,5.84,234.15,245.99
2025-07-30 20:00:00,31.24,80.84,12,4,10.1,1.77,5.58,162.37,187.36
2025-07-30 21:00:00,34.48,67.73,8,4,12.0,0.0,5.88,147.63,187.58
2025-07-30 22:00:00,30.63,74.12,2,4,6.5,0.0,5.66,186.54,160.99
2025-07-30 23:00:00,27.48,68.95,8,4,9.0,0.0,5.77,142.72,162.56
2025-07-31 00:00:00,31.86,70.75,2,2,5.2,0.0,6.59,181.38,140.49
2025-07-31 01:00:00,28.52,76.19,1,2,3.1,0.0,6.04,150.67,152.36
2025-07-31 02:00:00,28.08,76.6,20,4,12.0,1.97,6.82,187.35,193.06
2025-07-31 03:00:00,30.98,75.33,7,3,6.2,1.96,7.21,155.72,174.93
2025-07-31 04:00:00,25.95,70.86,4,4,5.9,0.21,7.2,139.29,157.31
2025-07-31 05:00:00,25.89,70.11,23,6,12.0,0.0,8.04,166.48,234.8
2025-07-31 06:00:00,21.59,65.33,17,5,10.3,0.23,7.45,185.87,189.68
2025-07-31 07:00:00,23.59,78.75,7,6,9.9,4.43,7.18,180.83,173.03
2025-07-31 08:00:00,25.52,81.31,58,5,12.0,6.78,7.41,257.39,229.36
2025-07-31 09:00:00,20.25,88.74,53,8,12.0,10.76,6.61,244.7,216.43
2025-07-31 10:00:00,25.04,76.21,49,8,12.0,11.42,7.25,239.86,241.65
2025-07-31 11:00:00,25.42,68.44,59,8,12.0,7.22,6.53,253.8,239.49
2025-07-31 12:00:00,26.1,61.45,52,7,12.0,13.61,6.89,213.3,221.93
2025-07-31 13:00:00,29.56,78.2,56,6,12.0,14.89,6.43,255.88,225.52
2025-07-31 14:00:00,28.84,58.84,63,9,12.0,12.19,6.32,231.95,235.76
2025-07-31 15:00:00,32.73,66.3,62,11,12.0,10.59,5.74,253.71,257.58
2025-07-31 16:00:00,27.52,70.77,51,9,12.0,6.46,5.41,259.41,233.68
2025-07-31 17:00:00,31.17,69.3,59,8,12.0,3.24,5.32,241.18,235.03
2025-07-31 18:00:00,31.68,69.68,46,8,12.0,0.34,5.1,236.01,237.54
2025-07-31 19:00:00,29.19,72.13,59,11,12.0,3.89,5.59,252.4,240.89
2025-07-31 20:00:00,34.39,50.62,11,1,8.5,1.68,5.6,193.89,154.36
2025-07-31 21:00:00,37.68,65.33,13,3,10.1,1.42,6.29,183.54,187.9
2025-07-31 22:00:00,31.42,54.0,8,3,5.7,0.41,5.74,166.85,157.51
2025-07-31 23:00:00,32.09,74.26,27,5,12.0,0.0,7.06,167.64,191.1
2025-08-01 00:00:00,30.21,66.57,3,4,6.8,2.45,6.15,141.87,126.63
2025-08-01 01:00:00,27.25,57.42,18,2,9.8,1.81,6.39,156.51,181.14
2025-08-01 02:00:00,23.45,69.49,2,1,8.1,0.73,6.38,195.89,153.28
2025-08-01 03:00:00,25.2,69.97,14,5,9.4,0.0,7.07,169.74,190.12
2025-08-01 04:00:00,22.52,84.17,15,1,9.2,1.09,7.08,159.1,165.25
2025-08-01 05:00:00,29.43,72.37,10,4,9.3,0.0,7.23,234.16,182.85
2025-08-01 06:00:00,24.25,77.04,6,3,6.2,1.46,7.44,184.25,160.77
2025-08-01 07:00:00,23.27,83.58,11,4,8.8,1.95,7.62,169.11,183.19
2025-08-01 08:00:00,26.22,72.57,57,8,12.0,3.18,6.78,221.07,253.35
2025-08-01 09:00:00,21.33,81.95,69,11,12.0,7.5,7.07,207.73,274.22
2025-08-01 10:00:00,22.62,80.55,48,6,12.0,12.41,7.2,238.77,236.52
2025-08-01 11:00:00,25.34,64.86,51,7,12.0,12.92,6.32,245.03,214.85
2025-08-01 12:00:00,28.57,81.91,57,9,12.0,13.7,7.47,215.48,246.97
2025-08-01 13:00:00,28.22,61.9,53,7,12.0,10.93,7.11,219.51,222.82
2025-08-01 14:00:00,28.62,77.99,54,9,12.0,12.73,6.07,245.34,233.71
2025-08-01 15:00:00,29.23,60.52,64,8,12.0,7.83,5.55,252.83,246.31
2025-08-01 16:00:00,31.0,74.11,32,6,12.0,7.99,5.46,233.83,192.37
2025-08-01 17:00:00,31.33,82.7,50,11,12.0,0.79,5.81,237.54,233.09
2025-08-01 18:00:00,28.89,69.89,41,5,12.0,0.0,5.92,236.55,197.87
2025-08-01 19:00:00,31.98,67.42,45,7,12.0,0.0,5.08,240.66,234.6
2025-08-01 20:00:00,29.32,75.35,29,3,12.0,1.15,5.48,150.34,183.25
2025-08-01 21:00:00,32.07,66.85,15,3,10.8,0.0,5.98,184.66,175.95
2025-08-01 22:00:00,30.26,83.14,18,5,11.7,0.85,5.61,159.13,191.18
2025-08-01 23:00:00,37.18,66.92,9,2,8.6,2.28,6.19,185.09,184.52
2025-08-02 00:00:00,29.9,68.43,16,5,12.0,3.56,6.65,133.78,192.06
2025-08-02 01:00:00,25.52,69.95,0,3,5.6,0.46,6.65,172.19,155.62
2025-08-02 02:00:00,27.66,65.7,18,4,10.9,0.0,6.64,154.35,181.43
2025-08-02 03:00:00,28.26,67.42,3,1,9.6,2.5,7.1,184.8,162.11
2025-08-02 04:00:00,30.18,68.02,6,4,6.8,3.02,7.37,167.61,166.68
2025-08-02 05:00:00,23.7,71.6,14,4,6.5,0.0,6.95,178.0,177.99
2025-08-02 06:00:00,20.58,72.59,13,1,6.5,2.64,7.42,163.72,162.45
2025-08-02 07:00:00,26.18,87.97,11,2,8.5,4.29,7.39,187.27,172.94
2025-08-02 08:00:00,20.55,70.01,44,3,12.0,3.68,7.37,257.86,210.7
2025-08-02 09:00:00,23.05,76.49,56,7,12.0,8.64,7.16,271.78,247.97
2025-08-02 10:00:00,23.89,79.02,63,9,12.0,11.11,6.95,244.05,253.59
2025-08-02 11:00:00,25.0,78.51,51,7,12.0,12.8,6.65,215.12,228.47
2025-08-02 12:00:00,27.72,71.78,66,9,12.0,12.13,6.4,246.76,248.89
2025-08-02 13:00:00,25.26,72.24,48,10,12.0,11.59,6.55,225.58,243.55
2025-08-02 14:00:00,27.32,75.64,55,10,12.0,14.82,6.07,225.54,243.59
2025-08-02 15:00:00,29.0,73.17,67,9,12.0,6.43,6.12,245.17,258.13
2025-08-02 16:00:00,30.37,68.53,50,9,12.0,5.55,5.99,194.19,231.15
2025-08-02 17:00:00,31.07,58.92,63,11,12.0,4.87,5.4,230.17,293.88
2025-08-02 18:00:00,32.55,65.54,70,11,12.0,0.0,5.59,197.68,246.28
2025-08-02 19:00:00,33.97,59.79,56,9,12.0,0.8,5.71,242.96,249.86
2025-08-02 20:00:00,32.98,63.84,6,4,5.0,0.0,5.84,179.25,158.31
2025-08-02 21:00:00,33.0,68.73,4,4,7.5,0.87,6.08,179.96,179.35
2025-08-02 22:00:00,27.51,74.86,20,3,12.0,0.0,6.16,188.05,183.77
2025-08-02 23:00:00,30.95,82.4,20,4,7.1,0.0,6.31,184.93,192.8
2025-08-03 00:00:00,31.2,66.0,22,4,12.0,0.0,6.35,194.73,198.24
2025-08-03 01:00:00,30.86,75.42,10,5,10.2,0.0,7.08,159.74,215.3
2025-08-03 02:00:00,26.27,75.35,18,3,10.2,0.0,7.02,183.3,194.29
2025-08-03 03:00:00,25.32,82.95,10,2,9.1,0.0,7.03,165.83,166.72
2025-08-03 04:00:00,24.56,78.44,3,4,3.1,0.0,7.06,165.8,169.35
2025-08-03 05:00:00,26.51,65.98,19,5,10.1,2.94,7.37,175.84,196.48
2025-08-03 06:00:00,27.12,60.55,23,8,12.0,0.55,7.31,167.62,244.22
2025-08-03 07:00:00,23.12,77.6,2,1,3.4,0.55,6.74,163.74,162.01
2025-08-03 08:00:00,26.27,69.51,47,7,12.0,6.9,6.85,208.68,243.73
2025-08-03 09:00:00,24.44,67.63,55,10,12.0,9.61,7.52,246.73,253.39
2025-08-03 10:00:00,24.23,65.77,63,8,12.0,7.99,7.03,254.48,248.99
2025-08-03 11:00:00,24.64,75.48,46,9,12.0,14.22,6.48,232.98,242.71
2025-08-03 12:00:00,27.87,82.65,57,7,12.0,15.91,6.37,249.92,258.17
2025-08-03 13:00:00,27.78,69.29,50,9,12.0,12.68,5.99,242.46,234.23
2025-08-03 14:00:00,33.69,72.15,61,7,12.0,11.54,5.92,247.77,258.58
2025-08-03 15:00:00,26.9,72.05,49,8,12.0,8.79,6.29,259.55,238.26
2025-08-03 16:00:00,31.3,60.67,61,7,12.0,7.77,5.74,231.8,258.44
2025-08-03 17:00:00,29.51,76.09,54,11,12.0,3.12,6.02,301.89,247.76
2025-08-03 18:00:00,29.29,63.43,48,6,12.0,0.0,6.27,251.13,237.21
2025-08-03 19:00:00,31.84,69.47,56,7,12.0,0.0,5.59,263.13,276.23
2025-08-03 20:00:00,32.34,66.57,0,3,4.7,4.08,5.35,148.54,147.7
2025-08-03 21:00:00,39.16,70.44,6,2,8.1,0.0,6.09,185.82,181.34
2025-08-03 22:00:00,31.0,62.49,13,5,6.3,1.4,5.81,191.2,181.87
2025-08-03 23:00:00,28.0,74.73,0,1,5.0,0.53,6.29,189.39,150.19
2025-08-04 00:00:00,30.68,64.24,0,1,7.4,0.0,6.56,197.66,135.98
2025-08-04 01:00:00,23.85,71.33,0,2,6.1,0.0,7.36,215.73,168.94
2025-08-04 02:00:00,27.77,46.71,21,3,8.6,0.0,7.01,192.05,185.39
2025-08-04 03:00:00,27.0,87.34,9,4,8.1,1.95,6.91,165.02,181.75
2025-08-04 04:00:00,27.99,75.86,6,4,5.6,0.0,7.41,185.88,172.09
2025-08-04 05:00:00,27.61,66.9,18,5,11.3,0.99,7.56,196.49,211.11
2025-08-04 06:00:00,23.28,67.43,7,4,6.7,1.99,7.72,247.17,159.5
2025-08-04 07:00:00,23.76,71.5,12,1,12.0,4.18,6.95,163.88,152.43
2025-08-04 08:00:00,22.08,81.16,55,8,12.0,7.01,7.64,244.2,243.74
2025-08-04 09:00:00,21.32,63.43,51,8,12.0,9.11,7.87,247.77,239.88
2025-08-04 10:00:00,25.31,72.89,57,11,12.0,11.88,7.34,253.81,251.32
2025-08-04 11:00:00,21.99,88.6,61,8,12.0,10.84,7.21,242.47,235.94
2025-08-04 12:00:00,24.96,66.19,54,5,12.0,14.36,6.35,250.39,223.01
2025-08-04 13:00:00,24.48,75.03,51,7,12.0,15.63,6.88,235.04,209.9
2025-08-04 14:00:00,29.37,86.46,52,7,12.0,10.38,5.93,260.12,244.15
2025-08-04 15:00:00,33.54,72.55,37,3,12.0,9.94,5.92,244.06,198.82
2025-08-04 16:00:00,26.75,73.76,57,10,12.0,6.79,5.64,251.7,249.6
2025-08-04 17:00:00,26.2,76.81,45,5,12.0,4.25,5.52,247.18,196.31
2025-08-04 18:00:00,31.15,66.99,60,10,12.0,0.0,5.7,233.81,275.49
2025-08-04 19:00:00,31.9,78.37,54,7,12.0,0.0,5.32,272.07,247.94
2025-08-04 20:00:00,32.55,66.02,11,6,10.5,0.0,5.57,148.83,190.16
2025-08-04 21:00:00,30.75,56.36,16,4,10.8,0.0,5.59,179.11,163.67
2025-08-04 22:00:00,30.96,67.19,3,2,5.6,1.55,6.64,184.39,140.46
2025-08-04 23:00:00,31.75,62.61,13,4,9.8,0.8,6.86,145.73,184.28
2025-08-05 00:00:00,32.6,66.81,12,2,8.2,0.0,7.39,135.27,162.92
2025-08-05 01:00:00,24.15,72.88,9,4,10.1,0.0,6.68,170.37,162.69
2025-08-05 02:00:00,27.08,81.03,3,2,9.0,0.0,6.91,187.48,170.44
2025-08-05 03:00:00,27.5,77.22,15,3,11.4,0.0,7.34,182.69,180.7
2025-08-05 04:00:00,23.71,76.85,16,4,12.0,0.0,6.75,171.88,192.01
2025-08-05 05:00:00,29.5,70.93,11,2,11.1,0.0,6.93,208.22,172.34
2025-08-05 06:00:00,22.95,68.12,1,2,4.8,2.62,6.74,167.44,150.34
2025-08-05 07:00:00,24.03,59.51,6,3,8.8,1.12,7.57,153.5,151.69
2025-08-05 08:00:00,25.39,74.62,55,5,12.0,8.99,6.89,238.07,242.06
2025-08-05 09:00:00,22.66,81.3,61,11,12.0,6.67,7.42,230.06,289.49
2025-08-05 10:00:00,19.92,76.9,42,8,12.0,15.34,6.74,257.3,205.62
2025-08-05 11:00:00,24.1,70.99,50,5,12.0,8.74,6.71,229.5,213.03
2025-08-05 12:00:00,28.57,74.85,52,5,12.0,14.93,6.44,223.94,236.89
2025-08-05 13:00:00,26.12,72.73,54,10,12.0,12.21,6.36,203.93,241.25
2025-08-05 14:00:00,25.88,85.28,45,9,12.0,11.79,5.93,244.87,209.86
2025-08-05 15:00:00,31.35,78.28,53,9,12.0,9.63,6.3,200.38,247.64
2025-08-05 16:00:00,29.17,77.9,53,6,12.0,8.21,5.75,253.6,229.65
2025-08-05 17:00:00,29.55,76.22,47,10,12.0,0.0,5.85,195.85,234.44
2025-08-05 18:00:00,31.84,60.28,54,7,12.0,0.0,5.74,275.05,232.75
2025-08-05 19:00:00,33.79,72.59,51,8,12.0,0.37,5.37,242.6,255.09
2025-08-05 20:00:00,37.95,67.67,14,4,9.9,0.0,6.28,188.89,177.06
2025-08-05 21:00:00,33.93,72.09,3,5,9.1,0.0,5.71,163.86,154.46
2025-08-05 22:00:00,34.36,70.99,11,4,12.0,0.0,6.38,140.67,177.54
2025-08-05 23:00:00,29.56,74.07,4,3,5.9,1.11,6.55,183.44,166.04
2025-08-06 00:00:00,27.44,91.3,5,2,4.2,0.73,5.98,157.55,146.0
2025-08-06 01:00:00,29.19,70.63,12,2,7.7,0.43,6.64,156.21,162.61
2025-08-06 02:00:00,28.27,78.37,12,1,10.2,1.32,7.1,177.98,171.4
2025-08-06 03:00:00,24.27,71.32,7,3,7.2,2.49,6.96,183.64,166.03
2025-08-06 04:00:00,25.56,79.24,8,1,4.6,0.0,7.15,203.8,174.18
2025-08-06 05:00:00,26.17,79.86,0,3,4.0,4.44,7.35,174.35,154.79
2025-08-06 06:00:00,25.44,76.35,21,5,12.0,0.79,7.17,153.67,225.39
2025-08-06 07:00:00,25.4,85.51,15,4,10.8,2.62,7.4,147.16,196.63
2025-08-06 08:00:00,24.73,68.1,60,8,12.0,11.6,7.21,249.4,245.55
2025-08-06 09:00:00,22.87,72.18,42,9,12.0,9.07,7.0,280.26,238.93
2025-08-06 10:00:00,23.25,76.81,50,9,12.0,9.7,6.56,208.85,243.76
2025-08-06 11:00:00,22.17,82.24,52,6,12.0,12.5,6.85,213.59,236.26
2025-08-06 12:00:00,30.46,71.53,40,10,12.0,12.88,5.66,244.19,238.77
2025-08-06 13:00:00,27.0,81.7,62,9,12.0,15.69,6.38,240.6,247.53
2025-08-06 14:00:00,27.44,67.76,67,8,12.0,11.9,6.11,210.05,242.72
2025-08-06 15:00:00,26.71,64.92,70,9,12.0,10.1,5.65,237.98,254.9
2025-08-06 16:00:00,37.34,67.62,47,5,12.0,7.13,5.32,220.19,210.51
2025-08-06 17:00:00,28.15,71.36,56,11,12.0,5.96,5.87,236.29,246.84
2025-08-06 18:00:00,30.39,74.13,66,12,12.0,0.0,5.61,238.44,259.53
2025-08-06 19:00:00,32.9,68.38,53,9,12.0,0.0,5.78,256.54,255.81
2025-08-06 20:00:00,33.5,65.77,5,3,6.8,0.0,5.16,176.38,167.08
2025-08-06 21:00:00,34.26,67.09,0,4,4.6,0.0,6.1,156.0,159.07
2025-08-06 22:00:00,35.98,66.61,19,4,12.0,1.05,6.43,178.53,196.29
2025-08-06 23:00:00,32.09,67.0,10,4,6.2,1.46,6.24,169.35,166.49
2025-08-07 00:00:00,27.36,71.03,4,1,6.8,3.4,6.19,141.19,159.26
2025-08-07 01:00:00,28.39,68.9,12,3,12.0,0.0,6.86,163.89,192.99
2025-08-07 02:00:00,28.77,77.46,11,4,7.2,0.0,6.8,166.34,164.82
2025-08-07 03:00:00,32.14,70.46,11,1,9.4,0.79,7.37,171.55,180.87
2025-08-07 04:00:00,22.51,91.64,8,2,7.8,0.0,7.2,168.71,166.29
2025-08-07 05:00:00,28.18,73.0,23,5,12.0,0.0,6.52,153.67,204.97
2025-08-07 06:00:00,24.99,70.25,9,3,8.0,0.65,6.48,228.38,151.78
2025-08-07 07:00:00,26.23,91.93,23,4,12.0,2.84,7.02,190.03,176.64
2025-08-07 08:00:00,23.75,77.87,60,10,12.0,6.42,7.35,241.48,263.3
2025-08-07 09:00:00,22.03,83.11,58,8,12.0,11.11,6.89,250.11,221.89
2025-08-07 10:00:00,26.41,77.26,54,7,12.0,12.74,7.07,248.46,231.2
2025-08-07 11:00:00,26.81,77.2,63,11,12.0,17.52,6.48,237.93,265.1
2025-08-07 12:00:00,28.43,75.45,56,10,12.0,15.84,7.22,242.0,253.17
2025-08-07 13:00:00,26.93,65.03,48,7,12.0,11.99,6.23,239.01,214.74
2025-08-07 14:00:00,26.5,75.62,47,8,12.0,11.32,6.19,245.86,234.31
2025-08-07 15:00:00,25.14,64.73,58,10,12.0,7.15,5.6,264.67,248.22
2025-08-07 16:00:00,32.05,67.95,48,8,12.0,5.05,5.66,208.04,228.86
2025-08-07 17:00:00,31.89,64.2,55,9,12.0,6.15,5.9,255.96,263.61
2025-08-07 18:00:00,29.05,73.77,63,10,12.0,0.0,5.68,257.22,266.04
2025-08-07 19:00:00,30.52,72.58,57,8,12.0,0.0,4.75,256.42,236.03
2025-08-07 20:00:00,30.83,73.38,4,3,4.1,0.0,5.98,160.38,124.21
2025-08-07 21:00:00,28.16,73.9,21,3,10.3,0.0,6.15,161.25,182.39
2025-08-07 22:00:00,29.42,66.76,14,4,10.1,0.0,6.36,197.04,171.77
2025-08-07 23:00:00,27.99,70.18,18,4,12.0,0.01,6.68,165.38,187.58
2025-08-08 00:00:00,28.97,77.76,0,1,3.2,0.0,6.56,154.96,137.34
2025-08-08 01:00:00,27.19,80.04,13,2,7.7,1.4,7.55,194.12,143.38
2025-08-08 02:00:00,23.93,66.82,17,4,11.2,0.0,6.98,161.68,180.5
2025-08-08 03:00:00,32.02,58.47,24,5,12.0,2.45,6.26,186.4,195.32
2025-08-08 04:00:00,29.13,66.12,0,1,3.6,0.0,7.27,167.59,142.46
2025-08-08 05:00:00,23.22,82.66,20,2,12.0,0.92,7.67,202.54,180.13
2025-08-08 06:00:00,25.22,82.45,23,2,12.0,0.0,6.82,156.78,193.93
2025-08-08 07:00:00,25.18,67.5,0,2,4.7,5.66,7.18,174.49,147.09
2025-08-08 08:00:00,26.98,74.87,59,10,12.0,4.35,7.62,268.16,273.2
2025-08-08 09:00:00,22.09,88.98,60,12,12.0,7.43,6.87,222.48,235.2
2025-08-08 10:00:00,27.27,75.42,52,8,12.0,10.19,6.82,221.66,258.74
2025-08-08 11:00:00,23.8,84.89,51,6,12.0,15.87,6.98,268.04,201.85
2025-08-08 12:00:00,22.66,82.73,60,9,12.0,13.53,6.05,252.9,239.44
2025-08-08 13:00:00,28.78,65.09,50,10,12.0,11.63,6.29,217.51,229.47
2025-08-08 14:00:00,31.23,68.41,53,7,12.0,11.73,5.76,235.39,236.53
2025-08-08 15:00:00,35.51,66.99,61,11,12.0,10.24,5.84,249.33,243.22
2025-08-08 16:00:00,27.0,73.43,69,11,12.0,4.85,5.89,229.07,283.79
2025-08-08 17:00:00,32.58,75.21,59,10,12.0,3.94,6.1,278.02,254.82
2025-08-08 18:00:00,30.44,73.15,56,12,12.0,0.0,5.81,268.67,267.66
2025-08-08 19:00:00,33.82,47.37,51,5,12.0,0.0,5.53,227.19,221.42
2025-08-08 20:00:00,28.32,62.58,2,4,4.3,0.0,6.23,116.67,165.54
2025-08-08 21:00:00,28.71,56.19,19,4,9.0,1.78,6.15,184.56,159.15
2025-08-08 22:00:00,29.52,72.16,9,2,7.2,0.0,5.42,168.91,125.08
2025-08-08 23:00:00,31.03,71.57,19,4,9.5,0.0,6.59,192.95,205.04
2025-08-09 00:00:00,28.4,73.7,7,5,6.7,0.71,6.52,138.95,159.82
2025-08-09 01:00:00,30.68,63.41,5,5,7.8,0.76,6.7,145.26,177.92
2025-08-09 02:00:00,30.57,74.92,13,1,9.6,1.87,7.32,175.9,199.52
2025-08-09 03:00:00,28.46,76.69,9,2,7.2,0.83,6.99,198.19,168.36
2025-08-09 04:00:00,30.05,61.78,0,3,1.4,0.28,7.51,143.32,161.27
2025-08-09 05:00:00,26.21,62.99,25,5,12.0,0.0,7.72,175.45,223.17
2025-08-09 06:00:00,21.49,76.55,5,3,6.0,0.0,7.32,189.27,162.04
2025-08-09 07:00:00,27.54,84.86,17,2,11.2,4.98,7.43,155.37,205.69
2025-08-09 08:00:00,22.49,87.76,62,8,12.0,6.69,7.44,276.04,268.63
2025-08-09 09:00:00,26.41,77.06,45,5,12.0,7.02,7.23,233.29,220.08
2025-08-09 10:00:00,28.47,66.56,47,5,12.0,11.44,7.21,256.01,238.65
2025-08-09 11:00:00,26.31,79.39,53,6,12.0,13.41,6.34,201.9,232.75
2025-08-09 12:00:00,22.26,72.85,48,6,12.0,10.02,6.28,240.88,219.71
2025-08-09 13:00:00,24.67,68.96,69,9,12.0,15.02,5.85,222.73,257.69
2025-08-09 14:00:00,31.31,54.68,53,7,12.0,12.13,6.69,235.91,249.49
2025-08-09 15:00:00,28.61,72.29,62,11,12.0,7.17,5.35,232.98,250.33
2025-08-09 16:00:00,30.2,66.05,59,8,12.0,6.41,6.27,283.67,266.06
2025-08-09 17:00:00,32.73,69.37,57,11,12.0,3.42,5.89,262.11,279.85
2025-08-09 18:00:00,33.2,52.26,55,8,12.0,1.89,5.39,261.15,242.06
2025-08-09 19:00:00,32.56,70.0,65,10,12.0,1.83,5.28,220.72,291.93
2025-08-09 20:00:00,31.48,52.55,3,3,6.1,2.16,5.79,164.45,150.69
2025-08-09 21:00:00,31.08,77.46,24,4,12.0,0.75,5.86,153.53,206.46
2025-08-09 22:00:00,33.61,71.73,0,2,7.3,0.0,6.24,122.81,154.0
2025-08-09 23:00:00,32.21,67.1,16,3,9.6,0.0,5.52,198.43,194.98
2025-08-10 00:00:00,29.36,74.99,0,3,6.3,0.0,6.43,154.98,153.64
2025-08-10 01:00:00,31.74,62.54,7,3,9.5,0.0,6.4,178.74,180.6
2025-08-10 02:00:00,27.68,72.73,11,2,11.9,0.0,7.35,201.46,151.88
2025-08-10 03:00:00,24.84,79.78,6,3,4.4,2.06,7.21,166.71,155.66
2025-08-10 04:00:00,24.1,53.07,9,4,5.4,0.0,7.02,167.98,162.29
2025-08-10 05:00:00,22.72,72.56,0,5,7.3,0.0,7.77,226.83,145.4
2025-08-10 06:00:00,23.85,74.74,2,2,7.7,0.0,7.15,171.88,170.12
2025-08-10 07:00:00,27.22,71.17,14,4,8.7,1.67,7.24,205.1,184.61
2025-08-10 08:00:00,21.99,86.41,55,9,12.0,5.05,7.29,263.39,233.49
2025-08-10 09:00:00,24.61,66.51,49,6,12.0,4.29,7.38,219.14,245.33
2025-08-10 10:00:00,22.89,71.23,66,7,12.0,15.26,6.9,248.73,261.16
2025-08-10 11:00:00,24.52,61.02,45,7,12.0,9.16,7.2,227.74,226.07
2025-08-10 12:00:00,22.22,86.61,52,10,12.0,12.85,6.36,223.96,221.39
2025-08-10 13:00:00,26.41,71.39,51,10,12.0,14.84,5.95,252.54,216.06
2025-08-10 14:00:00,27.52,69.27,60,6,12.0,13.3,6.66,247.66,222.87
2025-08-10 15:00:00,30.39,69.96,55,10,12.0,6.96,5.82,247.83,243.47
2025-08-10 16:00:00,30.56,74.66,54,5,12.0,9.41,6.01,261.47,251.55
2025-08-10 17:00:00,27.83,74.55,40,7,12.0,5.75,6.0,283.75,216.51
2025-08-10 18:00:00,34.17,86.21,62,10,12.0,0.0,6.43,249.26,260.75
2025-08-10 19:00:00,32.39,72.1,53,6,12.0,0.05,5.62,296.44,235.66
2025-08-10 20:00:00,32.5,65.6,11,5,8.9,0.0,5.99,150.82,194.56
2025-08-10 21:00:00,31.84,65.38,4,5,5.6,0.5,5.66,199.03,171.88
2025-08-10 22:00:00,30.17,67.73,3,2,7.4,0.45,5.93,154.65,156.55
2025-08-10 23:00:00,31.37,59.13,22,5,12.0,0.0,6.03,198.11,201.91
2025-08-11 00:00:00,31.19,70.05,0,4,3.5,1.29,6.8,153.18,154.51
2025-08-11 01:00:00,24.67,79.82,2,1,6.5,0.66,7.03,187.24,146.74
2025-08-11 02:00:00,26.65,68.65,22,3,9.6,6.43,7.03,150.9,180.11
2025-08-11 03:00:00,26.33,67.52,15,3,8.1,0.0,6.79,152.66,178.07
2025-08-11 04:00:00,26.64,83.56,7,3,8.6,2.67,6.96,167.23,165.98
2025-08-11 05:00:00,28.15,61.91,20,4,11.9,0.0,7.03,149.73,189.33
2025-08-11 06:00:00,22.61,61.3,14,3,7.7,1.05,7.42,177.61,167.53
2025-08-11 07:00:00,22.89,67.51,12,3,9.2,0.0,6.72,187.22,175.31
2025-08-11 08:00:00,22.72,64.91,57,8,12.0,5.98,7.05,229.47,237.5
2025-08-11 09:00:00,22.13,78.81,59,8,12.0,10.84,6.6,232.37,247.69
2025-08-11 10:00:00,23.67,72.51,59,8,12.0,12.6,7.08,252.55,252.4
2025-08-11 11:00:00,27.1,71.09,70,9,12.0,9.51,6.36,223.17,268.8
2025-08-11 12:00:00,23.37,83.31,53,5,12.0,13.18,7.19,228.02,213.34
2025-08-11 13:00:00,28.03,67.14,54,8,12.0,16.48,6.66,222.18,233.51
2025-08-11 14:00:00,23.75,80.4,45,4,12.0,14.18,6.07,220.85,200.72
2025-08-11 15:00:00,27.63,82.84,55,10,12.0,11.82,6.08,247.54,243.96
2025-08-11 16:00:00,29.18,67.99,70,10,12.0,11.7,5.97,244.67,277.61
2025-08-11 17:00:00,35.02,72.25,63,9,12.0,0.13,5.39,222.72,251.88
2025-08-11 18:00:00,30.78,68.36,51,8,12.0,0.0,6.13,259.35,243.48
2025-08-11 19:00:00,26.36,79.62,55,8,12.0,0.06,5.69,238.9,234.16
2025-08-11 20:00:00,27.0,61.7,0,4,7.9,0.0,5.54,197.25,131.28
2025-08-11 21:00:00,31.95,57.72,2,1,6.5,0.25,6.12,174.21,129.86
2025-08-11 22:00:00,33.0,65.76,11,1,10.2,2.6,5.71,150.55,175.4
2025-08-11 23:00:00,31.77,63.14,6,3,9.4,0.22,6.52,198.97,151.46
2025-08-12 00:00:00,30.42,66.69,2,1,6.8,0.0,6.62,159.78,154.75
2025-08-12 01:00:00,31.94,67.7,14,4,8.3,1.35,6.48,149.28,185.36
2025-08-12 02:00:00,26.65,77.98,9,4,11.5,0.0,7.23,174.7,170.89
2025-08-12 03:00:00,29.2,68.3,0,1,6.0,0.0,7.31,179.95,162.6
2025-08-12 04:00:00,21.92,70.49,0,3,6.2,0.0,7.08,160.75,134.97
2025-08-12 05:00:00,22.91,73.1,5,1,6.9,0.0,7.46,183.01,146.36
2025-08-12 06:00:00,20.02,72.2,0,2,7.2,0.0,6.83,164.43,131.68
2025-08-12 07:00:00,23.45,68.65,0,1,8.8,2.62,7.44,174.83,157.65
2025-08-12 08:00:00,23.88,63.59,64,10,12.0,3.95,6.68,231.49,279.51
2025-08-12 09:00:00,24.42,74.99,54,8,12.0,10.4,7.11,252.15,244.47
2025-08-12 10:00:00,24.69,70.34,53,7,12.0,9.96,7.14,248.85,265.62
2025-08-12 11:00:00,22.85,82.37,53,6,12.0,16.17,6.83,268.64,226.72
2025-08-12 12:00:00,25.52,63.6,46,9,12.0,14.34,7.04,215.58,234.0
2025-08-12 13:00:00,23.22,71.55,58,8,12.0,13.0,6.02,242.74,243.32
2025-08-12 14:00:00,31.41,82.3,54,10,12.0,14.63,6.24,203.69,238.14
2025-08-12 15:00:00,28.28,65.23,49,7,12.0,10.42,5.19,242.44,225.59
2025-08-12 16:00:00,28.78,69.8,50,10,12.0,7.69,5.63,272.68,225.42
2025-08-12 17:00:00,34.8,58.73,45,6,12.0,3.49,5.62,245.62,211.62
2025-08-12 18:00:00,28.36,62.31,52,10,12.0,0.0,6.25,238.57,258.42
2025-08-12 19:00:00,29.05,82.1,53,9,12.0,0.81,5.72,233.41,234.33
2025-08-12 20:00:00,29.26,72.32,7,3,7.2,3.05,6.13,137.31,155.82
2025-08-12 21:00:00,31.69,70.35,10,2,11.8,0.0,5.62,129.22,188.99
2025-08-12 22:00:00,32.54,56.95,9,4,5.6,3.74,5.98,172.6,140.66
2025-08-12 23:00:00,32.68,71.24,12,5,11.7,0.0,6.0,152.03,197.24
2025-08-13 00:00:00,36.43,74.2,18,4,11.3,0.38,6.15,162.99,200.91
2025-08-13 01:00:00,23.41,83.26,15,1,8.6,0.0,6.38,181.59,161.72
2025-08-13 02:00:00,29.52,75.61,18,2,8.4,2.98,6.69,173.18,179.92
2025-08-13 03:00:00,25.57,65.79,3,1,9.0,0.0,7.78,160.79,157.23
2025-08-13 04:00:00,24.53,76.62,6,3,5.4,2.24,7.17,135.98,164.72
2025-08-13 05:00:00,23.62,79.74,15,3,10.4,0.0,6.8,149.55,167.79
2025-08-13 06:00:00,22.26,63.45,15,3,8.3,0.0,7.12,138.55,179.04
2025-08-13 07:00:00,28.35,63.91,5,2,10.7,1.11,7.63,157.37,158.38
2025-08-13 08:00:00,26.11,79.54,60,11,12.0,9.44,6.95,285.18,290.78
2025-08-13 09:00:00,24.19,80.8,47,8,12.0,9.6,7.59,246.5,233.71
2025-08-13 10:00:00,27.91,61.22,59,9,12.0,13.56,7.26,259.14,253.85
2025-08-13 11:00:00,21.39,82.19,55,8,12.0,9.39,6.64,225.74,255.85
2025-08-13 12:00:00,22.67,76.4,44,7,12.0,12.22,6.27,245.62,203.69
2025-08-13 13:00:00,21.52,82.0,52,7,12.0,14.02,5.96,242.75,217.1
2025-08-13 14:00:00,26.25,68.78,70,11,12.0,8.97,6.17,236.57,247.61
2025-08-13 15:00:00,29.44,75.51,57,7,12.0,10.62,6.08,224.0,224.3
2025-08-13 16:00:00,30.26,76.33,70,12,12.0,5.68,6.28,223.09,259.27
2025-08-13 17:00:00,31.2,67.3,43,6,12.0,2.07,5.85,204.74,231.28
2025-08-13 18:00:00,27.94,72.17,61,11,12.0,1.03,5.58,246.93,265.06
2025-08-13 19:00:00,33.87,63.35,35,9,12.0,0.34,6.21,230.46,224.38
2025-08-13 20:00:00,32.6,80.34,10,3,10.4,0.0,6.09,154.06,166.98
2025-08-13 21:00:00,33.7,67.17,15,6,10.7,2.25,5.69,191.74,201.49
2025-08-13 22:00:00,26.73,66.43,17,5,10.8,1.01,6.07,138.81,180.47
2025-08-13 23:00:00,31.61,64.46,4,1,6.1,0.0,6.52,197.87,141.29
2025-08-14 00:00:00,27.03,73.57,18,4,12.0,0.0,6.61,195.0,200.88
2025-08-14 01:00:00,28.04,77.24,6,3,5.7,0.75,6.35,153.15,157.81
2025-08-14 02:00:00,29.34,61.71,9,4,3.8,0.0,6.96,181.66,175.85
2025-08-14 03:00:00,27.19,85.5,7,3,7.0,0.0,6.83,160.49,169.23
2025-08-14 04:00:00,23.87,77.05,1,2,6.1,0.13,7.22,169.63,175.67
2025-08-14 05:00:00,25.19,77.23,23,5,12.0,1.52,6.82,173.81,199.76
2025-08-14 06:00:00,20.71,76.42,10,3,7.4,0.0,6.99,185.63,139.45
2025-08-14 07:00:00,27.01,72.83,19,2,10.9,3.73,8.01,161.82,184.47
2025-08-14 08:00:00,23.49,74.12,63,9,12.0,9.04,7.04,287.93,260.36
2025-08-14 09:00:00,26.93,79.87,47,5,12.0,6.73,7.46,235.12,235.89
2025-08-14 10:00:00,23.22,75.29,65,9,12.0,13.6,6.86,252.24,261.57
2025-08-14 11:00:00,23.86,80.27,59,8,12.0,14.2,6.29,254.7,231.39
2025-08-14 12:00:00,24.09,71.7,47,7,12.0,10.75,6.12,205.65,238.3
2025-08-14 13:00:00,29.16,72.56,59,8,12.0,14.92,6.02,223.43,252.55
2025-08-14 14:00:00,26.23,67.61,47,8,12.0,15.74,6.85,251.41,221.38
2025-08-14 15:00:00,30.65,78.66,68,10,12.0,10.57,5.85,224.26,254.67
2025-08-14 16:00:00,29.04,65.43,62,9,12.0,8.11,5.87,259.76,271.51
2025-08-14 17:00:00,25.89,71.2,54,6,12.0,1.49,5.97,233.08,236.46
2025-08-14 18:00:00,30.04,68.37,65,9,12.0,0.0,5.88,270.95,254.51
2025-08-14 19:00:00,28.92,68.88,42,9,12.0,0.0,6.03,233.66,247.3
2025-08-14 20:00:00,32.08,74.2,4,4,4.0,0.79,5.62,167.63,155.7
2025-08-14 21:00:00,28.89,69.16,8,4,4.4,0.0,5.52,200.47,172.66
2025-08-14 22:00:00,33.78,77.71,28,5,12.0,0.0,5.77,181.26,200.06
2025-08-14 23:00:00,30.6,64.45,1,3,7.0,1.41,5.76,146.45,150.06
2025-08-15 00:00:00,29.56,72.1,0,1,7.3,3.34,6.32,203.49,161.67
2025-08-15 01:00:00,30.68,64.7,0,2,5.4,0.0,5.4,155.25,140.86
2025-08-15 02:00:00,30.41,73.26,17,3,11.1,0.0,7.15,175.91,189.17
2025-08-15 03:00:00,26.91,72.65,5,4,6.1,0.08,7.27,169.31,134.03
2025-08-15 04:00:00,24.07,73.66,9,4,8.1,0.38,6.85,172.44,176.07
2025-08-15 05:00:00,20.74,85.4,16,4,12.0,1.66,6.79,196.47,196.76
2025-08-15 06:00:00,22.82,71.05,9,6,7.5,0.0,7.83,133.41,167.89
2025-08-15 07:00:00,22.59,79.89,12,4,10.5,5.39,7.61,183.73,181.47
2025-08-15 08:00:00,24.27,69.23,59,10,12.0,8.46,7.1,266.02,250.88
2025-08-15 09:00:00,23.27,76.1,52,9,12.0,9.3,6.83,240.98,223.15
2025-08-15 10:00:00,26.26,64.85,54,7,12.0,13.76,6.91,261.44,230.5
2025-08-15 11:00:00,23.64,70.41,57,7,12.0,15.38,6.2,240.31,222.32
2025-08-15 12:00:00,25.86,72.92,62,9,12.0,11.82,6.6,238.03,250.8
2025-08-15 13:00:00,29.92,83.36,49,8,12.0,15.44,5.87,250.85,226.56
2025-08-15 14:00:00,28.85,72.11,31,7,12.0,11.88,5.26,211.49,216.56
2025-08-15 15:00:00,28.89,82.96,60,8,12.0,9.4,5.65,255.67,236.78
2025-08-15 16:00:00,28.5,73.2,62,10,12.0,6.78,5.45,267.03,250.77
2025-08-15 17:00:00,29.25,68.42,57,9,12.0,6.11,6.36,243.72,247.93
2025-08-15 18:00:00,29.34,81.84,57,9,12.0,2.48,6.29,248.29,249.03
2025-08-15 19:00:00,30.51,73.3,50,8,12.0,0.95,5.34,253.74,230.91
2025-08-15 20:00:00,33.89,63.38,14,2,11.7,0.54,5.77,156.72,176.34
2025-08-15 21:00:00,31.31,72.98,17,1,12.0,0.0,5.7,166.91,180.92
2025-08-15 22:00:00,28.09,69.89,10,2,8.5,5.4,6.74,191.75,167.01
2025-08-15 23:00:00,35.25,53.0,30,5,12.0,0.0,5.66,151.91,188.45
2025-08-16 00:00:00,30.8,76.59,0,1,5.0,0.0,6.66,157.07,158.08
2025-08-16 01:00:00,25.52,81.4,11,3,8.0,0.6,7.15,131.01,165.61
2025-08-16 02:00:00,26.9,85.64,1,4,8.9,0.0,6.71,199.07,184.92
2025-08-16 03:00:00,27.24,75.49,17,5,8.4,2.1,7.07,138.37,205.05
2025-08-16 04:00:00,30.26,68.68,0,3,6.5,0.0,7.56,170.35,181.02
2025-08-16 05:00:00,22.4,81.76,0,3,6.5,0.0,6.89,187.67,150.24
2025-08-16 06:00:00,26.98,78.67,5,1,5.7,0.0,7.52,173.79,146.83
2025-08-16 07:00:00,27.64,83.72,12,3,9.8,1.61,6.73,174.7,201.38
2025-08-16 08:00:00,22.43,75.59,50,9,12.0,9.08,6.63,251.38,257.26
2025-08-16 09:00:00,23.44,74.03,50,7,12.0,7.27,7.36,225.34,215.31
2025-08-16 10:00:00,21.95,71.23,54,8,12.0,10.2,6.56,227.93,255.48
2025-08-16 11:00:00,24.66,78.1,53,11,12.0,12.17,6.77,217.43,255.65
2025-08-16 12:00:00,25.91,62.63,67,10,12.0,15.69,6.09,241.29,260.0
2025-08-16 13:00:00,28.61,77.0,60,12,12.0,16.43,6.39,228.86,251.73
2025-08-16 14:00:00,30.73,74.21,52,6,12.0,13.17,5.52,228.46,243.06
2025-08-16 15:00:00,27.17,76.68,70,9,12.0,7.27,6.39,231.04,259.34
2025-08-16 16:00:00,25.08,75.01,59,10,12.0,5.76,6.09,245.79,244.93
2025-08-16 17:00:00,30.78,80.79,47,8,12.0,6.77,5.52,251.81,209.51
2025-08-16 18:00:00,32.2,75.17,57,6,12.0,0.06,5.05,236.84,237.45
2025-08-16 19:00:00,32.49,64.61,59,9,12.0,0.0,5.66,226.96,249.45
2025-08-16 20:00:00,31.18,65.65,4,6,7.2,4.39,5.68,177.38,141.49
2025-08-16 21:00:00,32.18,62.92,2,3,7.1,0.0,5.74,176.78,177.75
2025-08-16 22:00:00,35.25,70.78,11,4,8.8,0.0,6.47,169.6,185.65
2025-08-16 23:00:00,31.78,62.35,7,2,6.8,0.0,6.72,190.52,149.08
2025-08-17 00:00:00,29.07,78.84,22,5,12.0,0.0,6.65,158.65,194.43
2025-08-17 01:00:00,27.78,81.41,16,4,10.7,2.59,7.23,161.82,184.45
2025-08-17 02:00:00,27.58,66.14,5,4,6.6,0.39,5.92,182.87,160.76
2025-08-17 03:00:00,31.06,68.56,13,5,11.1,0.63,6.96,205.44,210.57
2025-08-17 04:00:00,25.54,73.84,20,5,9.9,0.0,7.07,182.07,197.45
2025-08-17 05:00:00,25.12,80.2,0,2,2.5,0.0,7.57,157.38,152.77
2025-08-17 06:00:00,23.33,86.53,2,1,2.5,0.0,7.19,150.48,144.14
2025-08-17 07:00:00,26.88,60.98,10,1,9.6,1.97,7.47,199.5,187.1
2025-08-17 08:00:00,28.9,69.14,55,9,12.0,7.93,7.02,260.08,278.25
2025-08-17 09:00:00,25.26,72.05,55,10,12.0,9.22,6.83,218.47,255.17
2025-08-17 10:00:00,24.74,64.48,53,10,12.0,13.51,7.18,252.2,236.49
2025-08-17 11:00:00,25.26,70.52,52,7,12.0,14.96,6.71,258.56,231.08
2025-08-17 12:00:00,20.04,80.57,58,7,12.0,13.13,6.61,258.82,194.22
2025-08-17 13:00:00,28.83,69.47,64,11,12.0,14.43,5.86,253.19,266.5
2025-08-17 14:00:00,28.34,60.95,51,7,12.0,11.2,6.34,248.11,215.3
2025-08-17 15:00:00,30.11,90.64,70,8,12.0,8.32,5.56,264.47,262.06
2025-08-17 16:00:00,28.22,73.71,70,10,12.0,4.88,6.41,240.58,276.69
2025-08-17 17:00:00,29.87,71.47,66,9,12.0,3.8,5.64,203.94,256.16
2025-08-17 18:00:00,30.44,62.61,60,11,12.0,0.0,5.56,246.34,260.69
2025-08-17 19:00:00,34.42,69.33,70,12,12.0,2.76,6.04,258.36,291.91
2025-08-17 20:00:00,31.05,68.71,8,2,7.0,3.25,5.79,145.15,150.56
2025-08-17 21:00:00,37.07,52.43,3,4,3.3,0.95,6.19,176.27,174.92
2025-08-17 22:00:00,32.54,61.33,6,3,9.3,0.49,6.0,184.18,180.01
2025-08-17 23:00:00,27.64,77.82,2,4,4.4,0.04,6.54,144.18,163.88
2025-08-18 00:00:00,29.68,84.43,11,5,7.4,4.75,6.47,195.52,167.47
2025-08-18 01:00:00,27.41,74.99,12,3,11.8,3.92,7.01,183.84,183.54
2025-08-18 02:00:00,22.51,83.56,12,4,9.5,0.0,7.3,160.29,165.84
2025-08-18 03:00:00,30.96,68.84,10,3,10.1,0.0,6.51,204.82,180.88
2025-08-18 04:00:00,27.76,71.56,11,5,5.4,0.65,7.32,202.22,147.34
2025-08-18 05:00:00,26.5,80.68,24,5,11.8,0.0,7.91,155.01,223.73
2025-08-18 06:00:00,24.95,85.77,15,5,12.0,0.0,7.52,146.42,216.98
2025-08-18 07:00:00,20.68,86.23,17,6,12.0,0.95,8.13,178.17,198.45
2025-08-18 08:00:00,22.79,68.18,57,10,12.0,6.4,6.87,270.66,234.54
2025-08-18 09:00:00,26.24,72.76,42,7,12.0,8.01,7.16,249.67,225.18
2025-08-18 10:00:00,21.91,78.21,40,7,12.0,15.03,7.07,240.36,211.23
2025-08-18 11:00:00,18.84,76.59,70,6,12.0,10.58,6.52,228.63,239.56
2025-08-18 12:00:00,25.43,76.51,51,7,12.0,11.33,6.07,189.05,257.24
2025-08-18 13:00:00,26.61,78.72,50,9,12.0,9.85,7.05,269.77,234.14
2025-08-18 14:00:00,28.34,78.78,57,10,12.0,10.83,6.49,213.68,241.43
2025-08-18 15:00:00,30.86,81.8,59,8,12.0,9.1,6.13,263.93,248.86
2025-08-18 16:00:00,31.59,67.18,60,9,12.0,6.84,5.82,271.6,249.72
2025-08-18 17:00:00,31.48,60.02,69,10,12.0,3.55,5.78,256.03,258.49
2025-08-18 18:00:00,34.45,69.99,67,11,12.0,0.0,5.92,267.37,257.18
2025-08-18 19:00:00,28.07,85.14,49,11,12.0,0.0,6.23,298.11,256.62
2025-08-18 20:00:00,33.26,64.98,18,5,11.0,0.84,5.56,146.59,178.69
2025-08-18 21:00:00,33.43,73.01,7,2,5.8,0.0,5.97,173.54,145.73
2025-08-18 22:00:00,28.37,76.61,9,3,7.2,1.56,5.97,184.07,149.25
2025-08-18 23:00:00,27.07,73.99,1,4,5.3,0.0,5.92,164.32,132.14
2025-08-19 00:00:00,28.14,71.95,0,1,3.2,0.0,6.29,169.23,145.26
2025-08-19 01:00:00,27.38,65.97,10,2,8.4,4.08,6.78,190.46,167.98
2025-08-19 02:00:00,29.88,54.71,2,3,6.3,4.36,6.8,166.93,158.22
2025-08-19 03:00:00,25.43,66.02,17,6,12.0,0.0,7.08,177.91,206.07
2025-08-19 04:00:00,23.86,72.17,8,4,5.3,2.41,7.45,153.62,168.58
2025-08-19 05:00:00,23.64,82.73,12,3,7.9,3.23,7.68,219.62,178.39
2025-08-19 06:00:00,27.33,71.75,21,5,12.0,2.13,8.23,216.87,227.88
2025-08-19 07:00:00,24.17,71.05,0,3,2.0,3.49,7.54,195.56,155.23
2025-08-19 08:00:00,23.55,68.88,49,8,12.0,3.14,6.98,228.58,242.61
2025-08-19 09:00:00,23.86,79.49,56,9,12.0,10.07,7.45,224.67,237.32
2025-08-19 10:00:00,27.77,81.67,58,9,12.0,12.95,6.79,211.53,232.87
2025-08-19 11:00:00,23.3,82.73,64,8,12.0,14.0,6.46,238.3,223.44
2025-08-19 12:00:00,29.29,75.34,62,13,12.0,14.95,6.72,262.24,279.43
2025-08-19 13:00:00,27.49,62.03,56,9,12.0,11.9,6.79,230.34,234.88
2025-08-19 14:00:00,27.6,69.82,57,10,12.0,11.16,5.89,243.24,245.18
2025-08-19 15:00:00,35.29,80.53,58,9,12.0,5.11,6.04,242.8,248.76
2025-08-19 16:00:00,27.36,80.3,43,8,12.0,8.78,5.97,261.71,245.86
2025-08-19 17:00:00,29.94,59.88,54,7,12.0,1.83,5.4,255.21,213.77
2025-08-19 18:00:00,28.38,71.34,57,6,12.0,0.0,5.2,249.08,236.53
2025-08-19 19:00:00,34.24,70.17,59,9,12.0,0.51,5.24,255.45,254.2
2025-08-19 20:00:00,36.22,60.91,3,5,7.1,0.0,6.25,179.82,169.76
2025-08-19 21:00:00,36.04,50.21,0,4,2.6,0.0,5.77,150.14,147.61
2025-08-19 22:00:00,34.52,68.12,8,2,6.7,0.51,5.88,154.62,152.41
2025-08-19 23:00:00,30.33,64.85,26,6,12.0,0.0,6.4,135.25,194.16
2025-08-20 00:00:00,29.09,65.75,3,1,8.3,1.53,6.96,149.46,177.09
2025-08-20 01:00:00,24.86,71.72,19,5,12.0,1.32,6.3,173.5,185.67
2025-08-20 02:00:00,33.09,67.5,23,6,12.0,0.0,6.24,159.46,218.61
2025-08-20 03:00:00,28.14,71.84,10,5,7.5,0.0,7.58,202.26,163.43
2025-08-20 04:00:00,24.77,68.07,5,1,4.3,0.0,7.37,169.03,123.88
2025-08-20 05:00:00,28.49,70.11,14,2,12.0,0.0,6.9,174.81,177.81
2025-08-20 06:00:00,22.1,63.83,12,3,8.6,0.0,7.15,233.13,180.19
2025-08-20 07:00:00,25.15,76.17,3,1,7.4,2.99,6.92,161.24,151.93
2025-08-20 08:00:00,23.57,55.11,50,6,12.0,9.9,7.42,248.92,221.07
2025-08-20 09:00:00,25.73,71.56,59,9,12.0,6.4,7.42,231.57,262.89
2025-08-20 10:00:00,24.38,80.97,62,8,12.0,10.31,7.13,238.18,244.0
2025-08-20 11:00:00,21.54,69.1,52,12,12.0,14.99,6.77,220.57,256.54
2025-08-20 12:00:00,26.19,78.28,54,8,12.0,18.11,6.63,281.27,248.1
2025-08-20 13:00:00,29.59,78.98,60,9,12.0,11.79,6.03,239.02,243.44
2025-08-20 14:00:00,27.93,48.9,54,9,12.0,14.15,5.94,237.99,222.84
2025-08-20 15:00:00,30.97,68.86,53,6,12.0,7.6,5.94,253.07,230.44
2025-08-20 16:00:00,27.39,52.3,49,9,12.0,6.22,5.71,238.12,234.15
2025-08-20 17:00:00,30.76,69.24,49,8,12.0,3.64,5.73,212.77,231.29
2025-08-20 18:00:00,29.9,70.62,70,10,12.0,0.0,5.13,241.41,281.19
2025-08-20 19:00:00,33.73,50.61,53,9,12.0,0.0,6.04,260.83,253.43
2025-08-20 20:00:00,32.08,82.62,21,5,12.0,0.0,5.43,173.8,208.4
2025-08-20 21:00:00,33.59,70.09,23,7,12.0,1.35,5.2,144.79,192.52
2025-08-20 22:00:00,34.18,61.73,9,7,11.1,0.0,5.85,149.41,184.08
2025-08-20 23:00:00,32.56,79.07,13,2,6.6,0.0,6.22,193.45,176.76
2025-08-21 00:00:00,30.68,57.55,11,1,11.3,0.0,7.21,177.36,172.88
2025-08-21 01:00:00,26.54,64.42,0,2,3.0,0.0,6.54,190.05,137.62
2025-08-21 02:00:00,27.99,55.91,0,1,5.7,0.29,6.97,218.29,139.43
2025-08-21 03:00:00,25.63,86.26,10,4,6.2,0.13,7.18,161.12,173.56
2025-08-21 04:00:00,25.14,76.33,7,3,7.9,5.04,6.66,122.09,179.03
2025-08-21 05:00:00,24.24,79.25,25,6,8.7,0.0,7.24,183.49,178.88
2025-08-21 06:00:00,22.09,78.25,8,3,6.5,0.0,7.21,180.47,160.54
2025-08-21 07:00:00,19.24,82.15,26,6,12.0,6.3,7.3,159.55,195.88
2025-08-21 08:00:00,22.33,76.52,51,9,12.0,7.45,7.34,225.82,229.62
2025-08-21 09:00:00,24.62,76.26,70,11,12.0,9.7,7.36,260.27,272.76
2025-08-21 10:00:00,21.17,77.54,59,7,12.0,11.86,6.6,241.75,214.79
2025-08-21 11:00:00,25.21,69.69,60,9,12.0,13.91,6.88,256.0,239.16
2025-08-21 12:00:00,30.75,69.75,51,11,12.0,15.95,6.25,247.42,243.24
2025-08-21 13:00:00,29.52,72.85,60,10,12.0,16.21,5.97,249.22,249.13
2025-08-21 14:00:00,32.11,69.9,69,10,12.0,14.19,6.71,220.14,288.73
2025-08-21 15:00:00,30.01,60.25,54,11,12.0,10.83,5.3,231.0,234.6
2025-08-21 16:00:00,32.92,59.14,52,7,12.0,7.42,5.63,235.83,218.23
2025-08-21 17:00:00,29.02,78.87,53,10,12.0,7.7,5.81,234.82,253.82
2025-08-21 18:00:00,29.85,68.55,68,9,12.0,0.0,5.49,283.55,209.35
2025-08-21 19:00:00,25.02,78.18,62,11,12.0,1.4,5.78,255.41,248.24
2025-08-21 20:00:00,34.97,59.48,22,6,12.0,2.35,5.34,206.01,196.28
2025-08-21 21:00:00,35.71,56.29,13,3,12.0,2.09,5.29,190.62,168.51
2025-08-21 22:00:00,30.08,64.64,10,3,7.8,0.0,5.79,185.32,162.73
2025-08-21 23:00:00,30.19,68.91,13,5,11.8,5.63,6.35,175.82,174.4
2025-08-22 00:00:00,28.12,67.26,19,1,12.0,3.34,6.44,168.22,154.61
2025-08-22 01:00:00,29.99,79.66,8,2,9.4,2.12,6.93,135.42,176.85
2025-08-22 02:00:00,30.81,71.29,21,5,12.0,0.0,6.4,140.29,213.07
2025-08-22 03:00:00,22.61,88.72,13,3,10.5,1.96,6.86,179.5,161.92
2025-08-22 04:00:00,27.02,75.51,0,2,0.4,0.0,7.17,174.32,136.76
2025-08-22 05:00:00,24.48,57.58,17,1,10.5,0.0,6.93,173.38,196.9
2025-08-22 06:00:00,24.82,81.62,0,1,3.7,0.21,7.35,164.34,149.75
2025-08-22 07:00:00,25.28,63.33,17,5,12.0,2.73,7.17,193.84,193.03
2025-08-22 08:00:00,23.53,76.74,62,8,12.0,10.17,7.36,225.38,271.69
2025-08-22 09:00:00,23.88,69.46,58,7,12.0,10.11,7.17,272.67,222.05
2025-08-22 10:00:00,24.0,89.8,59,11,12.0,10.2,6.25,210.29,232.18
2025-08-22 11:00:00,27.6,82.36,64,10,12.0,15.03,7.22,250.18,262.4
2025-08-22 12:00:00,27.05,67.47,51,6,12.0,14.8,5.74,239.37,230.74
2025-08-22 13:00:00,27.52,71.45,61,10,12.0,10.02,5.75,250.08,231.36
2025-08-22 14:00:00,24.82,75.94,64,8,12.0,14.8,6.07,291.32,222.97
2025-08-22 15:00:00,28.09,77.98,69,10,12.0,10.1,6.04,239.34,270.23
2025-08-22 16:00:00,32.25,69.23,46,8,12.0,8.97,5.71,212.84,215.47
2025-08-22 17:00:00,30.92,62.78,58,8,12.0,4.44,5.54,256.09,241.05
2025-08-22 18:00:00,33.11,63.4,47,9,12.0,0.0,5.67,201.14,244.54
2025-08-22 19:00:00,36.28,66.17,47,9,12.0,0.85,5.91,249.79,259.31
2025-08-22 20:00:00,34.6,76.02,13,4,11.7,0.0,5.41,195.99,180.71
2025-08-22 21:00:00,32.1,72.13,11,4,8.4,0.58,5.54,172.27,177.55
2025-08-22 22:00:00,30.19,65.06,19,2,10.8,1.2,5.8,164.03,161.62
2025-08-22 23:00:00,24.44,79.03,7,5,6.9,0.29,6.75,173.84,169.2
2025-08-23 00:00:00,29.58,68.19,9,3,7.6,0.93,6.63,154.44,161.15
2025-08-23 01:00:00,28.22,78.08,12,2,7.2,0.0,6.91,169.57,157.12
2025-08-23 02:00:00,28.98,89.01,3,3,9.4,0.0,7.46,209.0,201.32
2025-08-23 03:00:00,26.58,70.48,4,4,5.3,1.55,7.34,169.53,189.02
2025-08-23 04:00:00,25.2,79.57,19,5,12.0,2.9,7.25,137.78,203.36
2025-08-23 05:00:00,20.72,71.88,6,1,5.1,0.0,7.82,200.31,171.2
2025-08-23 06:00:00,22.19,75.28,19,5,12.0,0.63,6.96,146.66,194.42
2025-08-23 07:00:00,25.33,74.08,15,4,10.6,0.81,7.18,197.38,190.41
2025-08-23 08:00:00,28.29,70.44,43,8,12.0,10.61,7.6,270.29,238.96
2025-08-23 09:00:00,23.89,92.12,59,8,12.0,12.19,6.3,214.87,239.3
2025-08-23 10:00:00,25.36,71.71,59,11,12.0,10.96,6.62,231.77,233.82
2025-08-23 11:00:00,27.55,76.42,58,9,12.0,12.82,6.98,268.88,250.98
2025-08-23 12:00:00,23.97,61.31,54,10,12.0,16.42,6.54,220.41,254.81
2025-08-23 13:00:00,27.88,75.11,47,5,12.0,13.87,6.47,235.04,223.09
2025-08-23 14:00:00,26.15,81.29,66,8,12.0,13.39,5.43,223.76,258.41
2025-08-23 15:00:00,31.2,66.07,54,8,12.0,7.93,5.64,283.19,248.89
2025-08-23 16:00:00,30.38,52.76,48,10,12.0,8.15,6.03,226.94,230.63
2025-08-23 17:00:00,31.57,69.23,59,12,12.0,3.33,5.41,232.23,271.11
2025-08-23 18:00:00,29.51,71.06,49,7,12.0,0.6,5.99,251.45,232.99
2025-08-23 19:00:00,33.63,73.13,47,8,12.0,0.0,5.83,257.36,233.2
2025-08-23 20:00:00,37.21,79.63,7,3,10.5,0.0,5.4,179.74,191.57
2025-08-23 21:00:00,29.34,68.4,5,4,5.6,0.21,6.06,174.67,144.38
2025-08-23 22:00:00,30.61,64.18,3,4,8.0,0.0,6.36,158.12,158.69
2025-08-23 23:00:00,31.41,61.45,16,2,12.0,4.54,6.42,175.79,208.86
2025-08-24 00:00:00,31.97,70.61,9,3,9.1,0.0,6.69,149.38,188.81
2025-08-24 01:00:00,27.64,75.61,20,1,11.8,1.0,6.1,153.79,187.82
2025-08-24 02:00:00,20.92,73.14,3,4,7.3,0.61,7.69,204.7,134.48
2025-08-24 03:00:00,30.36,75.8,0,1,6.6,1.52,8.05,178.83,160.71
2025-08-24 04:00:00,27.9,75.33,11,2,10.1,0.0,7.69,202.21,170.2
2025-08-24 05:00:00,20.81,77.33,25,5,10.7,0.0,7.31,165.16,201.38
2025-08-24 06:00:00,23.02,69.17,14,3,12.0,0.0,7.16,195.59,183.95
2025-08-24 07:00:00,28.06,68.59,36,8,12.0,5.46,7.14,190.66,225.71
2025-08-24 08:00:00,27.62,55.26,58,8,12.0,6.47,7.47,243.63,274.33
2025-08-24 09:00:00,26.48,74.71,57,12,12.0,9.29,7.44,227.7,282.19
2025-08-24 10:00:00,24.1,74.92,38,8,12.0,12.16,6.67,235.97,208.07
2025-08-24 11:00:00,25.38,75.15,58,11,12.0,11.84,6.7,247.23,277.52
2025-08-24 12:00:00,25.67,77.16,56,7,12.0,14.94,6.94,262.06,223.61
2025-08-24 13:00:00,29.79,73.45,52,11,12.0,13.91,6.26,220.88,271.28
2025-08-24 14:00:00,25.81,72.76,54,7,12.0,13.13,6.14,254.32,227.71
2025-08-24 15:00:00,27.02,73.03,54,8,12.0,12.93,6.42,246.14,230.55
2025-08-24 16:00:00,32.53,59.0,54,10,12.0,6.54,6.23,233.46,272.5
2025-08-24 17:00:00,30.72,66.01,70,11,12.0,3.84,6.01,274.59,275.31
2025-08-24 18:00:00,34.91,67.52,52,6,12.0,0.0,5.33,232.86,257.75
2025-08-24 19:00:00,30.18,65.32,56,10,12.0,0.0,5.36,228.31,241.21
2025-08-24 20:00:00,31.86,75.32,7,3,6.7,0.0,5.55,185.65,164.04
2025-08-24 21:00:00,29.56,66.3,16,3,10.3,0.21,5.75,147.77,184.43
2025-08-24 22:00:00,31.48,71.08,11,1,7.9,1.38,6.18,161.31,179.96
2025-08-24 23:00:00,27.13,73.42,8,4,7.4,1.15,6.26,210.91,176.03
2025-08-25 00:00:00,28.78,76.68,0,2,3.7,0.51,6.44,196.72,144.31
2025-08-25 01:00:00,25.44,80.09,12,4,9.1,3.37,6.62,183.85,177.54
2025-08-25 02:00:00,29.73,75.64,8,1,5.0,0.0,6.59,144.37,150.17
2025-08-25 03:00:00,28.76,56.73,10,3,9.5,0.0,6.9,162.4,183.75
2025-08-25 04:00:00,21.67,84.79,1,3,5.9,0.57,8.04,167.67,158.72
2025-08-25 05:00:00,28.51,82.34,21,7,9.8,0.0,7.52,201.11,202.99
2025-08-25 06:00:00,30.78,66.68,17,4,12.0,1.38,7.31,177.99,202.29
2025-08-25 07:00:00,24.25,76.28,21,7,10.7,3.77,6.75,220.61,210.09
2025-08-25 08:00:00,22.4,69.69,64,11,12.0,7.18,6.85,273.77,294.15
2025-08-25 09:00:00,31.2,56.12,60,10,12.0,10.99,7.05,286.07,279.39
2025-08-25 10:00:00,21.24,71.56,46,6,12.0,12.88,7.38,204.55,217.55
2025-08-25 11:00:00,25.22,70.16,70,9,12.0,14.35,6.79,288.27,261.54
2025-08-25 12:00:00,26.45,70.6,48,9,12.0,13.22,6.58,223.4,229.44
2025-08-25 13:00:00,30.33,63.66,53,8,12.0,16.66,6.68,268.27,235.82
2025-08-25 14:00:00,28.9,66.24,61,8,12.0,9.2,5.76,221.29,254.16
2025-08-25 15:00:00,27.79,72.07,61,9,12.0,8.53,6.43,227.95,257.1
2025-08-25 16:00:00,27.62,66.87,60,9,12.0,5.89,5.67,279.71,244.11
2025-08-25 17:00:00,29.97,74.42,52,10,12.0,2.18,6.13,283.93,234.33
2025-08-25 18:00:00,28.95,76.11,50,7,12.0,0.0,6.28,260.82,231.57
2025-08-25 19:00:00,31.98,85.87,70,12,12.0,3.29,5.41,241.49,269.58
2025-08-25 20:00:00,30.59,78.07,10,4,7.1,1.29,5.81,156.86,150.12
2025-08-25 21:00:00,28.13,73.61,9,1,6.8,0.0,6.21,171.57,157.47
2025-08-25 22:00:00,34.6,63.04,4,3,6.2,1.39,6.0,180.9,164.08
2025-08-25 23:00:00,29.58,72.95,12,1,10.5,0.0,6.2,174.04,156.25
2025-08-26 00:00:00,26.83,75.11,12,2,8.0,0.0,6.36,141.57,160.23
2025-08-26 01:00:00,28.61,67.98,10,4,10.3,0.0,6.06,179.53,181.0
2025-08-26 02:00:00,28.17,77.37,13,4,9.6,0.03,7.27,143.48,188.06
2025-08-26 03:00:00,22.6,65.99,24,2,12.0,0.0,6.71,191.06,190.64
2025-08-26 04:00:00,26.83,71.11,5,1,10.5,0.0,6.39,168.03,153.95
2025-08-26 05:00:00,22.55,79.7,10,1,8.9,1.91,7.64,206.44,166.41
2025-08-26 06:00:00,28.81,69.42,5,1,6.6,0.0,7.47,200.78,161.67
2025-08-26 07:00:00,25.45,72.34,12,4,10.2,6.43,6.81,207.07,185.77
2025-08-26 08:00:00,23.0,74.54,50,7,12.0,5.57,7.57,292.61,249.88
2025-08-26 09:00:00,22.27,70.16,51,8,12.0,6.89,7.3,280.99,273.49
2025-08-26 10:00:00,24.27,82.83,43,7,12.0,13.17,6.9,222.59,235.67
2025-08-26 11:00:00,26.7,65.78,56,9,12.0,12.63,6.58,263.79,245.16
2025-08-26 12:00:00,25.94,75.67,58,10,12.0,10.84,6.46,235.74,248.61
2025-08-26 13:00:00,26.42,76.0,70,10,12.0,14.03,6.37,238.58,248.53
2025-08-26 14:00:00,28.15,65.26,59,10,12.0,9.51,5.82,259.33,237.49
2025-08-26 15:00:00,27.53,72.84,51,4,12.0,5.92,6.33,256.95,221.58
2025-08-26 16:00:00,29.14,64.83,44,9,12.0,8.35,6.0,238.36,229.71
2025-08-26 17:00:00,25.61,83.41,45,5,12.0,6.6,5.68,240.76,240.45
2025-08-26 18:00:00,33.9,59.9,45,6,12.0,0.0,6.31,242.5,221.91
2025-08-26 19:00:00,32.61,64.2,70,9,12.0,2.42,5.62,271.06,258.01
2025-08-26 20:00:00,30.07,61.98,12,5,11.7,1.6,6.35,147.39,181.46
2025-08-26 21:00:00,36.61,56.47,5,1,4.4,1.33,6.04,159.84,145.06
2025-08-26 22:00:00,31.68,80.56,2,1,7.9,0.0,6.37,162.32,157.22
2025-08-26 23:00:00,28.24,75.63,3,1,10.2,0.0,6.16,156.41,147.68
2025-08-27 00:00:00,32.14,70.08,5,3,5.4,0.69,5.85,160.65,157.08
2025-08-27 01:00:00,30.03,65.98,21,6,12.0,1.3,6.87,177.21,210.25
2025-08-27 02:00:00,28.99,77.66,10,6,6.0,0.0,6.48,184.47,174.29
2025-08-27 03:00:00,25.9,67.7,0,6,8.7,0.0,6.85,190.28,165.81
2025-08-27 04:00:00,27.13,78.17,28,6,11.8,0.0,7.22,152.96,223.22
2025-08-27 05:00:00,24.52,68.33,1,3,4.6,0.0,7.05,169.26,152.64
2025-08-27 06:00:00,25.93,68.94,5,1,8.3,0.0,7.29,163.02,152.54
2025-08-27 07:00:00,19.37,83.35,20,7,10.6,0.96,7.34,188.8,190.17
2025-08-27 08:00:00,22.92,81.61,58,9,12.0,6.39,6.68,249.17,264.83
2025-08-27 09:00:00,28.44,75.87,51,8,12.0,9.34,7.16,269.46,249.48
2025-08-27 10:00:00,22.62,68.42,45,8,12.0,11.18,6.68,230.45,218.61
2025-08-27 11:00:00,23.66,71.91,47,7,12.0,14.82,6.33,250.11,228.15
2025-08-27 12:00:00,24.88,75.28,48,4,12.0,11.26,5.8,246.18,215.13
2025-08-27 13:00:00,23.93,68.91,55,9,12.0,14.08,5.75,245.37,246.79
2025-08-27 14:00:00,22.48,85.46,57,11,12.0,8.54,6.11,243.89,254.74
2025-08-27 15:00:00,28.46,54.87,54,9,12.0,9.77,5.95,219.61,250.09
2025-08-27 16:00:00,30.34,64.91,55,9,12.0,2.49,5.99,218.81,243.04
2025-08-27 17:00:00,30.7,66.55,47,8,12.0,1.84,6.33,241.55,224.1
2025-08-27 18:00:00,31.1,49.92,57,9,12.0,0.0,6.17,219.16,260.0
2025-08-27 19:00:00,31.97,59.45,65,10,12.0,0.0,6.08,254.4,276.58
2025-08-27 20:00:00,34.56,71.79,9,3,9.1,0.0,6.22,180.76,170.58
2025-08-27 21:00:00,31.39,69.84,9,3,12.0,1.96,6.0,134.82,158.45
2025-08-27 22:00:00,30.03,81.59,11,6,6.5,0.0,6.16,147.92,180.47
2025-08-27 23:00:00,30.13,81.33,19,5,12.0,0.0,6.83,145.38,202.39
2025-08-28 00:00:00,31.45,72.62,3,3,8.7,2.95,6.58,159.89,147.23
2025-08-28 01:00:00,32.57,71.0,22,6,12.0,0.28,6.79,208.93,216.47
2025-08-28 02:00:00,26.43,73.56,13,5,6.7,0.06,7.31,172.76,193.44
2025-08-28 03:00:00,27.21,53.97,10,5,8.6,0.0,6.97,165.8,163.75
2025-08-28 04:00:00,26.85,63.05,20,3,12.0,0.0,7.15,227.67,199.76
2025-08-28 05:00:00,22.69,76.42,1,1,4.3,0.0,6.8,152.84,156.85
2025-08-28 06:00:00,24.59,78.7,14,2,10.4,0.0,7.14,152.29,194.47
2025-08-28 07:00:00,20.47,79.3,13,5,7.4,5.65,7.16,187.39,147.42
2025-08-28 08:00:00,19.58,71.65,48,9,12.0,7.42,7.1,262.88,246.13
2025-08-28 09:00:00,25.05,80.62,59,7,12.0,6.4,7.35,250.38,246.12
2025-08-28 10:00:00,23.58,85.47,57,9,12.0,14.18,6.55,225.19,237.24
2025-08-28 11:00:00,25.68,80.19,54,11,12.0,14.88,7.23,229.34,278.48
2025-08-28 12:00:00,25.96,80.36,62,9,12.0,14.88,5.78,211.06,248.16
2025-08-28 13:00:00,24.52,70.52,50,8,12.0,18.0,6.5,245.29,215.44
2025-08-28 14:00:00,27.89,79.61,57,10,12.0,12.32,6.39,260.28,255.69
2025-08-28 15:00:00,25.95,74.45,54,6,12.0,12.96,6.18,250.48,240.71
2025-08-28 16:00:00,33.48,71.75,50,8,12.0,7.05,6.19,236.12,241.7
2025-08-28 17:00:00,27.44,74.95,59,11,12.0,4.53,5.65,226.27,246.11
2025-08-28 18:00:00,30.97,69.07,53,7,12.0,0.0,6.14,256.78,241.24
2025-08-28 19:00:00,29.26,65.1,43,8,12.0,0.0,5.49,270.83,239.79
2025-08-28 20:00:00,33.43,67.63,0,2,2.0,0.0,5.59,171.0,134.86
2025-08-28 21:00:00,31.04,76.78,16,3,8.7,0.0,6.66,154.24,189.87
2025-08-28 22:00:00,30.17,67.39,0,2,3.7,0.0,6.16,184.53,139.09
2025-08-28 23:00:00,32.96,74.78,12,3,10.1,0.0,6.63,202.84,158.86
2025-08-29 00:00:00,30.07,75.71,10,2,7.8,0.0,6.67,153.95,185.82
2025-08-29 01:00:00,30.33,68.28,7,2,7.5,0.9,6.96,218.21,168.78
2025-08-29 02:00:00,25.55,83.44,26,5,11.2,2.58,6.2,190.95,212.17
2025-08-29 03:00:00,23.45,72.69,11,3,11.7,0.0,7.2,161.2,179.43
2025-08-29 04:00:00,26.27,83.78,16,4,9.1,0.79,7.2,197.95,187.77
2025-08-29 05:00:00,24.37,77.58,12,4,9.7,3.48,7.61,159.32,187.81
2025-08-29 06:00:00,26.1,73.22,8,4,6.7,1.5,7.02,187.26,169.11
2025-08-29 07:00:00,23.94,68.63,10,1,7.9,2.08,7.69,148.79,182.87
2025-08-29 08:00:00,24.51,73.82,67,10,12.0,7.2,6.77,241.53,268.29
2025-08-29 09:00:00,20.08,76.12,64,7,12.0,10.27,6.91,257.32,264.38
2025-08-29 10:00:00,29.26,62.31,70,10,12.0,13.4,6.35,240.0,276.79
2025-08-29 11:00:00,24.76,72.74,57,9,12.0,13.6,6.33,281.73,212.35
2025-08-29 12:00:00,27.74,66.55,48,9,12.0,14.97,6.5,248.52,219.25
2025-08-29 13:00:00,24.87,78.29,51,8,12.0,15.56,6.77,207.46,235.88
2025-08-29 14:00:00,28.77,80.6,45,8,12.0,10.02,6.11,255.78,215.47
2025-08-29 15:00:00,25.78,64.97,61,9,12.0,7.26,5.48,242.66,226.3
2025-08-29 16:00:00,31.13,81.8,50,7,12.0,8.22,5.07,238.85,244.59
2025-08-29 17:00:00,29.94,69.74,31,4,12.0,3.32,5.96,245.73,177.34
2025-08-29 18:00:00,31.54,62.7,70,10,12.0,1.73,5.47,244.4,279.09
2025-08-29 19:00:00,33.61,73.38,50,7,12.0,2.18,5.54,240.35,233.84
2025-08-29 20:00:00,28.92,68.23,5,2,6.3,0.0,6.18,136.22,155.75
2025-08-29 21:00:00,30.15,69.92,23,4,12.0,0.0,5.89,192.5,194.87
2025-08-29 22:00:00,32.61,65.94,0,3,3.5,0.0,6.0,145.27,122.87
2025-08-29 23:00:00,36.07,60.63,19,4,12.0,0.0,6.35,154.69,196.58
2025-08-30 00:00:00,29.65,75.91,5,3,7.7,0.0,7.02,195.52,167.19
2025-08-30 01:00:00,30.51,68.24,0,3,5.1,0.0,6.8,178.47,165.64
2025-08-30 02:00:00,27.73,62.13,24,5,12.0,0.0,6.14,209.4,210.77
2025-08-30 03:00:00,31.82,73.18,17,4,12.0,0.0,6.78,182.79,202.99
2025-08-30 04:00:00,21.63,68.02,17,5,9.9,0.69,7.09,196.88,175.41
2025-08-30 05:00:00,25.41,65.74,13,7,9.8,1.8,7.57,195.01,204.34
2025-08-30 06:00:00,20.47,85.62,15,2,12.0,0.82,6.87,160.52,190.32
2025-08-30 07:00:00,18.0,70.63,0,2,3.1,8.82,7.32,182.1,134.93
2025-08-30 08:00:00,24.74,58.06,56,7,12.0,8.88,7.16,265.77,243.83
2025-08-30 09:00:00,24.49,78.82,48,8,12.0,11.7,7.42,268.66,234.71
2025-08-30 10:00:00,23.82,72.8,44,6,12.0,11.96,6.55,281.52,209.63
2025-08-30 11:00:00,24.91,72.64,58,9,12.0,12.91,6.77,206.44,252.11
2025-08-30 12:00:00,33.75,65.78,64,10,12.0,16.55,7.04,215.71,272.27
2025-08-30 13:00:00,26.32,74.8,52,8,12.0,13.02,6.61,228.01,245.89
2025-08-30 14:00:00,29.28,65.84,53,6,12.0,12.19,6.31,215.03,224.05
2025-08-30 15:00:00,27.41,82.74,46,10,12.0,9.56,5.83,224.86,237.77
2025-08-30 16:00:00,30.74,59.75,55,10,12.0,8.08,5.86,246.91,234.83
2025-08-30 17:00:00,30.23,73.55,61,9,12.0,5.41,5.69,186.36,252.23
2025-08-30 18:00:00,30.44,74.79,61,8,12.0,2.13,6.0,280.43,249.71
2025-08-30 19:00:00,36.41,60.79,59,9,12.0,0.0,5.91,232.34,280.88
2025-08-30 20:00:00,34.94,59.97,5,3,5.2,0.36,5.59,159.77,181.85
2025-08-30 21:00:00,32.21,76.18,5,4,6.7,0.66,6.55,193.11,154.75
2025-08-30 22:00:00,25.7,66.67,16,5,12.0,2.93,6.52,121.97,195.25
2025-08-30 23:00:00,29.93,66.41,16,5,12.0,0.0,5.99,197.45,202.91
2025-08-31 00:00:00,36.76,72.08,9,1,9.3,0.02,6.38,161.24,174.13
2025-08-31 01:00:00,28.46,71.92,7,2,11.1,0.0,6.65,164.1,165.23
2025-08-31 02:00:00,30.76,57.49,19,6,11.5,0.0,7.19,206.78,201.54
2025-08-31 03:00:00,30.57,82.43,7,1,7.3,0.0,6.78,207.02,167.09
2025-08-31 04:00:00,26.55,69.31,16,6,8.5,1.08,6.96,170.26,192.3
2025-08-31 05:00:00,23.07,72.63,9,6,10.7,0.0,7.58,199.64,188.22
2025-08-31 06:00:00,18.45,80.48,2,4,9.6,0.0,7.5,186.77,158.55
2025-08-31 07:00:00,25.85,77.88,23,6,12.0,0.0,6.59,131.02,222.71
2025-08-31 08:00:00,21.96,89.95,56,8,12.0,5.61,7.42,252.2,259.07
2025-08-31 09:00:00,24.58,62.78,49,8,12.0,9.47,6.55,240.13,236.39
2025-08-31 10:00:00,21.41,82.39,44,5,12.0,11.31,6.68,212.08,208.33
2025-08-31 11:00:00,24.51,79.65,45,6,12.0,14.89,6.58,250.08,212.6
2025-08-31 12:00:00,26.08,72.38,52,7,12.0,16.5,6.34,271.95,234.89
2025-08-31 13:00:00,27.64,77.77,70,10,12.0,17.44,6.07,253.79,263.9
2025-08-31 14:00:00,25.21,80.49,50,7,12.0,12.11,5.74,222.5,227.46
2025-08-31 15:00:00,32.03,59.51,67,10,12.0,12.22,6.11,232.4,276.26
2025-08-31 16:00:00,28.51,83.89,54,10,12.0,9.93,5.24,238.91,244.61
2025-08-31 17:00:00,26.64,62.04,46,6,12.0,2.67,5.54,251.05,237.2
2025-08-31 18:00:00,31.19,61.82,51,8,12.0,2.47,5.98,248.84,219.29
2025-08-31 19:00:00,31.95,67.4,45,7,12.0,0.0,5.87,279.76,220.42
2025-08-31 20:00:00,32.4,82.39,3,3,5.5,0.6,5.32,181.08,178.67
2025-08-31 21:00:00,35.27,64.75,3,3,9.1,3.21,5.26,157.23,160.91
2025-08-31 22:00:00,30.87,69.77,0,3,6.4,0.2,5.72,193.73,158.73
2025-08-31 23:00:00,30.53,80.25,22,6,9.6,0.0,5.53,204.45,217.82
2025-09-01 00:00:00,27.24,70.43,12,4,6.5,0.0,6.53,179.35,173.41
2025-09-01 01:00:00,31.09,61.59,5,1,5.6,2.94,6.55,172.62,163.24
2025-09-01 02:00:00,28.46,68.76,12,2,9.4,0.0,6.77,197.03,181.35
2025-09-01 03:00:00,25.91,83.06,3,1,7.8,0.0,7.24,172.19,167.72
2025-09-01 04:00:00,21.24,77.23,0,3,6.2,1.68,7.5,197.97,154.26
2025-09-01 05:00:00,28.78,84.97,34,4,12.0,0.64,7.36,194.53,230.15
2025-09-01 06:00:00,21.47,81.74,12,4,10.4,2.37,7.22,158.8,169.26
2025-09-01 07:00:00,22.66,71.23,5,3,8.2,4.99,7.03,221.51,163.2
2025-09-01 08:00:00,24.9,74.53,40,4,12.0,6.06,7.07,251.35,214.13
2025-09-01 09:00:00,21.14,70.83,43,6,12.0,11.06,7.14,236.89,212.5
2025-09-01 10:00:00,20.8,72.36,68,12,12.0,9.49,7.22,217.24,247.01
2025-09-01 11:00:00,19.86,95.0,67,11,12.0,9.49,6.22,214.17,253.74
2025-09-01 12:00:00,27.8,79.27,61,8,12.0,12.78,6.11,233.81,244.59
2025-09-01 13:00:00,25.6,79.71,46,6,12.0,13.68,6.29,266.8,232.4
2025-09-01 14:00:00,35.32,62.52,67,6,12.0,10.5,5.36,221.53,249.69
2025-09-01 15:00:00,26.55,84.0,59,11,12.0,10.25,6.03,274.9,253.35
2025-09-01 16:00:00,27.7,79.91,60,9,12.0,7.12,6.18,248.68,263.49
2025-09-01 17:00:00,29.41,84.18,59,12,12.0,0.0,6.55,239.99,252.25
2025-09-01 18:00:00,32.07,81.98,43,7,12.0,0.0,5.73,216.79,225.44
2025-09-01 19:00:00,30.69,59.76,45,8,12.0,1.88,6.03,229.34,241.2
2025-09-01 20:00:00,33.53,60.36,6,4,8.3,0.97,5.81,171.37,194.9
2025-09-01 21:00:00,29.42,63.98,15,6,12.0,0.0,6.5,162.48,165.01
2025-09-01 22:00:00,28.01,65.39,0,3,6.3,1.24,5.95,162.96,142.81
2025-09-01 23:00:00,26.33,75.43,9,3,8.5,3.51,6.41,224.0,166.8
2025-09-02 00:00:00,24.44,70.52,9,3,8.8,0.0,6.71,174.02,172.13
2025-09-02 01:00:00,27.74,86.69,16,2,11.8,1.48,6.84,167.07,208.55
2025-09-02 02:00:00,27.25,85.86,15,3,9.0,1.17,6.63,181.37,171.55
2025-09-02 03:00:00,25.39,73.78,2,2,3.1,0.0,6.58,176.06,142.6
2025-09-02 04:00:00,29.11,84.91,22,7,11.7,0.0,7.55,155.87,198.44
2025-09-02 05:00:00,28.24,82.25,1,1,6.4,3.3,7.36,235.95,155.43
2025-09-02 06:00:00,23.7,71.86,19,6,10.4,2.18,7.33,163.48,201.76
2025-09-02 07:00:00,19.65,63.78,6,3,11.4,3.07,7.58,162.63,186.78
2025-09-02 08:00:00,22.58,74.27,56,11,12.0,9.43,7.49,216.83,275.72
2025-09-02 09:00:00,22.64,71.24,57,10,12.0,11.01,7.19,215.15,267.2
2025-09-02 10:00:00,22.89,77.02,57,10,12.0,14.54,7.12,244.17,236.78
2025-09-02 11:00:00,23.43,75.83,60,11,12.0,9.94,6.52,244.44,259.27
2025-09-02 12:00:00,24.37,74.98,58,10,12.0,13.18,6.69,235.79,249.45
2025-09-02 13:00:00,26.0,77.07,61,11,12.0,16.67,5.74,227.66,253.38
2025-09-02 14:00:00,26.41,64.62,59,12,12.0,17.43,6.11,263.63,246.08
2025-09-02 15:00:00,29.56,73.79,45,10,12.0,9.12,6.2,238.17,247.56
2025-09-02 16:00:00,30.9,66.89,57,10,12.0,6.19,5.56,262.65,245.94
2025-09-02 17:00:00,28.55,73.01,50,7,12.0,4.99,5.78,250.78,231.58
2025-09-02 18:00:00,34.64,74.05,46,8,12.0,0.69,5.81,225.65,258.02
2025-09-02 19:00:00,29.41,62.44,53,5,12.0,1.07,5.42,240.79,252.45
2025-09-02 20:00:00,27.96,70.06,11,5,10.6,0.0,6.2,190.0,163.51
2025-09-02 21:00:00,32.82,67.8,12,2,9.9,0.0,6.05,170.1,177.4
2025-09-02 22:00:00,29.42,67.41,18,6,10.5,1.61,5.51,134.65,193.18
2025-09-02 23:00:00,31.63,75.76,20,7,12.0,0.0,6.32,176.15,221.83
2025-09-03 00:00:00,23.99,69.76,13,1,12.0,0.0,7.01,174.39,185.33
2025-09-03 01:00:00,32.52,64.95,14,4,12.0,0.0,6.71,203.99,189.62
2025-09-03 02:00:00,29.68,65.85,11,2,7.4,1.3,6.67,168.1,168.11
2025-09-03 03:00:00,23.21,82.99,16,1,12.0,0.0,6.88,148.32,175.96
2025-09-03 04:00:00,22.3,72.54,14,4,10.6,0.0,7.14,191.73,186.04
2025-09-03 05:00:00,29.35,74.27,10,4,7.1,0.11,6.85,155.68,190.39
2025-09-03 06:00:00,22.69,89.55,27,6,12.0,0.0,7.79,201.6,207.84
2025-09-03 07:00:00,22.05,75.64,6,3,5.0,4.53,7.6,186.49,175.4
2025-09-03 08:00:00,18.33,86.55,67,8,12.0,11.83,7.57,278.45,227.96
2025-09-03 09:00:00,23.26,87.02,44,7,12.0,9.16,6.54,270.42,210.02
2025-09-03 10:00:00,23.97,82.01,62,7,12.0,8.24,6.94,238.85,254.91
2025-09-03 11:00:00,26.96,72.61,66,8,12.0,12.62,7.08,264.87,252.89
2025-09-03 12:00:00,22.5,80.34,40,5,12.0,14.98,6.17,250.74,191.05
2025-09-03 13:00:00,23.16,66.37,56,10,12.0,14.3,6.27,250.87,246.59
2025-09-03 14:00:00,29.13,65.75,61,10,12.0,13.8,5.72,240.42,258.29
2025-09-03 15:00:00,31.55,65.28,57,9,12.0,8.71,6.23,247.87,262.99
2025-09-03 16:00:00,26.07,89.03,58,8,12.0,6.44,5.73,247.89,226.08
2025-09-03 17:00:00,33.53,62.44,56,8,12.0,0.0,5.69,222.74,260.15
2025-09-03 18:00:00,31.56,63.72,46,5,12.0,1.23,5.3,260.24,230.56
2025-09-03 19:00:00,34.59,60.08,70,12,12.0,0.0,6.27,248.09,273.98
2025-09-03 20:00:00,31.82,73.24,6,6,8.2,0.4,5.83,159.0,172.35
2025-09-03 21:00:00,25.56,74.71,13,4,11.7,0.0,6.21,178.15,183.76
2025-09-03 22:00:00,31.08,77.45,5,4,3.7,0.0,6.23,182.68,173.67
2025-09-03 23:00:00,33.48,72.86,0,2,4.8,1.92,5.97,229.07,147.22
2025-09-04 00:00:00,27.77,62.5,3,1,8.4,0.0,5.93,189.89,135.69
2025-09-04 01:00:00,28.07,66.3,0,1,1.9,0.0,6.64,183.67,155.32
2025-09-04 02:00:00,27.56,81.87,19,4,10.8,0.01,7.29,167.17,194.92
2025-09-04 03:00:00,19.72,76.38,5,2,6.7,0.0,6.38,176.72,123.87
2025-09-04 04:00:00,30.18,78.79,6,2,9.2,0.0,7.87,182.3,172.99
2025-09-04 05:00:00,22.92,74.51,1,2,6.4,3.73,7.56,187.9,161.42
2025-09-04 06:00:00,25.8,66.77,11,2,10.3,0.0,7.37,207.23,160.62
2025-09-04 07:00:00,23.92,72.73,4,6,7.6,4.93,7.23,175.34,170.16
2025-09-04 08:00:00,27.14,65.82,63,8,12.0,6.73,7.49,227.3,257.86
2025-09-04 09:00:00,25.15,70.04,57,10,12.0,8.25,6.64,210.3,253.79
2025-09-04 10:00:00,23.95,76.24,50,8,12.0,12.82,7.05,256.78,226.61
2025-09-04 11:00:00,22.94,79.12,62,10,12.0,13.59,6.81,251.21,255.89
2025-09-04 12:00:00,27.99,60.87,55,9,12.0,16.64,7.13,193.22,237.02
2025-09-04 13:00:00,22.28,75.88,55,9,12.0,11.25,6.17,252.44,240.05
2025-09-04 14:00:00,29.61,66.76,43,5,12.0,11.09,6.12,260.55,207.01
2025-09-04 15:00:00,26.29,68.66,54,8,12.0,11.92,5.91,271.7,241.64
2025-09-04 16:00:00,33.13,69.34,58,9,12.0,6.59,5.63,219.07,251.71
2025-09-04 17:00:00,31.23,65.88,66,10,12.0,4.72,6.24,257.24,249.64
2025-09-04 18:00:00,33.07,78.12,49,6,12.0,2.43,5.36,232.38,221.59
2025-09-04 19:00:00,32.07,77.47,70,12,12.0,1.12,5.2,275.19,266.28
2025-09-04 20:00:00,27.62,80.54,14,1,7.7,0.0,5.89,170.42,142.9
2025-09-04 21:00:00,29.71,67.34,0,2,4.0,0.0,5.68,186.82,121.98
2025-09-04 22:00:00,33.15,61.66,3,1,7.5,2.45,6.19,174.71,137.53
2025-09-04 23:00:00,31.25,70.3,21,5,12.0,0.31,6.51,153.1,199.66
2025-09-05 00:00:00,32.95,67.48,20,6,12.0,0.0,6.55,130.39,216.15
2025-09-05 01:00:00,30.04,66.31,10,1,9.7,0.77,6.72,155.6,151.68
2025-09-05 02:00:00,25.58,65.46,11,7,9.2,0.0,6.18,192.7,174.89
2025-09-05 03:00:00,24.97,73.83,1,2,8.5,0.0,7.26,128.16,165.61
2025-09-05 04:00:00,26.26,70.39,21,5,11.3,0.0,7.26,175.72,199.12
2025-09-05 05:00:00,19.39,82.85,2,1,4.1,0.0,7.93,159.01,119.42
2025-09-05 06:00:00,28.72,76.15,17,4,7.4,0.0,7.7,165.62,191.91
2025-09-05 07:00:00,25.24,81.64,21,6,12.0,3.01,6.75,170.05,206.99
2025-09-05 08:00:00,27.07,63.84,55,9,12.0,6.77,7.56,251.64,259.13
2025-09-05 09:00:00,20.18,80.28,63,10,12.0,12.82,6.61,252.52,277.29
2025-09-05 10:00:00,27.65,67.15,70,10,12.0,7.72,7.19,238.2,265.55
2025-09-05 11:00:00,30.75,61.53,57,7,12.0,14.92,7.22,254.94,256.4
2025-09-05 12:00:00,22.7,72.71,54,6,12.0,13.83,7.15,238.2,221.75
2025-09-05 13:00:00,28.89,78.86,54,10,12.0,13.4,6.15,241.49,249.95
2025-09-05 14:00:00,28.0,69.39,49,9,12.0,11.31,6.35,206.79,224.26
2025-09-05 15:00:00,25.17,84.94,49,9,12.0,10.9,6.29,249.3,219.62
2025-09-05 16:00:00,31.23,73.58,59,8,12.0,8.9,5.97,255.38,230.05
2025-09-05 17:00:00,32.91,65.8,54,8,12.0,0.0,5.14,252.9,228.25
2025-09-05 18:00:00,29.96,78.75,58,11,12.0,4.19,5.75,220.24,264.34
2025-09-05 19:00:00,34.78,70.37,43,5,12.0,0.29,5.93,269.76,219.72
2025-09-05 20:00:00,27.83,65.59,9,5,9.8,0.22,5.81,141.36,197.98
2025-09-05 21:00:00,28.13,84.92,18,3,12.0,0.0,5.63,124.12,173.64
2025-09-05 22:00:00,31.81,71.15,1,1,6.6,0.0,6.03,147.85,155.01
2025-09-05 23:00:00,30.89,70.11,10,3,10.0,2.72,6.61,207.47,172.5
2025-09-06 00:00:00,28.21,65.87,0,1,4.2,0.14,6.64,215.57,122.63
2025-09-06 01:00:00,31.06,78.12,0,1,4.1,0.83,6.87,152.8,136.52
2025-09-06 02:00:00,29.33,74.69,16,4,12.0,0.0,6.81,169.4,180.92
2025-09-06 03:00:00,29.11,75.63,8,4,10.5,3.94,7.21,164.4,202.53
2025-09-06 04:00:00,25.69,70.06,25,7,12.0,0.0,6.46,188.0,232.59
2025-09-06 05:00:00,26.68,78.76,13,4,10.9,2.26,7.26,123.99,215.03
2025-09-06 06:00:00,23.42,81.59,14,7,8.0,0.0,7.17,188.17,168.99
2025-09-06 07:00:00,29.27,66.43,1,4,4.2,4.32,7.28,206.51,148.19
2025-09-06 08:00:00,21.97,66.3,52,9,12.0,7.7,6.78,256.86,252.71
2025-09-06 09:00:00,29.4,75.09,49,9,12.0,11.75,7.2,282.44,242.31
2025-09-06 10:00:00,24.62,63.35,46,9,12.0,13.6,7.57,272.39,244.18
2025-09-06 11:00:00,21.73,77.45,60,6,12.0,12.57,6.74,263.46,230.3
2025-09-06 12:00:00,29.42,67.88,62,9,12.0,16.32,6.52,215.36,248.9
2025-09-06 13:00:00,27.28,81.04,58,6,12.0,11.54,7.17,253.22,219.08
2025-09-06 14:00:00,30.13,67.76,48,9,12.0,9.76,5.77,219.9,232.27
2025-09-06 15:00:00,32.09,76.88,58,8,12.0,9.32,6.11,220.36,256.37
2025-09-06 16:00:00,30.84,66.41,40,11,12.0,7.79,6.36,234.87,226.31
2025-09-06 17:00:00,29.35,78.06,66,9,12.0,1.58,5.59,226.95,265.61
2025-09-06 18:00:00,33.9,82.29,45,8,12.0,0.0,6.0,265.44,232.6
2025-09-06 19:00:00,31.87,61.82,46,7,12.0,0.0,5.79,216.63,227.14
2025-09-06 20:00:00,33.71,70.04,11,3,9.4,0.0,5.43,203.44,167.86
2025-09-06 21:00:00,26.48,92.31,12,2,12.0,1.94,5.88,172.56,175.56
2025-09-06 22:00:00,32.58,69.26,9,1,9.2,0.0,6.09,152.34,178.67
2025-09-06 23:00:00,29.23,71.57,1,1,3.7,0.0,6.07,174.2,165.89
2025-09-07 00:00:00,34.13,73.23,19,5,12.0,0.76,5.94,127.23,217.08
2025-09-07 01:00:00,30.59,70.47,0,1,3.0,0.0,6.56,129.55,153.1
2025-09-07 02:00:00,28.6,59.63,0,5,3.3,4.85,6.38,183.21,178.26
2025-09-07 03:00:00,28.18,79.8,9,1,9.0,0.38,7.26,200.04,177.29
2025-09-07 04:00:00,23.5,61.13,0,4,6.5,2.05,7.39,235.93,166.42
2025-09-07 05:00:00,29.23,68.22,20,7,10.4,0.0,6.83,212.44,226.56
2025-09-07 06:00:00,29.51,79.39,1,4,4.2,0.91,7.33,164.67,172.14
2025-09-07 07:00:00,25.12,71.52,22,5,9.8,1.61,6.8,144.64,199.85
2025-09-07 08:00:00,27.98,67.16,63,9,12.0,6.64,7.07,253.54,269.2
2025-09-07 09:00:00,22.71,81.86,65,12,12.0,8.39,6.83,244.99,267.59
2025-09-07 10:00:00,22.54,69.86,70,9,12.0,14.2,7.07,241.06,255.35
2025-09-07 11:00:00,25.27,65.35,56,9,12.0,14.17,6.14,230.58,256.42
2025-09-07 12:00:00,27.09,74.56,47,8,12.0,14.23,6.84,245.67,219.28
2025-09-07 13:00:00,25.98,72.13,54,7,12.0,16.25,6.72,217.21,232.68
2025-09-07 14:00:00,29.34,62.35,50,8,12.0,12.16,6.05,229.8,234.16
2025-09-07 15:00:00,29.8,75.2,49,9,12.0,11.96,5.46,252.83,219.26
2025-09-07 16:00:00,27.5,75.6,56,7,12.0,10.6,5.07,220.21,242.69
2025-09-07 17:00:00,32.13,66.59,53,9,12.0,3.9,6.11,265.24,235.06
2025-09-07 18:00:00,33.62,66.02,49,5,12.0,0.52,6.39,238.26,227.9
2025-09-07 19:00:00,32.29,72.29,53,7,12.0,1.91,5.74,227.57,244.3
2025-09-07 20:00:00,34.88,75.52,14,3,9.3,2.87,5.4,166.37,197.73
2025-09-07 21:00:00,28.82,69.45,18,5,10.1,0.26,5.55,179.59,193.26
2025-09-07 22:00:00,32.63,73.34,0,3,1.3,0.0,6.51,176.21,154.28
2025-09-07 23:00:00,27.9,76.02,8,3,7.3,1.73,6.35,166.85,181.02
2025-09-08 00:00:00,27.21,78.7,9,4,9.2,1.14,6.16,209.3,166.76
2025-09-08 01:00:00,27.46,72.65,1,2,5.6,1.71,7.51,153.08,173.73
2025-09-08 02:00:00,25.64,67.26,9,4,8.5,1.4,7.27,176.6,177.08
2025-09-08 03:00:00,25.59,70.45,11,4,8.2,0.41,7.26,167.98,177.35
2025-09-08 04:00:00,25.46,76.17,14,3,9.8,0.53,7.0,164.18,158.32
2025-09-08 05:00:00,27.26,85.24,11,3,6.6,1.4,7.71,214.81,187.38
2025-09-08 06:00:00,23.73,71.6,3,3,6.0,0.0,7.61,169.19,164.56
2025-09-08 07:00:00,20.17,83.11,26,8,12.0,6.28,7.24,202.32,203.67
2025-09-08 08:00:00,26.85,70.51,62,11,12.0,7.9,7.57,264.66,265.09
2025-09-08 09:00:00,22.04,76.94,59,7,12.0,8.21,7.43,264.04,267.06
2025-09-08 10:00:00,24.39,85.14,63,8,12.0,12.49,7.0,247.75,240.52
2025-09-08 11:00:00,26.29,78.55,57,8,12.0,16.16,6.31,257.86,242.25
2025-09-08 12:00:00,26.5,64.36,65,10,12.0,14.58,6.14,217.07,253.67
2025-09-08 13:00:00,29.7,66.8,55,9,12.0,12.06,5.74,232.48,250.14
2025-09-08 14:00:00,29.2,79.96,55,10,12.0,9.58,6.56,239.91,225.69
2025-09-08 15:00:00,26.88,73.78,60,11,12.0,14.83,5.42,214.26,252.97
2025-09-08 16:00:00,35.45,58.75,68,10,12.0,3.52,5.82,249.01,292.96
2025-09-08 17:00:00,31.31,63.95,67,10,12.0,4.3,5.17,233.78,240.16
2025-09-08 18:00:00,31.1,74.76,60,10,12.0,0.0,6.29,233.16,250.18
2025-09-08 19:00:00,34.27,74.57,59,11,12.0,2.08,5.32,243.74,272.25
2025-09-08 20:00:00,32.62,68.89,16,5,9.0,0.0,5.92,189.56,181.99
2025-09-08 21:00:00,32.86,85.92,18,4,11.2,3.22,5.39,187.05,194.35
2025-09-08 22:00:00,37.69,70.98,20,3,12.0,0.0,6.4,152.98,208.93
2025-09-08 23:00:00,30.14,68.8,8,1,10.3,0.0,6.67,172.7,166.2
2025-09-09 00:00:00,29.21,65.45,21,5,12.0,0.0,6.51,169.41,219.18
2025-09-09 01:00:00,29.33,64.25,13,4,10.7,0.0,6.68,177.83,193.22
2025-09-09 02:00:00,30.68,72.47,15,5,10.0,0.0,7.18,169.66,179.64
2025-09-09 03:00:00,23.2,71.94,21,6,11.5,1.44,6.85,175.93,205.02
2025-09-09 04:00:00,21.09,88.56,16,6,10.5,0.0,7.57,157.85,190.73
2025-09-09 05:00:00,23.7,85.27,17,2,9.8,0.0,7.38,190.82,186.73
2025-09-09 06:00:00,20.45,81.72,7,3,6.0,2.99,6.75,166.61,167.92
2025-09-09 07:00:00,23.07,67.2,22,5,12.0,3.44,7.92,201.6,216.61
2025-09-09 08:00:00,25.26,69.22,61,9,12.0,5.86,7.26,258.02,261.51
2025-09-09 09:00:00,21.91,85.05,56,7,12.0,7.35,6.95,267.07,249.53
2025-09-09 10:00:00,20.97,72.98,64,12,12.0,9.78,6.96,239.87,248.64
2025-09-09 11:00:00,25.34,81.71,70,10,12.0,15.49,6.46,238.15,256.11
2025-09-09 12:00:00,28.16,75.21,46,4,12.0,12.35,6.45,264.26,206.85
2025-09-09 13:00:00,22.73,76.05,49,8,12.0,15.13,6.57,251.0,231.56
2025-09-09 14:00:00,30.05,65.64,70,10,12.0,10.16,6.34,222.44,286.9
2025-09-09 15:00:00,31.08,69.19,58,12,12.0,9.65,6.15,250.17,297.54
2025-09-09 16:00:00,32.39,70.26,57,10,12.0,6.86,5.6,297.12,262.97
2025-09-09 17:00:00,33.87,75.12,54,8,12.0,2.12,5.43,246.11,260.93
2025-09-09 18:00:00,36.97,59.52,65,10,12.0,0.15,5.84,253.27,253.94
2025-09-09 19:00:00,30.97,68.08,70,10,12.0,0.0,6.0,277.33,251.14
2025-09-09 20:00:00,32.27,69.32,5,6,10.1,0.0,5.55,175.8,163.96
2025-09-09 21:00:00,30.82,74.66,9,4,7.4,0.89,5.85,194.12,150.72
2025-09-09 22:00:00,31.47,63.21,7,1,8.5,0.0,6.24,203.18,163.37
2025-09-09 23:00:00,34.66,58.12,16,4,9.2,0.43,6.26,170.22,208.52
2025-09-10 00:00:00,26.64,77.67,20,4,12.0,0.31,6.91,223.67,190.94
2025-09-10 01:00:00,26.88,62.16,23,3,12.0,0.39,6.25,188.27,181.79
2025-09-10 02:00:00,31.44,78.58,16,1,12.0,0.0,6.39,176.64,189.32
2025-09-10 03:00:00,29.51,69.85,30,6,12.0,0.19,7.45,200.2,213.34
2025-09-10 04:00:00,25.09,63.2,5,1,8.4,0.0,7.41,191.86,151.03
2025-09-10 05:00:00,27.31,69.12,3,4,4.1,0.0,7.3,186.23,160.5
2025-09-10 06:00:00,25.39,76.48,22,5,12.0,0.0,7.18,168.11,208.45
2025-09-10 07:00:00,27.89,68.35,11,3,8.2,4.04,7.44,214.98,154.85
2025-09-10 08:00:00,24.19,74.81,44,4,12.0,4.58,7.26,270.67,195.89
2025-09-10 09:00:00,26.7,78.09,52,10,12.0,9.33,7.17,254.33,241.63
2025-09-10 10:00:00,31.14,68.39,57,9,12.0,13.71,6.88,247.92,260.72
2025-09-10 11:00:00,26.67,66.37,50,7,12.0,11.56,6.89,248.46,215.11
2025-09-10 12:00:00,26.12,71.22,47,6,12.0,9.69,6.82,198.38,243.85
2025-09-10 13:00:00,28.77,81.36,53,11,12.0,14.58,6.61,223.47,257.28
2025-09-10 14:00:00,27.09,84.43,46,6,12.0,10.24,6.26,289.09,225.95
2025-09-10 15:00:00,35.01,52.96,60,9,12.0,8.62,5.93,296.72,265.74
2025-09-10 16:00:00,30.45,77.92,39,8,12.0,7.26,5.96,269.13,225.82
2025-09-10 17:00:00,30.15,72.25,56,11,12.0,3.78,6.15,264.51,261.05
2025-09-10 18:00:00,29.37,77.51,59,9,12.0,2.04,5.65,242.79,265.38
2025-09-10 19:00:00,34.61,63.52,54,7,12.0,0.0,5.63,247.03,257.9
2025-09-10 20:00:00,34.17,55.3,19,4,12.0,0.14,5.98,155.57,194.17
2025-09-10 21:00:00,30.62,74.26,0,3,6.6,0.0,6.19,148.71,173.47
2025-09-10 22:00:00,32.91,61.98,4,4,3.2,1.26,6.06,164.92,155.92
2025-09-10 23:00:00,27.06,62.94,7,1,8.4,0.0,6.45,208.9,146.49
2025-09-11 00:00:00,30.46,61.05,16,4,8.9,6.46,6.21,190.85,159.02
2025-09-11 01:00:00,30.17,74.69,12,1,5.0,0.0,6.7,175.92,154.2
2025-09-11 02:00:00,32.27,69.99,27,7,12.0,0.85,7.44,200.87,238.87
2025-09-11 03:00:00,25.04,79.55,4,3,6.6,1.28,7.28,214.1,159.01
2025-09-11 04:00:00,22.8,80.32,0,1,5.4,0.0,6.97,158.89,148.11
2025-09-11 05:00:00,22.93,72.6,24,7,10.9,0.87,7.09,164.59,206.74
2025-09-11 06:00:00,21.19,76.27,0,3,2.7,4.51,6.86,211.5,123.64
2025-09-11 07:00:00,27.48,68.79,15,4,7.1,2.12,7.84,157.9,180.08
2025-09-11 08:00:00,27.87,70.62,47,7,12.0,2.51,6.84,193.11,231.97
2025-09-11 09:00:00,24.94,67.37,38,7,12.0,7.29,6.18,238.68,212.9
2025-09-11 10:00:00,27.59,75.02,52,8,12.0,14.12,6.41,260.22,226.97
2025-09-11 11:00:00,25.51,81.27,62,8,12.0,12.56,6.73,214.3,253.39
2025-09-11 12:00:00,25.76,67.85,45,9,12.0,18.66,6.25,231.59,229.97
2025-09-11 13:00:00,26.13,82.28,60,8,12.0,14.98,6.34,257.2,239.42
2025-09-11 14:00:00,27.22,73.34,61,9,12.0,10.82,6.22,228.8,222.47
2025-09-11 15:00:00,25.17,75.67,45,7,12.0,8.34,5.72,259.23,198.62
2025-09-11 16:00:00,30.66,58.24,53,10,12.0,6.11,5.49,220.47,251.41
2025-09-11 17:00:00,30.73,57.44,68,12,12.0,0.0,6.05,261.38,267.06
2025-09-11 18:00:00,33.33,69.28,60,9,12.0,0.56,5.8,267.44,250.11
2025-09-11 19:00:00,32.1,74.66,53,10,12.0,1.39,4.79,257.06,250.6
2025-09-11 20:00:00,31.59,64.79,13,4,10.6,0.0,5.27,195.9,165.94
2025-09-11 21:00:00,29.69,82.51,5,1,7.2,0.0,5.31,174.13,121.98
2025-09-11 22:00:00,31.64,74.59,19,4,12.0,0.0,6.04,154.0,180.7
2025-09-11 23:00:00,32.67,62.37,19,6,12.0,1.99,6.36,146.31,195.77
2025-09-12 00:00:00,27.14,72.82,11,6,9.2,1.61,6.44,158.86,172.82
2025-09-12 01:00:00,29.25,88.46,12,4,9.0,0.43,6.49,154.31,189.87
2025-09-12 02:00:00,28.58,62.89,2,1,4.3,3.28,7.26,238.12,146.3
2025-09-12 03:00:00,25.17,77.68,0,2,3.6,0.0,7.18,160.71,145.73
2025-09-12 04:00:00,24.53,72.17,7,2,7.7,0.0,6.87,152.85,175.1
2025-09-12 05:00:00,25.75,78.52,9,2,10.2,1.12,6.98,208.91,152.89
2025-09-12 06:00:00,21.7,85.28,19,3,12.0,1.58,7.03,112.1,204.21
2025-09-12 07:00:00,25.01,71.39,17,4,12.0,5.23,7.15,173.15,207.25
2025-09-12 08:00:00,21.76,84.2,56,9,12.0,8.45,7.21,234.93,246.26
2025-09-12 09:00:00,26.79,88.39,65,10,12.0,12.54,7.21,208.83,262.09
2025-09-12 10:00:00,30.38,70.8,47,7,12.0,13.65,6.61,232.84,248.85
2025-09-12 11:00:00,23.02,80.98,64,11,12.0,11.21,6.23,246.0,254.04
2025-09-12 12:00:00,27.34,68.33,49,8,12.0,13.09,6.64,234.1,234.38
2025-09-12 13:00:00,25.15,74.13,65,10,12.0,10.13,6.58,235.05,258.5
2025-09-12 14:00:00,30.6,68.94,55,8,12.0,14.12,6.7,228.08,244.36
2025-09-12 15:00:00,25.87,79.07,39,9,12.0,12.29,6.08,194.93,200.7
2025-09-12 16:00:00,31.2,78.19,61,9,12.0,4.56,5.55,246.58,260.0
2025-09-12 17:00:00,28.65,70.78,61,10,12.0,2.86,5.94,267.46,244.4
2025-09-12 18:00:00,30.95,80.67,51,7,12.0,0.0,5.65,242.77,230.58
2025-09-12 19:00:00,29.29,81.81,52,9,12.0,0.0,5.26,245.86,254.37
2025-09-12 20:00:00,34.06,73.69,9,4,7.1,0.0,5.79,170.28,163.89
2025-09-12 21:00:00,29.77,67.15,0,4,3.9,0.0,6.03,129.24,138.43
2025-09-12 22:00:00,32.84,64.33,0,1,3.9,0.0,6.6,179.56,145.1
2025-09-12 23:00:00,29.97,64.94,20,3,11.7,3.76,6.32,193.29,200.04
2025-09-13 00:00:00,29.71,77.44,3,1,9.5,1.59,6.21,165.2,189.31
2025-09-13 01:00:00,29.4,62.53,25,6,12.0,0.0,6.05,193.04,226.45
2025-09-13 02:00:00,26.1,78.07,21,8,12.0,0.0,6.47,144.09,228.11
2025-09-13 03:00:00,27.49,64.79,23,6,12.0,3.76,6.73,139.68,208.87
2025-09-13 04:00:00,29.83,76.49,5,1,6.1,2.52,7.78,176.49,196.96
2025-09-13 05:00:00,23.23,75.46,0,3,5.0,0.0,7.21,146.3,158.08
2025-09-13 06:00:00,27.47,81.71,1,1,6.9,1.0,7.27,204.97,160.19
2025-09-13 07:00:00,27.88,80.07,6,2,7.0,1.63,7.66,205.29,176.11
2025-09-13 08:00:00,21.96,86.27,36,7,12.0,7.05,7.4,247.22,225.54
2025-09-13 09:00:00,20.5,87.48,51,9,12.0,11.43,6.97,254.83,224.32
2025-09-13 10:00:00,25.29,74.9,53,8,12.0,14.17,7.3,249.84,233.76
2025-09-13 11:00:00,23.8,66.83,45,6,12.0,12.24,6.47,245.16,223.33
2025-09-13 12:00:00,30.67,62.76,47,9,12.0,16.0,6.6,235.74,229.25
2025-09-13 13:00:00,27.05,58.06,53,8,12.0,13.82,5.85,258.05,241.49
2025-09-13 14:00:00,25.99,65.82,58,11,12.0,11.55,6.19,234.99,251.9
2025-09-13 15:00:00,26.17,73.76,48,6,12.0,13.72,6.29,200.63,229.1
2025-09-13 16:00:00,32.72,64.78,57,9,12.0,6.28,6.11,263.49,254.07
2025-09-13 17:00:00,29.4,69.76,56,7,12.0,1.41,6.04,242.18,250.84
2025-09-13 18:00:00,31.57,72.95,55,7,12.0,0.0,6.71,224.07,228.81
2025-09-13 19:00:00,34.25,65.49,50,7,12.0,1.45,5.63,252.22,224.92
2025-09-13 20:00:00,30.79,62.19,0,4,7.6,0.0,5.49,152.56,147.36
2025-09-13 21:00:00,31.75,69.0,24,7,12.0,1.66,6.09,140.01,214.66
2025-09-13 22:00:00,31.42,63.31,15,5,12.0,0.0,5.79,148.86,183.87
2025-09-13 23:00:00,32.54,66.93,18,4,9.3,0.0,5.9,197.69,201.06
2025-09-14 00:00:00,31.48,78.97,9,3,10.1,4.42,6.41,188.02,182.52
2025-09-14 01:00:00,28.48,69.77,9,5,6.7,0.0,7.4,232.01,175.51
2025-09-14 02:00:00,28.16,84.29,14,5,5.1,0.0,7.14,235.8,189.22
2025-09-14 03:00:00,26.04,83.4,0,2,6.8,2.73,7.2,212.52,151.34
2025-09-14 04:00:00,22.31,71.93,1,4,5.3,0.0,6.61,191.89,160.84
2025-09-14 05:00:00,25.82,65.75,4,4,8.3,0.0,7.05,164.26,167.8
2025-09-14 06:00:00,29.27,70.75,6,3,7.3,1.46,7.8,163.27,182.69
2025-09-14 07:00:00,21.93,84.32,3,2,6.1,5.0,7.18,177.3,168.45
2025-09-14 08:00:00,22.07,72.72,58,8,12.0,2.25,7.96,227.09,243.11
2025-09-14 09:00:00,21.96,82.58,56,8,12.0,9.21,7.22,229.66,238.73
2025-09-14 10:00:00,26.35,81.62,66,11,12.0,13.83,6.85,224.46,263.73
2025-09-14 11:00:00,26.29,67.78,70,12,12.0,17.58,6.6,222.57,276.41
2025-09-14 12:00:00,25.6,68.95,45,5,12.0,11.52,6.48,223.56,226.93
2025-09-14 13:00:00,24.67,79.32,56,6,12.0,15.66,5.78,243.54,205.67
2025-09-14 14:00:00,28.23,72.9,56,7,12.0,10.8,6.44,247.82,237.52
2025-09-14 15:00:00,25.12,69.21,55,8,12.0,11.98,6.09,244.53,233.29
2025-09-14 16:00:00,30.36,67.88,46,9,12.0,4.92,5.72,257.83,248.98
2025-09-14 17:00:00,33.01,68.0,48,7,12.0,3.16,5.69,245.02,227.78
2025-09-14 18:00:00,28.34,60.81,57,9,12.0,0.77,5.98,233.6,259.93
2025-09-14 19:00:00,28.03,77.34,47,8,12.0,1.91,6.44,222.87,240.26
2025-09-14 20:00:00,35.95,63.09,11,2,9.8,1.14,6.34,147.82,198.82
2025-09-14 21:00:00,30.33,50.88,8,5,8.2,0.0,6.0,213.95,198.74
2025-09-14 22:00:00,34.3,67.42,11,2,8.1,0.0,5.81,174.74,184.03
2025-09-14 23:00:00,30.44,65.1,2,5,3.6,3.56,5.76,198.04,154.27
2025-09-15 00:00:00,29.6,82.71,11,3,8.9,0.55,6.54,176.88,179.93
2025-09-15 01:00:00,30.13,66.41,3,2,6.1,0.0,6.43,163.44,162.87
2025-09-15 02:00:00,25.79,65.86,11,2,5.0,1.08,6.95,186.57,164.82
2025-09-15 03:00:00,27.3,76.05,21,5,10.9,1.25,7.17,150.03,205.08
2025-09-15 04:00:00,25.05,69.44,12,7,11.5,0.0,7.44,153.49,202.45
2025-09-15 05:00:00,21.87,70.83,13,4,9.0,0.97,6.86,173.19,186.73
2025-09-15 06:00:00,25.38,77.4,17,4,6.0,0.0,6.99,184.55,207.73
2025-09-15 07:00:00,23.48,67.88,0,1,8.2,2.33,7.16,168.96,125.08
2025-09-15 08:00:00,23.61,64.87,69,11,12.0,5.03,7.28,245.68,291.17
2025-09-15 09:00:00,21.11,88.9,47,8,12.0,9.64,7.14,241.46,231.24
2025-09-15 10:00:00,28.51,75.7,62,9,12.0,11.25,7.8,265.07,252.15
2025-09-15 11:00:00,27.36,70.6,61,10,12.0,13.12,5.92,284.13,237.09
2025-09-15 12:00:00,28.41,71.69,48,5,12.0,10.21,6.89,216.45,226.6
2025-09-15 13:00:00,26.2,76.8,63,9,12.0,13.37,6.66,208.33,248.69
2025-09-15 14:00:00,23.68,81.84,59,7,12.0,9.92,5.78,235.65,218.0
2025-09-15 15:00:00,33.92,62.57,70,10,12.0,14.47,5.77,240.29,265.04
2025-09-15 16:00:00,29.85,73.27,57,8,12.0,6.2,6.42,250.82,256.17
2025-09-15 17:00:00,28.96,67.78,54,7,12.0,3.11,5.51,227.21,252.33
2025-09-15 18:00:00,32.51,67.52,51,6,12.0,1.39,5.49,267.14,234.92
2025-09-15 19:00:00,34.78,68.38,41,9,12.0,2.64,5.77,239.35,237.6
2025-09-15 20:00:00,31.94,69.19,7,2,8.7,0.0,5.99,200.91,166.88
2025-09-15 21:00:00,35.06,72.21,8,2,8.0,1.15,6.28,195.59,179.86
2025-09-15 22:00:00,34.17,71.09,12,6,11.2,1.93,6.46,184.69,194.44
2025-09-15 23:00:00,28.14,61.35,0,3,8.3,0.37,6.57,164.6,156.42
2025-09-16 00:00:00,28.32,62.27,8,1,9.6,0.33,5.83,184.23,153.1
2025-09-16 01:00:00,31.43,67.01,15,6,7.1,0.0,6.69,165.0,189.12
2025-09-16 02:00:00,21.22,89.55,15,6,9.7,0.0,7.13,157.95,176.96
2025-09-16 03:00:00,26.59,67.03,0,4,6.8,0.0,7.31,216.87,148.56
2025-09-16 04:00:00,22.42,74.45,16,5,10.4,0.0,6.94,196.35,171.67
2025-09-16 05:00:00,23.98,71.06,8,1,4.6,1.78,6.91,187.09,140.35
2025-09-16 06:00:00,23.79,71.07,9,3,7.0,0.0,6.92,210.04,154.75
2025-09-16 07:00:00,23.24,76.58,0,1,0.5,5.33,7.44,128.24,133.61
2025-09-16 08:00:00,22.62,85.57,67,9,12.0,9.66,7.55,287.64,268.16
2025-09-16 09:00:00,21.39,79.82,56,7,12.0,10.64,7.12,234.59,230.38
2025-09-16 10:00:00,30.27,64.79,43,6,12.0,8.55,6.53,246.01,217.34
2025-09-16 11:00:00,29.84,89.98,58,9,12.0,14.75,6.77,245.38,278.77
2025-09-16 12:00:00,23.09,75.98,58,8,12.0,12.71,6.17,220.18,228.97
2025-09-16 13:00:00,30.92,65.92,65,9,12.0,12.47,6.03,246.1,249.59
2025-09-16 14:00:00,27.0,82.58,53,8,12.0,12.85,5.97,220.86,211.95
2025-09-16 15:00:00,29.36,67.77,55,11,12.0,12.11,5.65,264.19,251.36
2025-09-16 16:00:00,29.84,82.35,50,11,12.0,3.68,5.41,263.75,269.03
2025-09-16 17:00:00,29.18,65.08,60,9,12.0,3.74,6.27,258.62,247.96
2025-09-16 18:00:00,33.92,77.86,49,8,12.0,3.98,5.04,237.39,234.52
2025-09-16 19:00:00,32.18,70.48,48,6,12.0,0.0,5.52,234.01,234.35
2025-09-16 20:00:00,30.81,79.07,9,4,8.5,0.0,5.73,166.25,171.4
2025-09-16 21:00:00,28.6,84.89,0,1,2.8,0.0,6.36,172.56,103.51
2025-09-16 22:00:00,29.23,63.21,23,4,12.0,1.41,6.2,190.23,198.23
2025-09-16 23:00:00,26.72,81.82,25,8,12.0,0.0,6.19,155.2,231.81
2025-09-17 00:00:00,30.03,60.72,6,1,5.9,0.0,6.24,157.5,152.71
2025-09-17 01:00:00,26.04,66.04,0,1,5.1,1.66,7.11,191.24,138.25
2025-09-17 02:00:00,27.34,66.84,13,5,10.9,0.48,6.62,175.61,196.2
2025-09-17 03:00:00,30.39,73.85,6,2,10.7,0.0,7.14,144.77,183.64
2025-09-17 04:00:00,29.0,71.53,19,3,12.0,0.0,7.13,175.49,198.86
2025-09-17 05:00:00,25.09,72.87,4,7,11.0,0.0,7.44,137.46,195.6
2025-09-17 06:00:00,24.32,75.6,14,5,10.3,1.84,7.85,158.15,198.33
2025-09-17 07:00:00,28.84,75.55,11,3,12.0,4.18,7.52,136.2,170.92
2025-09-17 08:00:00,25.3,78.57,50,7,12.0,5.57,7.15,273.5,226.55
2025-09-17 09:00:00,23.32,82.94,57,10,12.0,8.74,7.65,226.1,239.26
2025-09-17 10:00:00,20.97,89.66,62,7,12.0,11.21,7.45,215.12,223.88
2025-09-17 11:00:00,26.16,73.14,56,8,12.0,11.37,7.11,278.76,251.98
2025-09-17 12:00:00,28.07,68.3,56,9,12.0,16.68,6.6,227.43,250.36
2025-09-17 13:00:00,25.39,78.12,48,8,12.0,15.85,6.02,246.22,226.02
2025-09-17 14:00:00,28.73,63.48,64,9,12.0,11.32,5.27,208.54,268.59
2025-09-17 15:00:00,28.13,67.16,63,9,12.0,9.27,6.01,244.96,245.15
2025-09-17 16:00:00,29.54,77.92,52,10,12.0,4.75,6.08,265.17,237.28
2025-09-17 17:00:00,24.61,73.5,54,6,12.0,3.3,5.26,251.45,223.88
2025-09-17 18:00:00,30.91,61.51,66,10,12.0,0.98,5.85,238.98,278.88
2025-09-17 19:00:00,34.29,57.17,46,7,12.0,2.36,5.57,235.82,225.23
2025-09-17 20:00:00,30.42,70.65,15,5,8.3,0.0,5.99,170.17,200.9
2025-09-17 21:00:00,32.0,77.2,6,2,9.3,0.0,5.72,102.98,160.14
2025-09-17 22:00:00,29.57,78.8,24,6,11.3,0.0,5.85,205.28,206.91
2025-09-17 23:00:00,31.73,70.17,11,4,6.5,1.11,6.27,236.08,173.87
2025-09-18 00:00:00,29.46,85.04,20,2,12.0,0.0,6.09,139.65,182.35
2025-09-18 01:00:00,26.69,72.19,4,2,6.3,1.98,7.04,133.99,163.04
2025-09-18 02:00:00,31.33,68.7,0,1,5.3,0.08,6.91,193.6,110.41
2025-09-18 03:00:00,29.29,53.13,8,3,8.9,3.23,6.67,191.3,165.72
2025-09-18 04:00:00,24.49,71.33,12,2,10.3,0.0,6.98,202.02,182.31
2025-09-18 05:00:00,26.42,79.07,6,5,6.9,0.0,7.48,188.4,158.7
2025-09-18 06:00:00,25.88,84.43,16,4,10.7,2.71,7.19,201.8,180.85
2025-09-18 07:00:00,25.74,67.77,8,2,7.7,2.03,7.52,185.28,158.68
2025-09-18 08:00:00,19.76,81.0,38,8,12.0,7.28,6.84,230.67,213.73
2025-09-18 09:00:00,26.65,80.27,59,8,12.0,10.17,6.97,234.91,244.79
2025-09-18 10:00:00,23.11,75.5,48,9,12.0,12.78,6.87,231.39,219.0
2025-09-18 11:00:00,24.28,58.62,52,9,12.0,12.58,7.49,253.65,235.13
2025-09-18 12:00:00,32.59,70.51,67,9,12.0,12.1,6.25,246.99,275.22
2025-09-18 13:00:00,27.72,77.53,69,8,12.0,11.46,6.51,226.26,260.56
2025-09-18 14:00:00,27.03,66.04,50,10,12.0,13.33,6.27,267.38,245.38
2025-09-18 15:00:00,23.52,73.36,60,10,12.0,11.44,6.55,241.65,238.81
2025-09-18 16:00:00,33.47,60.08,51,7,12.0,6.5,6.28,231.19,251.5
2025-09-18 17:00:00,27.47,54.38,53,9,12.0,2.43,5.57,220.87,221.37
2025-09-18 18:00:00,28.96,78.52,50,10,12.0,1.14,5.33,278.63,258.18
2025-09-18 19:00:00,31.04,69.85,41,7,12.0,0.0,5.23,229.21,236.45
2025-09-18 20:00:00,35.54,77.91,11,4,9.4,3.9,5.89,194.52,157.87
2025-09-18 21:00:00,33.8,73.94,12,5,10.5,0.9,6.29,153.24,191.2
2025-09-18 22:00:00,31.07,67.37,5,5,6.6,0.0,6.5,207.44,165.09
2025-09-18 23:00:00,31.6,68.9,19,4,7.8,1.66,6.2,172.22,182.2
2025-09-19 00:00:00,28.5,75.61,7,1,8.8,1.26,6.52,180.38,158.63
2025-09-19 01:00:00,29.38,77.8,5,1,7.9,0.47,7.21,158.44,152.38
2025-09-19 02:00:00,28.18,74.13,14,3,7.3,0.0,6.63,106.06,187.15
2025-09-19 03:00:00,29.39,78.77,0,1,2.7,0.82,6.2,160.11,144.08
2025-09-19 04:00:00,28.42,69.63,17,2,12.0,2.91,7.6,173.35,174.33
2025-09-19 05:00:00,26.41,66.14,7,6,9.7,0.0,6.87,160.39,183.23
2025-09-19 06:00:00,23.63,74.61,18,5,6.0,1.92,7.2,183.32,176.21
2025-09-19 07:00:00,25.99,74.84,20,4,12.0,5.32,7.43,167.0,201.27
2025-09-19 08:00:00,23.77,66.55,60,9,12.0,7.59,7.03,216.68,238.48
2025-09-19 09:00:00,21.43,67.24,49,5,12.0,10.24,7.44,244.61,242.83
2025-09-19 10:00:00,23.53,78.26,45,9,12.0,13.24,7.83,221.37,231.94
2025-09-19 11:00:00,25.38,70.99,44,4,12.0,14.35,6.42,233.26,191.24
2025-09-19 12:00:00,28.28,70.65,64,10,12.0,17.78,6.55,270.96,251.5
2025-09-19 13:00:00,26.51,70.53,54,6,12.0,15.46,6.29,263.8,216.77
2025-09-19 14:00:00,24.98,84.76,50,7,12.0,13.54,6.21,246.95,210.53
2025-09-19 15:00:00,29.18,80.01,54,10,12.0,12.01,5.72,232.43,246.64
2025-09-19 16:00:00,30.28,61.74,64,7,12.0,8.42,5.58,251.31,270.7
2025-09-19 17:00:00,31.29,65.97,61,9,12.0,0.0,5.51,217.21,279.04
2025-09-19 18:00:00,33.76,73.92,59,10,12.0,0.0,5.54,262.78,265.28
2025-09-19 19:00:00,34.41,71.73,60,10,12.0,0.0,5.57,234.31,255.94
2025-09-19 20:00:00,30.51,69.95,11,3,7.7,0.66,4.93,166.41,163.98
2025-09-19 21:00:00,30.32,62.41,12,4,8.4,0.0,5.97,197.1,179.16
2025-09-19 22:00:00,28.86,66.62,12,3,9.8,1.18,5.99,159.63,170.42
2025-09-19 23:00:00,32.58,65.18,10,6,9.8,0.0,6.04,178.87,195.07
2025-09-20 00:00:00,33.62,70.0,16,2,11.7,3.4,6.53,161.99,195.15
2025-09-20 01:00:00,28.25,83.75,13,5,9.6,3.3,6.71,152.66,191.81
2025-09-20 02:00:00,27.4,67.61,3,3,5.4,0.0,6.76,185.75,146.94
2025-09-20 03:00:00,30.63,62.98,14,5,10.6,0.65,7.07,144.36,198.51
2025-09-20 04:00:00,27.26,71.76,12,5,2.8,0.0,6.99,173.71,201.89
2025-09-20 05:00:00,26.26,80.44,15,5,12.0,0.5,6.86,188.27,206.35
2025-09-20 06:00:00,21.56,66.38,9,2,7.8,1.17,7.99,174.79,180.01
2025-09-20 07:00:00,25.83,83.69,16,3,11.0,1.07,7.1,203.61,216.01
2025-09-20 08:00:00,21.68,75.22,55,6,12.0,5.05,7.29,240.8,227.89
2025-09-20 09:00:00,21.3,71.55,61,9,12.0,8.2,7.97,249.05,288.64
2025-09-20 10:00:00,23.67,63.83,51,9,12.0,11.02,6.76,231.59,252.51
2025-09-20 11:00:00,23.71,79.95,52,9,12.0,12.48,6.87,192.02,255.05
2025-09-20 12:00:00,25.45,72.59,60,10,12.0,15.59,7.31,253.37,245.17
2025-09-20 13:00:00,23.36,76.44,52,6,12.0,13.97,5.72,213.52,229.04
2025-09-20 14:00:00,30.4,64.02,70,10,12.0,10.38,6.57,209.74,262.32
2025-09-20 15:00:00,31.85,67.07,60,8,12.0,9.26,6.01,242.1,254.43
2025-09-20 16:00:00,25.13,70.6,55,7,12.0,2.26,5.63,274.14,239.7
2025-09-20 17:00:00,33.27,67.6,62,8,12.0,7.66,5.74,286.87,253.44
2025-09-20 18:00:00,29.44,66.31,51,8,12.0,0.04,5.57,255.73,255.85
2025-09-20 19:00:00,34.01,57.06,62,12,12.0,1.99,6.28,260.93,271.7
2025-09-20 20:00:00,31.83,88.42,17,3,10.8,1.59,5.8,163.76,160.96
2025-09-20 21:00:00,31.94,59.7,20,3,12.0,0.0,6.18,185.47,188.72
2025-09-20 22:00:00,31.0,71.17,6,2,7.2,0.0,5.91,171.72,176.56
2025-09-20 23:00:00,33.86,55.49,0,3,6.2,0.0,6.4,199.93,191.42
2025-09-21 00:00:00,26.9,58.79,5,4,9.1,0.71,6.37,194.63,183.51
2025-09-21 01:00:00,30.55,70.9,8,3,8.9,0.12,6.21,192.05,189.94
2025-09-21 02:00:00,30.75,71.29,23,3,12.0,2.08,7.36,151.76,200.97
2025-09-21 03:00:00,28.76,80.3,28,4,12.0,0.0,7.19,210.78,243.99
2025-09-21 04:00:00,31.81,72.13,13,4,11.1,3.68,7.46,199.25,206.86
2025-09-21 05:00:00,23.85,73.86,10,5,9.1,0.0,7.02,206.93,193.06
2025-09-21 06:00:00,26.93,66.1,7,6,5.7,1.04,7.71,176.39,190.54
2025-09-21 07:00:00,23.87,85.38,17,2,12.0,1.57,7.44,214.82,174.69
2025-09-21 08:00:00,27.08,79.14,70,11,12.0,8.83,7.25,225.32,290.55
2025-09-21 09:00:00,24.12,65.99,69,9,12.0,8.39,7.43,283.65,252.59
2025-09-21 10:00:00,23.57,75.37,64,8,12.0,8.61,6.78,255.05,266.63
2025-09-21 11:00:00,28.44,72.7,64,8,12.0,10.55,7.16,256.07,265.98
2025-09-21 12:00:00,24.77,71.84,62,9,12.0,13.06,6.27,240.7,242.77
2025-09-21 13:00:00,23.43,80.6,55,7,12.0,16.64,6.3,223.22,241.08
2025-09-21 14:00:00,26.71,78.73,49,12,12.0,13.61,5.77,266.66,239.58
2025-09-21 15:00:00,30.58,68.86,55,8,12.0,10.79,5.53,251.96,237.85
2025-09-21 16:00:00,33.48,66.2,58,10,12.0,6.87,5.64,250.92,266.76
2025-09-21 17:00:00,31.11,80.32,43,6,12.0,1.37,5.67,253.02,228.09
2025-09-21 18:00:00,34.76,73.8,54,12,12.0,0.0,5.89,256.07,274.57
2025-09-21 19:00:00,28.47,72.18,48,8,12.0,0.0,5.5,270.57,249.87
2025-09-21 20:00:00,30.89,58.57,18,5,9.7,0.0,6.01,153.91,179.68
2025-09-21 21:00:00,31.14,72.21,6,2,7.7,0.0,5.82,181.66,151.12
2025-09-21 22:00:00,31.18,74.66,13,5,9.5,0.0,5.93,183.5,184.24
2025-09-21 23:00:00,31.04,50.59,4,3,8.2,0.01,6.51,198.11,165.08
2025-09-22 00:00:00,31.73,71.15,23,4,12.0,0.0,6.31,178.59,208.91
2025-09-22 01:00:00,27.92,69.14,0,1,4.2,2.26,7.35,192.43,164.68
2025-09-22 02:00:00,28.35,70.21,14,3,11.4,2.24,7.05,207.63,182.41
2025-09-22 03:00:00,26.85,66.45,0,2,1.3,1.2,6.59,237.36,140.31
2025-09-22 04:00:00,23.69,73.98,6,4,1.9,0.97,7.15,206.8,146.75
2025-09-22 05:00:00,24.89,83.92,12,3,6.0,0.0,7.05,190.43,161.86
2025-09-22 06:00:00,24.18,71.55,12,1,8.5,4.58,6.73,191.37,169.32
2025-09-22 07:00:00,23.72,81.75,12,4,10.0,3.06,7.64,180.85,179.88
2025-09-22 08:00:00,24.08,69.1,56,11,12.0,8.59,7.57,292.54,273.11
2025-09-22 09:00:00,24.33,79.88,50,6,12.0,11.57,6.81,255.54,241.17
2025-09-22 10:00:00,23.46,75.19,54,11,12.0,10.04,7.15,255.54,260.47
2025-09-22 11:00:00,28.35,74.22,55,11,12.0,12.27,7.01,269.48,237.68
2025-09-22 12:00:00,23.08,75.5,57,8,12.0,14.8,6.5,242.59,240.07
2025-09-22 13:00:00,25.16,78.48,54,7,12.0,10.43,6.63,251.88,219.19
2025-09-22 14:00:00,34.95,49.16,61,11,12.0,11.95,6.2,242.58,240.5
2025-09-22 15:00:00,26.44,63.15,56,7,12.0,5.11,6.34,236.22,236.37
2025-09-22 16:00:00,26.62,75.89,57,8,12.0,7.02,5.4,276.19,251.55
2025-09-22 17:00:00,32.66,54.43,52,6,12.0,6.37,5.78,227.73,238.39
2025-09-22 18:00:00,26.27,69.5,47,8,12.0,0.0,5.77,275.95,216.99
2025-09-22 19:00:00,31.28,69.33,56,11,12.0,0.0,5.32,242.96,291.42
2025-09-22 20:00:00,37.36,59.65,20,5,11.8,0.0,5.44,176.52,209.75
2025-09-22 21:00:00,28.0,67.16,14,5,9.8,1.23,5.38,147.53,163.35
2025-09-22 22:00:00,26.51,74.94,3,2,7.5,0.33,6.12,183.33,121.86
2025-09-22 23:00:00,27.08,79.71,17,4,12.0,0.9,6.14,158.98,181.07
2025-09-23 00:00:00,32.25,62.32,7,1,9.0,0.0,6.05,200.31,139.4
2025-09-23 01:00:00,31.85,65.28,16,4,7.8,0.0,7.13,165.21,175.31
2025-09-23 02:00:00,26.72,67.78,7,2,5.3,0.25,7.04,175.07,136.49
2025-09-23 03:00:00,28.67,54.58,13,3,8.0,0.14,6.81,143.95,167.46
2025-09-23 04:00:00,29.48,71.96,6,2,8.7,2.05,7.26,156.6,163.07
2025-09-23 05:00:00,29.64,77.4,6,2,8.3,0.0,7.19,163.0,161.59
2025-09-23 06:00:00,23.92,81.97,0,5,7.5,0.1,6.75,170.64,191.89
2025-09-23 07:00:00,18.38,72.64,14,6,11.0,3.33,7.37,168.78,178.18
2025-09-23 08:00:00,21.95,67.47,58,11,12.0,11.55,7.77,276.23,270.6
2025-09-23 09:00:00,23.07,75.6,58,12,12.0,8.39,7.56,240.79,269.23
2025-09-23 10:00:00,23.89,80.68,57,11,12.0,11.36,6.94,262.86,250.98
2025-09-23 11:00:00,24.7,75.39,49,8,12.0,11.61,6.55,231.83,223.95
2025-09-23 12:00:00,28.8,73.47,63,9,12.0,16.61,6.7,238.73,267.73
2025-09-23 13:00:00,30.15,78.49,63,10,12.0,16.28,6.39,225.35,243.24
2025-09-23 14:00:00,27.57,67.13,49,8,12.0,11.69,6.05,236.69,218.66
2025-09-23 15:00:00,31.78,67.81,59,8,12.0,12.27,6.59,234.75,237.39
2025-09-23 16:00:00,30.89,81.42,62,10,12.0,7.66,5.67,256.06,258.04
2025-09-23 17:00:00,30.99,68.53,51,6,12.0,5.03,6.06,241.87,218.45
2025-09-23 18:00:00,33.73,59.12,53,9,12.0,0.0,5.75,222.27,261.5
2025-09-23 19:00:00,32.04,64.48,59,8,12.0,0.32,5.78,287.85,264.69
2025-09-23 20:00:00,37.14,59.03,0,2,4.5,3.74,5.23,208.97,136.0
2025-09-23 21:00:00,28.27,74.31,1,2,7.3,2.95,6.32,158.86,149.24
2025-09-23 22:00:00,30.18,64.21,2,2,3.0,1.61,6.39,117.07,130.55
2025-09-23 23:00:00,30.51,72.14,0,1,5.1,1.9,6.36,176.3,143.79
2025-09-24 00:00:00,31.1,64.68,19,2,8.3,4.87,6.86,139.2,190.39
2025-09-24 01:00:00,32.21,54.19,0,3,5.7,1.57,6.85,183.25,158.07
2025-09-24 02:00:00,27.94,74.19,13,3,8.6,0.0,6.45,142.84,175.11
2025-09-24 03:00:00,23.41,76.25,16,5,11.6,2.43,6.73,170.16,213.89
2025-09-24 04:00:00,28.11,75.55,8,3,6.3,0.0,7.17,158.51,175.02
2025-09-24 05:00:00,27.06,67.95,5,2,6.2,0.98,6.68,156.49,148.83
2025-09-24 06:00:00,19.68,72.37,12,4,10.5,0.24,7.69,190.44,164.3
2025-09-24 07:00:00,24.13,77.52,10,2,8.8,2.21,7.2,180.23,194.11
2025-09-24 08:00:00,20.02,88.22,63,10,12.0,7.62,7.24,273.39,249.66
2025-09-24 09:00:00,22.47,75.95,34,5,12.0,11.83,6.72,270.43,191.21
2025-09-24 10:00:00,22.28,78.98,48,12,12.0,13.6,7.13,250.51,241.86
2025-09-24 11:00:00,27.19,70.31,59,7,12.0,14.48,6.66,225.02,248.49
2025-09-24 12:00:00,26.29,62.39,55,8,12.0,13.6,6.39,264.98,219.18
2025-09-24 13:00:00,23.75,81.75,61,9,12.0,10.21,6.79,236.03,242.01
2025-09-24 14:00:00,30.2,76.82,57,7,12.0,12.03,6.56,217.21,222.88
2025-09-24 15:00:00,25.45,78.76,54,10,12.0,11.01,6.2,238.31,235.32
2025-09-24 16:00:00,30.83,68.75,53,8,12.0,2.68,5.88,257.4,251.52
2025-09-24 17:00:00,28.79,75.62,70,7,12.0,3.49,5.55,210.83,251.12
2025-09-24 18:00:00,30.55,76.47,67,11,12.0,0.0,5.6,260.44,295.29
2025-09-24 19:00:00,33.12,79.75,59,8,12.0,0.0,5.61,261.62,245.17
2025-09-24 20:00:00,33.3,75.21,11,3,7.7,1.52,5.94,142.68,170.36
2025-09-24 21:00:00,35.21,67.4,14,5,9.3,1.89,5.92,152.05,201.17
2025-09-24 22:00:00,31.26,60.56,17,3,11.7,3.63,6.1,115.49,191.55
2025-09-24 23:00:00,31.59,70.57,13,3,12.0,0.0,6.83,144.04,215.55
2025-09-25 00:00:00,28.91,73.16,4,6,6.1,2.58,6.9,184.71,171.73
2025-09-25 01:00:00,29.49,75.92,24,2,11.7,0.0,6.43,150.81,182.65
2025-09-25 02:00:00,29.1,80.71,12,2,12.0,0.0,7.0,163.66,183.26
2025-09-25 03:00:00,26.72,72.23,26,3,12.0,1.36,6.79,218.27,188.34
2025-09-25 04:00:00,21.49,91.26,11,6,8.6,0.0,7.4,180.09,183.11
2025-09-25 05:00:00,26.0,61.08,8,2,7.9,0.0,7.95,141.33,182.34
2025-09-25 06:00:00,25.45,76.72,21,5,9.9,1.68,7.18,169.9,205.31
2025-09-25 07:00:00,22.44,70.31,12,3,9.1,3.61,7.55,204.62,168.28
2025-09-25 08:00:00,20.79,63.7,56,10,12.0,5.16,7.76,248.63,243.43
2025-09-25 09:00:00,27.83,70.71,45,7,12.0,8.72,7.02,186.69,236.9
2025-09-25 10:00:00,25.76,63.36,60,10,12.0,11.58,7.07,241.5,261.01
2025-09-25 11:00:00,24.6,73.25,51,10,12.0,14.7,7.31,254.33,223.43
2025-09-25 12:00:00,23.16,75.63,51,9,12.0,13.35,6.17,225.76,216.57
2025-09-25 13:00:00,24.91,81.99,51,7,12.0,8.62,5.93,241.83,223.06
2025-09-25 14:00:00,31.26,59.17,59,10,12.0,13.7,5.66,218.29,232.83
2025-09-25 15:00:00,29.38,77.39,43,11,12.0,11.19,6.2,236.53,211.82
2025-09-25 16:00:00,28.62,72.25,53,9,12.0,4.87,5.45,251.03,226.73
2025-09-25 17:00:00,32.1,76.33,63,10,12.0,1.36,5.92,251.72,269.92
2025-09-25 18:00:00,29.43,67.98,45,5,12.0,2.7,6.18,293.36,218.68
2025-09-25 19:00:00,35.62,57.34,56,10,12.0,0.0,5.5,246.13,255.11
2025-09-25 20:00:00,35.38,58.31,5,4,5.4,1.51,5.54,161.04,148.73
2025-09-25 21:00:00,30.7,61.07,7,3,4.7,0.0,6.17,202.96,158.26
2025-09-25 22:00:00,29.89,74.02,23,5,12.0,1.31,6.12,197.23,200.37
2025-09-25 23:00:00,24.28,84.94,0,6,7.7,0.0,5.47,214.6,171.19
2025-09-26 00:00:00,26.3,69.24,16,5,9.2,0.84,7.04,172.36,152.12
2025-09-26 01:00:00,25.69,78.02,6,5,12.0,0.71,6.9,174.62,156.26
2025-09-26 02:00:00,28.34,61.1,6,3,9.9,0.0,6.77,185.86,181.39
2025-09-26 03:00:00,26.15,74.56,1,2,5.7,0.25,6.92,192.98,157.06
2025-09-26 04:00:00,22.64,80.43,16,5,12.0,0.0,7.44,191.31,202.87
2025-09-26 05:00:00,24.47,64.34,8,3,6.5,2.19,7.26,170.47,151.92
2025-09-26 06:00:00,25.8,72.11,7,3,6.9,0.47,7.32,207.95,162.67
2025-09-26 07:00:00,25.46,78.79,11,4,9.8,3.13,7.33,159.58,164.18
2025-09-26 08:00:00,19.25,57.59,54,8,12.0,10.04,6.91,245.39,203.68
2025-09-26 09:00:00,23.82,84.28,39,7,12.0,6.09,6.94,234.13,224.15
2025-09-26 10:00:00,21.08,79.32,51,8,12.0,15.98,6.83,263.51,242.18
2025-09-26 11:00:00,27.43,77.42,62,11,12.0,17.27,6.44,225.58,254.83
2025-09-26 12:00:00,27.96,69.14,43,6,12.0,13.22,6.6,216.99,207.39
2025-09-26 13:00:00,24.72,62.24,46,5,12.0,15.3,6.46,220.78,191.87
2025-09-26 14:00:00,26.08,77.08,52,8,12.0,13.1,6.69,233.64,242.3
2025-09-26 15:00:00,27.88,71.5,49,8,12.0,4.93,5.67,216.51,231.68
2025-09-26 16:00:00,24.37,74.77,55,10,12.0,6.78,6.12,228.07,239.87
2025-09-26 17:00:00,31.67,77.05,46,6,12.0,1.09,6.23,273.87,211.92
2025-09-26 18:00:00,30.78,75.39,52,9,12.0,0.0,6.03,211.74,235.65
2025-09-26 19:00:00,34.29,81.05,55,10,12.0,0.0,5.55,255.43,268.73
2025-09-26 20:00:00,29.25,72.2,15,5,8.1,0.0,5.7,146.31,168.35
2025-09-26 21:00:00,30.32,65.54,20,3,10.7,2.43,6.47,162.15,172.71
2025-09-26 22:00:00,27.7,70.89,8,2,7.2,0.0,6.03,203.02,183.78
2025-09-26 23:00:00,28.32,74.69,25,6,12.0,0.0,6.28,168.62,204.62
2025-09-27 00:00:00,27.05,79.78,9,6,3.3,2.73,6.33,152.89,167.5
2025-09-27 01:00:00,31.53,59.26,17,4,9.4,0.0,6.98,155.56,193.85
2025-09-27 02:00:00,26.25,73.28,25,5,12.0,0.0,6.04,183.35,198.64
2025-09-27 03:00:00,27.28,83.77,11,1,12.0,1.71,6.78,158.8,178.17
2025-09-27 04:00:00,25.05,72.38,0,1,5.5,1.06,6.85,203.21,172.45
2025-09-27 05:00:00,22.0,82.72,11,2,7.3,0.2,7.83,145.23,175.35
2025-09-27 06:00:00,24.12,78.17,5,3,5.9,1.85,7.38,170.09,145.47
2025-09-27 07:00:00,25.63,80.35,8,1,8.7,1.13,7.2,169.46,163.88
2025-09-27 08:00:00,20.98,71.25,70,10,12.0,5.84,7.12,204.13,274.44
2025-09-27 09:00:00,26.16,67.65,45,6,12.0,13.9,6.58,226.74,207.16
2025-09-27 10:00:00,22.41,76.05,57,10,12.0,6.06,7.37,245.19,251.83
2025-09-27 11:00:00,23.96,64.1,48,6,12.0,12.18,6.58,251.38,211.26
2025-09-27 12:00:00,27.33,70.58,53,8,12.0,11.63,6.71,213.6,237.13
2025-09-27 13:00:00,25.31,75.66,61,10,12.0,13.66,6.06,181.71,251.97
2025-09-27 14:00:00,28.09,84.43,58,8,12.0,13.33,6.08,233.78,252.38
2025-09-27 15:00:00,28.25,74.65,53,12,12.0,12.11,5.61,228.11,236.45
2025-09-27 16:00:00,30.32,74.75,50,9,12.0,6.18,5.72,241.55,242.0
2025-09-27 17:00:00,24.88,82.34,58,9,12.0,1.78,6.09,212.59,244.84
2025-09-27 18:00:00,26.89,66.02,69,11,12.0,0.0,5.74,236.01,269.39
2025-09-27 19:00:00,33.4,67.06,48,4,12.0,0.1,5.86,268.37,221.03
2025-09-27 20:00:00,34.59,84.36,25,7,12.0,4.25,5.83,166.75,214.03
2025-09-27 21:00:00,29.59,70.33,20,5,10.7,0.0,6.51,166.33,200.68
2025-09-27 22:00:00,30.85,77.82,21,4,8.2,0.0,5.81,176.9,173.46
2025-09-27 23:00:00,31.57,76.25,12,4,9.5,0.27,6.24,198.2,206.04
2025-09-28 00:00:00,31.73,59.04,19,5,12.0,0.0,6.57,162.03,215.51
2025-09-28 01:00:00,23.97,77.0,2,2,4.4,2.85,6.36,186.78,125.39
2025-09-28 02:00:00,25.78,74.58,5,3,4.6,2.42,6.94,191.46,176.17
2025-09-28 03:00:00,26.13,75.62,16,5,8.1,1.64,7.08,176.8,208.76
2025-09-28 04:00:00,27.76,66.89,12,4,9.5,1.92,7.23,177.73,181.66
2025-09-28 05:00:00,31.42,61.79,9,3,8.3,0.0,7.31,177.55,188.55
2025-09-28 06:00:00,23.97,71.49,0,2,7.4,0.0,7.06,140.84,158.46
2025-09-28 07:00:00,20.62,76.48,7,5,5.8,2.27,6.7,160.43,149.48
2025-09-28 08:00:00,25.01,82.39,46,9,12.0,7.56,7.26,283.92,258.69
2025-09-28 09:00:00,27.44,85.11,59,7,12.0,9.25,6.75,204.66,232.85
2025-09-28 10:00:00,24.81,84.01,53,9,12.0,13.26,6.87,246.39,249.42
2025-09-28 11:00:00,22.9,81.59,50,9,12.0,13.74,6.45,209.82,254.07
2025-09-28 12:00:00,28.39,64.69,70,12,12.0,11.32,5.98,234.28,257.63
2025-09-28 13:00:00,28.62,68.7,63,10,12.0,16.0,6.42,247.69,253.72
2025-09-28 14:00:00,25.43,75.27,63,9,12.0,11.1,6.35,252.55,264.78
2025-09-28 15:00:00,29.99,66.18,70,8,12.0,11.47,6.32,242.78,265.47
2025-09-28 16:00:00,32.49,72.9,61,8,12.0,5.3,5.65,235.4,267.06
2025-09-28 17:00:00,33.78,73.0,49,10,12.0,1.86,5.74,246.78,246.14
2025-09-28 18:00:00,31.3,73.45,48,8,12.0,0.0,5.82,274.33,231.68
2025-09-28 19:00:00,30.97,77.1,63,9,12.0,0.0,6.08,223.28,263.92
2025-09-28 20:00:00,35.07,60.72,0,4,5.8,0.0,5.19,219.2,162.93
2025-09-28 21:00:00,28.84,77.94,9,5,8.6,0.76,5.42,203.37,180.24
2025-09-28 22:00:00,32.56,63.94,0,1,5.0,0.0,6.59,169.97,154.64
2025-09-28 23:00:00,27.4,65.83,11,5,11.5,0.69,5.7,215.02,193.54
2025-09-29 00:00:00,32.66,72.46,17,2,10.4,0.2,6.82,218.11,187.13
2025-09-29 01:00:00,28.39,80.24,12,4,9.2,1.76,7.17,136.81,167.33
2025-09-29 02:00:00,31.17,73.2,18,5,12.0,0.0,7.18,166.86,187.96
2025-09-29 03:00:00,28.19,72.01,26,7,12.0,2.12,6.71,220.71,224.29
2025-09-29 04:00:00,22.94,77.71,9,4,8.0,0.0,6.88,185.98,181.98
2025-09-29 05:00:00,28.73,72.44,32,5,12.0,0.0,7.25,190.9,245.05
2025-09-29 06:00:00,28.41,63.83,12,3,9.7,0.38,7.91,153.85,213.28
2025-09-29 07:00:00,26.34,64.46,18,8,9.8,1.87,7.88,153.19,217.43
2025-09-29 08:00:00,22.1,75.58,50,8,12.0,10.0,7.3,264.68,239.11
2025-09-29 09:00:00,23.37,75.8,68,11,12.0,10.5,6.51,224.06,262.06
2025-09-29 10:00:00,24.9,74.25,63,7,12.0,11.95,6.96,252.27,235.75
2025-09-29 11:00:00,23.41,79.94,67,9,12.0,13.93,6.63,250.84,253.25
2025-09-29 12:00:00,30.23,68.93,55,9,12.0,13.01,6.51,260.52,244.92
2025-09-29 13:00:00,27.33,76.41,45,5,12.0,16.89,5.71,248.57,229.74
2025-09-29 14:00:00,21.24,75.72,59,10,12.0,11.03,6.19,271.14,244.53
2025-09-29 15:00:00,29.88,83.44,41,6,12.0,10.83,5.41,265.07,209.23
2025-09-29 16:00:00,29.13,71.77,52,7,12.0,5.36,4.92,270.81,218.7
2025-09-29 17:00:00,30.64,86.54,57,8,12.0,3.63,5.81,250.97,253.06
2025-09-29 18:00:00,30.54,72.68,70,13,12.0,0.0,6.37,233.18,286.13
2025-09-29 19:00:00,33.88,66.39,58,9,12.0,0.46,5.43,259.58,251.28
2025-09-29 20:00:00,34.8,60.94,11,2,7.2,0.13,5.64,166.1,156.04
2025-09-29 21:00:00,32.57,58.7,9,4,9.2,1.1,6.25,179.76,177.83
2025-09-29 22:00:00,30.62,63.23,0,3,4.1,0.94,6.51,155.59,140.78
2025-09-29 23:00:00,30.73,63.94,11,3,12.0,0.06,6.33,191.72,173.87
2025-09-30 00:00:00,30.05,73.33,11,5,6.0,4.08,6.25,178.18,165.77
2025-09-30 01:00:00,27.03,69.0,2,4,6.8,0.0,7.17,167.62,194.54
2025-09-30 02:00:00,29.45,72.3,1,3,4.8,0.08,6.47,184.97,157.98
2025-09-30 03:00:00,28.11,80.89,6,2,7.7,0.0,6.88,225.79,155.98
2025-09-30 04:00:00,29.85,70.09,11,2,9.9,0.41,7.4,181.8,149.49
2025-09-30 05:00:00,28.31,86.34,6,1,3.6,0.0,6.72,242.42,136.83
2025-09-30 06:00:00,22.82,67.39,2,1,6.2,0.0,7.44,223.95,143.67
2025-09-30 07:00:00,26.19,72.21,12,3,11.4,5.13,7.67,215.87,200.01
2025-09-30 08:00:00,21.62,72.69,59,9,12.0,6.9,7.78,239.51,280.04
2025-09-30 09:00:00,25.88,80.04,56,9,12.0,12.01,6.93,271.45,246.11
2025-09-30 10:00:00,23.24,59.65,50,11,12.0,8.34,6.75,230.71,247.71
2025-09-30 11:00:00,22.61,65.67,60,9,12.0,16.57,6.96,257.45,237.1
2025-09-30 12:00:00,26.7,72.16,53,8,12.0,15.79,6.28,241.18,236.65
2025-09-30 13:00:00,20.28,88.26,45,5,12.0,13.42,6.18,228.58,197.73
2025-09-30 14:00:00,23.62,76.65,63,13,12.0,11.97,6.21,246.51,250.57
2025-09-30 15:00:00,28.59,62.13,58,7,12.0,11.18,6.06,214.96,225.71
2025-09-30 16:00:00,30.21,62.08,54,7,12.0,4.95,5.14,213.59,241.89
2025-09-30 17:00:00,29.91,82.38,42,8,12.0,3.7,5.32,254.34,240.5
2025-09-30 18:00:00,27.52,67.99,49,8,12.0,0.31,5.06,282.42,224.56
2025-09-30 19:00:00,29.82,64.13,70,13,12.0,0.0,5.14,254.51,288.14
2025-09-30 20:00:00,32.98,78.86,0,3,6.3,0.7,5.42,160.89,152.4
2025-09-30 21:00:00,33.32,75.35,8,3,10.3,0.0,5.86,181.17,167.09
2025-09-30 22:00:00,31.42,78.52,10,5,8.4,2.17,6.06,136.76,183.48
2025-09-30 23:00:00,33.72,61.35,13,5,11.2,2.68,5.54,168.36,202.88
2025-10-01 00:00:00,30.99,59.23,0,1,3.9,3.02,6.17,164.91,129.21
2025-10-01 01:00:00,27.17,73.52,11,5,8.9,0.0,6.18,188.4,174.2
2025-10-01 02:00:00,27.3,74.84,0,2,4.5,0.0,6.83,160.55,165.66
2025-10-01 03:00:00,23.46,77.73,11,3,9.8,0.0,6.84,163.05,171.2
2025-10-01 04:00:00,25.73,83.94,5,3,6.5,1.36,7.63,145.55,154.71
2025-10-01 05:00:00,27.95,59.9,3,2,2.7,0.0,7.22,139.45,154.27
2025-10-01 06:00:00,26.25,79.24,17,3,9.5,0.0,7.09,139.71,186.61
2025-10-01 07:00:00,27.64,64.57,8,4,11.7,3.02,7.18,206.29,193.97
2025-10-01 08:00:00,23.24,81.32,59,7,12.0,4.79,6.97,285.1,248.14
2025-10-01 09:00:00,27.5,69.02,59,7,12.0,7.98,7.54,245.71,251.59
2025-10-01 10:00:00,24.05,69.07,65,11,12.0,12.22,6.78,251.54,260.56
2025-10-01 11:00:00,28.85,67.14,45,7,12.0,15.29,6.87,241.29,226.45
2025-10-01 12:00:00,25.95,63.32,62,11,12.0,15.08,6.78,230.69,271.58
2025-10-01 13:00:00,28.73,71.77,55,9,12.0,13.9,6.06,200.2,248.68
2025-10-01 14:00:00,31.69,64.01,52,6,12.0,14.42,5.47,247.46,212.54
2025-10-01 15:00:00,28.55,77.12,46,8,12.0,10.15,5.77,226.33,227.7
2025-10-01 16:00:00,30.55,74.7,60,10,12.0,5.95,6.03,240.17,259.83
2025-10-01 17:00:00,34.05,79.58,48,8,12.0,2.08,5.13,240.64,244.58
2025-10-01 18:00:00,31.13,72.37,59,8,12.0,1.1,5.79,229.16,232.49
2025-10-01 19:00:00,28.56,75.25,70,10,12.0,0.0,6.02,282.42,271.16
2025-10-01 20:00:00,37.36,75.25,18,3,12.0,0.7,6.29,143.65,186.79
2025-10-01 21:00:00,30.69,65.72,21,3,11.0,0.0,6.17,164.85,166.51
2025-10-01 22:00:00,31.86,58.88,4,1,9.2,0.0,6.2,189.01,169.44
2025-10-01 23:00:00,33.72,69.4,16,5,8.5,0.0,6.36,198.39,187.09
2025-10-02 00:00:00,28.48,61.71,1,1,0.0,1.93,6.08,126.63,126.12
2025-10-02 01:00:00,26.52,90.22,8,4,6.2,0.0,6.38,180.04,177.11
2025-10-02 02:00:00,28.63,81.74,24,4,12.0,0.0,6.29,172.58,214.7
2025-10-02 03:00:00,22.48,91.01,5,1,8.5,0.0,7.09,174.66,151.59
2025-10-02 04:00:00,25.28,74.34,19,4,10.8,2.12,7.35,156.75,191.19
2025-10-02 05:00:00,25.78,77.41,18,7,10.7,3.08,7.31,159.28,189.73
2025-10-02 06:00:00,23.86,71.68,19,4,11.6,1.82,7.4,184.53,179.87
2025-10-02 07:00:00,20.28,83.59,0,3,8.5,2.87,7.54,197.43,167.47
2025-10-02 08:00:00,27.99,63.5,59,9,12.0,7.68,6.73,244.15,259.53
2025-10-02 09:00:00,24.4,56.72,54,6,12.0,8.08,7.09,259.68,245.33
2025-10-02 10:00:00,28.11,66.39,64,12,12.0,12.55,6.99,265.78,268.56
2025-10-02 11:00:00,24.52,64.25,42,7,12.0,10.01,6.54,229.74,221.95
2025-10-02 12:00:00,23.8,85.29,58,7,12.0,14.47,5.76,269.87,209.25
2025-10-02 13:00:00,27.64,84.96,57,8,12.0,13.41,5.93,252.15,248.84
2025-10-02 14:00:00,27.46,62.56,39,6,12.0,13.01,5.92,212.45,203.48
2025-10-02 15:00:00,26.09,82.38,48,9,12.0,9.87,5.99,224.92,222.24
2025-10-02 16:00:00,33.67,74.69,40,6,12.0,8.67,5.82,262.75,225.37
2025-10-02 17:00:00,29.27,60.12,49,12,12.0,2.1,6.4,235.07,261.14
2025-10-02 18:00:00,26.86,70.06,59,8,12.0,1.51,6.03,236.92,238.07
2025-10-02 19:00:00,35.18,62.91,57,10,12.0,0.94,5.72,266.01,246.99
2025-10-02 20:00:00,30.74,75.32,11,1,5.6,2.18,5.85,190.45,170.77
2025-10-02 21:00:00,30.34,61.76,2,2,7.5,2.31,6.38,159.06,144.72
2025-10-02 22:00:00,27.05,71.97,19,5,12.0,0.0,6.56,167.37,165.74
2025-10-02 23:00:00,35.18,62.17,10,2,5.9,1.03,6.41,189.36,162.13
2025-10-03 00:00:00,26.78,76.17,10,5,6.9,0.0,7.11,130.47,178.13
2025-10-03 01:00:00,29.18,69.66,18,5,12.0,2.32,6.39,173.66,193.44
2025-10-03 02:00:00,30.28,66.66,2,2,7.1,0.0,6.89,210.07,158.45
2025-10-03 03:00:00,28.02,70.49,12,4,12.0,0.0,8.17,156.7,187.15
2025-10-03 04:00:00,25.85,87.76,13,3,11.3,0.44,7.44,200.7,179.81
2025-10-03 05:00:00,20.92,74.04,6,5,11.9,1.48,7.22,185.18,158.85
2025-10-03 06:00:00,22.51,68.55,15,5,10.3,0.74,7.34,166.8,169.96
2025-10-03 07:00:00,24.61,78.46,14,4,10.7,5.15,7.34,175.07,186.16
2025-10-03 08:00:00,22.03,75.17,54,9,12.0,7.02,7.78,258.79,262.0
2025-10-03 09:00:00,24.64,64.44,54,6,12.0,10.39,7.35,240.8,230.3
2025-10-03 10:00:00,26.24,88.85,59,11,12.0,8.59,6.87,268.85,279.89
2025-10-03 11:00:00,27.58,69.83,61,9,12.0,15.58,6.12,231.67,261.25
2025-10-03 12:00:00,22.93,72.9,56,10,12.0,13.42,6.25,212.54,236.7
2025-10-03 13:00:00,32.46,70.0,64,11,12.0,12.66,6.31,252.74,274.34
2025-10-03 14:00:00,29.92,82.77,60,11,12.0,16.0,6.05,204.29,259.19
2025-10-03 15:00:00,29.03,59.52,41,5,12.0,4.48,6.32,224.62,205.8
2025-10-03 16:00:00,32.72,70.63,44,6,12.0,7.19,5.73,233.86,195.94
2025-10-03 17:00:00,36.74,80.49,64,13,12.0,0.0,6.02,256.63,289.51
2025-10-03 18:00:00,27.87,72.99,53,6,12.0,0.68,5.18,241.87,236.94
2025-10-03 19:00:00,31.3,61.04,56,7,12.0,0.0,5.54,246.82,235.62
2025-10-03 20:00:00,26.05,69.03,19,4,12.0,0.0,6.05,170.46,202.81
2025-10-03 21:00:00,32.35,70.41,10,3,9.2,2.18,6.66,139.0,182.16
2025-10-03 22:00:00,32.38,78.25,10,2,6.8,0.0,6.05,167.84,146.59
2025-10-03 23:00:00,30.73,67.71,3,3,9.6,1.9,6.58,165.04,160.05
2025-10-04 00:00:00,28.36,77.53,13,5,11.7,0.0,6.97,177.2,183.52
2025-10-04 01:00:00,23.91,64.81,15,4,7.3,0.0,7.04,200.68,172.24
2025-10-04 02:00:00,28.93,61.24,5,2,3.2,0.0,7.16,158.87,166.54
2025-10-04 03:00:00,30.6,66.8,3,2,3.2,0.85,6.94,176.53,157.01
2025-10-04 04:00:00,24.52,84.5,31,5,12.0,0.0,7.72,182.56,212.96
2025-10-04 05:00:00,26.27,73.69,9,1,10.0,0.0,6.81,153.04,174.44
2025-10-04 06:00:00,20.62,79.2,5,3,8.5,0.0,6.86,177.1,173.47
2025-10-04 07:00:00,25.28,75.85,16,5,11.3,0.33,7.93,195.54,209.93
2025-10-04 08:00:00,23.02,83.25,55,8,12.0,8.38,7.32,267.04,257.34
2025-10-04 09:00:00,22.23,71.77,46,4,12.0,8.77,6.63,230.3,233.88
2025-10-04 10:00:00,22.63,80.57,59,8,12.0,16.71,6.4,282.89,240.17
2025-10-04 11:00:00,24.19,68.85,48,9,12.0,12.56,6.19,257.51,229.49
2025-10-04 12:00:00,26.96,86.61,68,8,12.0,13.22,7.21,239.76,259.88
2025-10-04 13:00:00,23.68,69.42,59,10,12.0,10.81,6.26,270.37,238.48
2025-10-04 14:00:00,27.01,66.52,53,8,12.0,8.9,5.92,268.59,227.34
2025-10-04 15:00:00,28.93,75.2,56,9,12.0,11.65,6.5,200.87,255.38
2025-10-04 16:00:00,27.25,73.08,62,8,12.0,9.12,5.9,187.75,256.58
2025-10-04 17:00:00,35.32,69.16,56,7,12.0,2.49,5.61,288.69,221.25
2025-10-04 18:00:00,29.33,72.66,70,13,12.0,0.24,6.07,239.9,297.72
2025-10-04 19:00:00,30.19,62.83,64,11,12.0,2.48,5.94,247.21,264.62
2025-10-04 20:00:00,29.55,82.21,14,5,7.6,0.58,6.02,199.19,171.82
2025-10-04 21:00:00,36.36,72.4,3,4,8.2,0.97,5.84,182.47,170.0
2025-10-04 22:00:00,32.85,78.12,9,4,9.9,0.17,5.79,146.59,166.64
2025-10-04 23:00:00,28.49,67.96,14,5,12.0,0.0,5.94,154.78,187.85
2025-10-05 00:00:00,32.77,71.58,3,1,3.1,0.77,6.54,178.51,176.68
2025-10-05 01:00:00,29.54,72.31,20,6,10.0,3.73,6.71,162.81,183.61
2025-10-05 02:00:00,28.64,79.45,2,4,4.4,0.0,7.07,174.18,173.82
2025-10-05 03:00:00,26.1,81.45,5,3,10.0,1.73,6.92,153.04,184.9
2025-10-05 04:00:00,24.13,76.06,6,2,7.2,0.36,7.64,202.53,172.33
2025-10-05 05:00:00,26.02,62.76,16,2,12.0,0.0,6.81,172.51,206.52
2025-10-05 06:00:00,23.17,87.84,4,3,7.7,1.79,7.45,179.56,178.53
2025-10-05 07:00:00,28.68,75.42,0,5,4.8,5.18,6.95,212.51,174.89
2025-10-05 08:00:00,20.83,72.76,64,8,12.0,8.16,7.11,259.89,268.35
2025-10-05 09:00:00,27.98,74.86,51,10,12.0,13.4,6.74,241.97,264.64
2025-10-05 10:00:00,24.26,64.04,46,7,12.0,15.8,6.77,245.38,219.54
2025-10-05 11:00:00,25.92,80.84,49,7,12.0,13.63,6.33,216.41,238.82
2025-10-05 12:00:00,28.08,61.64,69,9,12.0,13.79,6.15,257.49,259.28
2025-10-05 13:00:00,25.39,72.28,50,7,12.0,10.67,6.63,240.65,213.83
2025-10-05 14:00:00,30.16,72.2,54,9,12.0,15.19,5.61,228.29,264.03
2025-10-05 15:00:00,22.27,83.29,51,9,12.0,9.75,6.16,258.16,224.12
2025-10-05 16:00:00,28.2,72.61,45,8,12.0,5.78,6.11,270.0,243.59
2025-10-05 17:00:00,28.52,76.08,49,7,12.0,1.76,5.98,216.4,241.52
2025-10-05 18:00:00,28.33,71.57,45,6,12.0,0.0,5.69,286.47,215.27
2025-10-05 19:00:00,31.33,69.45,63,10,12.0,3.52,5.35,252.45,255.51
2025-10-05 20:00:00,32.96,69.12,11,3,10.5,1.8,5.27,176.43,179.88
2025-10-05 21:00:00,33.62,66.74,30,6,12.0,0.0,5.52,169.2,222.4
2025-10-05 22:00:00,32.07,57.35,4,2,8.7,0.0,5.69,159.2,157.11
2025-10-05 23:00:00,29.16,65.81,3,2,5.0,0.24,6.39,186.68,133.53
2025-10-06 00:00:00,30.92,71.67,22,5,10.3,0.0,6.0,174.28,207.91
2025-10-06 01:00:00,29.35,69.31,18,5,10.0,0.0,6.63,181.84,158.25
2025-10-06 02:00:00,30.34,69.27,13,5,7.4,3.11,6.91,164.25,187.59
2025-10-06 03:00:00,28.91,69.1,1,2,4.2,2.14,6.96,187.86,164.41
2025-10-06 04:00:00,26.08,67.3,24,6,12.0,0.0,7.1,175.92,186.69
2025-10-06 05:00:00,22.93,72.1,9,6,6.3,0.0,7.72,207.16,178.23
2025-10-06 06:00:00,22.9,73.42,7,4,7.5,0.49,7.47,178.15,163.32
2025-10-06 07:00:00,22.76,75.7,19,6,9.3,5.88,7.52,175.78,191.5
2025-10-06 08:00:00,23.21,78.11,55,8,12.0,5.36,7.06,268.6,258.47
2025-10-06 09:00:00,24.81,72.97,46,6,12.0,10.64,7.34,255.76,208.5
2025-10-06 10:00:00,26.32,65.97,55,8,12.0,11.21,7.01,215.35,239.57
2025-10-06 11:00:00,25.04,64.28,49,8,12.0,17.03,6.78,239.89,222.66
2025-10-06 12:00:00,26.04,91.55,31,7,12.0,15.24,6.36,255.6,178.4
2025-10-06 13:00:00,27.32,64.57,48,7,12.0,13.14,6.38,218.25,228.73
2025-10-06 14:00:00,26.71,69.27,51,8,12.0,9.14,6.84,257.27,251.29
2025-10-06 15:00:00,26.72,76.51,46,9,12.0,7.78,6.15,235.86,236.07
2025-10-06 16:00:00,25.61,76.2,60,10,12.0,1.95,6.41,253.96,253.58
2025-10-06 17:00:00,29.09,74.88,49,8,12.0,4.17,5.07,240.1,240.92
2025-10-06 18:00:00,32.65,65.65,59,9,12.0,1.33,5.73,207.78,248.32
2025-10-06 19:00:00,30.11,72.2,45,6,12.0,1.43,6.01,252.83,213.33
2025-10-06 20:00:00,31.41,70.05,17,2,10.6,0.0,5.94,185.95,180.93
2025-10-06 21:00:00,33.03,66.29,0,1,2.1,2.56,6.11,220.7,137.17
2025-10-06 22:00:00,32.77,70.38,0,2,4.0,3.17,5.96,159.08,146.56
2025-10-06 23:00:00,28.13,79.3,20,6,12.0,0.0,6.72,133.79,188.56
2025-10-07 00:00:00,32.49,68.7,3,4,3.0,2.36,5.94,210.77,138.1
2025-10-07 01:00:00,31.85,69.19,24,7,11.6,0.28,6.65,160.75,203.23
2025-10-07 02:00:00,25.18,81.45,15,6,8.5,0.0,6.94,186.11,177.24
2025-10-07 03:00:00,24.91,80.9,16,4,7.3,2.46,6.87,171.68,152.97
2025-10-07 04:00:00,28.98,82.4,18,4,12.0,0.0,7.2,189.24,206.48
2025-10-07 05:00:00,24.8,61.94,11,6,9.4,0.0,6.59,184.14,168.68
2025-10-07 06:00:00,18.99,84.65,11,2,12.0,0.0,6.85,162.1,151.77
2025-10-07 07:00:00,20.64,81.37,20,3,10.0,3.17,7.72,190.67,177.28
2025-10-07 08:00:00,23.38,69.04,56,8,12.0,3.71,7.28,271.87,238.34
2025-10-07 09:00:00,21.23,78.5,49,7,12.0,10.88,6.93,208.31,206.61
2025-10-07 10:00:00,23.5,82.51,60,9,12.0,10.56,7.24,245.84,233.04
2025-10-07 11:00:00,25.25,68.12,38,5,12.0,10.9,7.19,215.38,213.27
2025-10-07 12:00:00,29.66,73.94,66,10,12.0,15.3,7.13,180.19,258.81
2025-10-07 13:00:00,26.24,79.33,66,9,12.0,12.66,5.63,226.69,232.27
2025-10-07 14:00:00,30.68,62.63,65,12,12.0,14.24,6.58,258.98,282.63
2025-10-07 15:00:00,32.61,67.78,64,8,12.0,10.82,5.53,232.69,242.86
2025-10-07 16:00:00,33.59,70.2,54,8,12.0,6.6,5.91,251.44,250.68
2025-10-07 17:00:00,31.54,63.95,54,8,12.0,5.82,5.94,243.82,238.78
2025-10-07 18:00:00,26.56,66.86,45,8,12.0,0.84,6.26,243.06,226.89
2025-10-07 19:00:00,33.02,67.54,69,12,12.0,0.0,5.89,213.97,282.33
2025-10-07 20:00:00,34.62,72.98,6,3,8.0,1.02,5.9,177.92,147.87
2025-10-07 21:00:00,31.66,73.94,13,3,4.3,1.09,5.64,137.87,188.34
2025-10-07 22:00:00,35.83,60.49,12,4,5.4,0.0,5.51,146.1,164.81
2025-10-07 23:00:00,32.98,73.08,0,3,0.7,4.72,5.99,197.74,151.19
2025-10-08 00:00:00,31.42,63.75,0,2,4.2,0.14,6.99,140.41,139.93
2025-10-08 01:00:00,31.75,58.1,10,4,5.7,0.18,6.72,196.7,160.49
2025-10-08 02:00:00,28.83,68.85,6,4,10.5,0.0,7.48,172.64,195.11
2025-10-08 03:00:00,20.73,84.95,9,1,8.1,0.26,6.81,150.78,172.82
2025-10-08 04:00:00,24.75,78.87,19,4,12.0,0.34,7.47,202.98,200.23
2025-10-08 05:00:00,28.16,71.87,12,4,7.0,0.0,7.33,175.78,191.44
2025-10-08 06:00:00,22.52,72.92,16,3,8.4,0.0,7.75,148.98,162.55
2025-10-08 07:00:00,23.58,72.37,14,3,12.0,1.82,7.19,177.09,188.64
2025-10-08 08:00:00,21.39,77.39,52,9,12.0,6.41,7.15,241.35,250.67
2025-10-08 09:00:00,28.6,64.1,47,8,12.0,10.33,7.49,220.56,244.8
2025-10-08 10:00:00,28.74,69.05,57,10,12.0,11.68,6.17,232.31,274.07
2025-10-08 11:00:00,22.96,74.02,56,8,12.0,14.13,6.66,221.58,205.96
2025-10-08 12:00:00,26.37,63.68,62,7,12.0,15.35,5.92,256.65,234.4
2025-10-08 13:00:00,25.26,68.05,54,10,12.0,14.61,6.28,237.15,253.88
2025-10-08 14:00:00,29.54,73.8,53,7,12.0,12.85,5.95,278.44,216.88
2025-10-08 15:00:00,30.31,70.45,53,7,12.0,10.47,6.15,246.87,239.92
2025-10-08 16:00:00,32.03,67.02,48,6,12.0,7.58,5.97,248.82,219.64
2025-10-08 17:00:00,31.66,63.06,67,12,12.0,3.33,5.63,243.34,274.15
2025-10-08 18:00:00,38.8,75.48,64,10,12.0,0.0,5.36,230.92,264.73
2025-10-08 19:00:00,29.29,65.23,45,8,12.0,0.0,5.75,285.46,257.08
2025-10-08 20:00:00,27.72,73.95,16,5,11.6,1.31,6.26,150.01,166.98
2025-10-08 21:00:00,30.88,66.57,0,2,2.4,1.29,5.59,185.95,133.48
2025-10-08 22:00:00,27.54,72.57,18,6,8.3,1.02,5.57,168.43,178.33
2025-10-08 23:00:00,27.1,75.84,4,1,2.0,0.0,5.65,143.18,147.91
2025-10-09 00:00:00,27.5,62.76,13,2,9.0,0.0,5.96,152.7,166.86
2025-10-09 01:00:00,26.73,72.84,0,1,4.1,0.0,6.7,163.71,121.08
2025-10-09 02:00:00,25.61,82.01,0,3,6.0,0.0,6.41,197.82,144.09
2025-10-09 03:00:00,28.26,84.15,14,4,8.5,1.79,6.93,175.18,158.26
2025-10-09 04:00:00,24.73,73.38,4,2,8.3,0.0,7.35,196.51,161.23
2025-10-09 05:00:00,24.72,74.59,3,2,7.4,4.04,6.53,188.46,173.92
2025-10-09 06:00:00,26.77,88.34,21,6,10.9,4.15,7.65,163.75,202.96
2025-10-09 07:00:00,22.22,83.99,28,4,12.0,3.72,7.77,186.21,204.94
2025-10-09 08:00:00,23.34,70.94,62,10,12.0,7.81,7.85,244.75,275.44
2025-10-09 09:00:00,25.05,69.73,46,6,12.0,11.6,7.58,244.4,216.13
2025-10-09 10:00:00,19.68,84.52,69,12,12.0,10.61,7.74,275.82,281.45
2025-10-09 11:00:00,19.21,71.08,43,8,12.0,14.66,6.79,205.9,233.14
2025-10-09 12:00:00,26.87,80.41,53,6,12.0,16.64,6.78,239.66,204.05
2025-10-09 13:00:00,28.19,74.2,55,8,12.0,9.92,6.21,254.7,253.16
2025-10-09 14:00:00,33.16,72.01,70,7,12.0,9.24,6.33,224.81,243.83
2025-10-09 15:00:00,29.43,69.2,62,11,12.0,11.4,5.98,251.45,246.37
2025-10-09 16:00:00,32.05,64.76,51,11,12.0,6.46,5.23,218.98,260.71
2025-10-09 17:00:00,30.34,80.6,47,4,12.0,2.85,5.2,268.57,220.77
2025-10-09 18:00:00,32.21,67.33,63,7,12.0,0.0,6.33,259.01,249.5
2025-10-09 19:00:00,36.03,63.5,51,8,12.0,0.0,5.78,256.83,275.55
2025-10-09 20:00:00,26.69,72.36,12,3,12.0,0.0,6.3,170.99,164.32
2025-10-09 21:00:00,32.9,69.92,0,1,7.7,0.0,5.74,131.74,160.37
2025-10-09 22:00:00,36.8,58.62,15,1,12.0,2.62,5.79,178.46,175.6
2025-10-09 23:00:00,31.53,65.57,14,4,10.7,0.27,6.26,145.31,189.41
2025-10-10 00:00:00,34.13,63.39,0,3,5.8,0.21,6.77,165.27,166.26
2025-10-10 01:00:00,27.46,78.29,18,8,7.9,1.33,7.19,121.63,199.59
2025-10-10 02:00:00,27.92,65.85,14,6,7.4,5.58,6.97,148.97,164.85
2025-10-10 03:00:00,27.05,60.38,16,2,8.3,0.0,7.29,162.92,179.63
2025-10-10 04:00:00,20.46,63.51,7,3,7.6,0.0,7.14,150.05,150.57
2025-10-10 05:00:00,22.25,65.73,11,4,8.3,0.0,7.78,177.32,167.95
2025-10-10 06:00:00,21.79,85.88,11,2,10.5,0.0,7.81,206.2,179.35
2025-10-10 07:00:00,26.19,73.38,9,4,6.2,2.95,7.0,204.5,176.05
2025-10-10 08:00:00,26.18,76.78,56,10,12.0,8.75,7.33,273.75,249.03
2025-10-10 09:00:00,24.95,77.89,65,12,12.0,12.96,6.72,219.16,271.01
2025-10-10 10:00:00,26.6,73.38,64,11,12.0,8.99,7.19,282.11,268.95
2025-10-10 11:00:00,24.76,73.74,46,8,12.0,11.64,6.57,232.0,215.52
2025-10-10 12:00:00,29.0,78.61,63,9,12.0,14.73,6.22,214.91,243.38
2025-10-10 13:00:00,26.99,73.73,65,8,12.0,15.03,5.58,255.71,234.32
2025-10-10 14:00:00,28.14,81.69,54,9,12.0,13.75,6.48,241.17,238.04
2025-10-10 15:00:00,28.37,76.09,59,8,12.0,12.85,6.0,250.1,234.64
2025-10-10 16:00:00,31.71,65.08,59,9,12.0,8.46,5.9,262.9,251.39
2025-10-10 17:00:00,29.78,67.28,48,9,12.0,3.38,6.02,222.67,225.62
2025-10-10 18:00:00,33.91,62.77,52,10,12.0,2.12,5.43,253.85,248.76
2025-10-10 19:00:00,29.03,79.8,61,7,12.0,0.14,5.41,273.19,245.28
2025-10-10 20:00:00,29.25,68.29,6,2,9.8,0.55,6.0,165.64,159.12
2025-10-10 21:00:00,33.58,62.5,18,4,10.6,0.0,6.34,156.14,206.32
2025-10-10 22:00:00,31.24,71.97,20,5,12.0,0.31,6.29,179.63,209.09
2025-10-10 23:00:00,29.69,70.13,19,1,12.0,0.0,6.85,189.5,179.61
2025-10-11 00:00:00,32.23,71.1,26,3,12.0,2.07,6.7,162.2,186.96
2025-10-11 01:00:00,27.52,85.57,9,3,11.5,0.0,6.89,199.34,175.84
2025-10-11 02:00:00,27.5,78.74,11,4,10.2,0.0,7.19,166.02,198.57
2025-10-11 03:00:00,30.46,70.47,13,4,12.0,0.0,6.98,184.14,198.14
2025-10-11 04:00:00,29.85,60.85,10,4,9.9,0.0,6.76,156.67,174.28
2025-10-11 05:00:00,29.1,67.73,14,4,10.2,0.0,7.28,172.62,194.16
2025-10-11 06:00:00,23.83,79.9,0,4,5.6,0.43,7.55,182.04,157.34
2025-10-11 07:00:00,27.21,64.35,12,6,3.9,1.03,6.97,179.75,198.94
2025-10-11 08:00:00,21.63,91.45,44,6,12.0,6.11,6.7,247.71,220.73
2025-10-11 09:00:00,21.87,76.39,47,9,12.0,8.54,6.81,265.55,243.26
2025-10-11 10:00:00,18.66,78.88,61,10,12.0,8.6,7.37,265.62,262.38
2025-10-11 11:00:00,29.35,66.39,53,12,12.0,14.0,6.88,215.76,245.52
2025-10-11 12:00:00,23.84,78.39,61,8,12.0,13.56,6.46,242.36,235.59
2025-10-11 13:00:00,26.65,64.84,53,8,12.0,13.6,5.95,233.09,229.17
2025-10-11 14:00:00,25.72,88.75,64,8,12.0,13.78,6.2,239.4,249.53
2025-10-11 15:00:00,30.77,79.28,53,7,12.0,9.91,6.0,239.6,231.96
2025-10-11 16:00:00,29.06,78.15,39,7,12.0,6.33,5.97,252.8,203.92
2025-10-11 17:00:00,27.57,62.57,57,9,12.0,5.47,6.6,223.2,235.58
2025-10-11 18:00:00,32.57,70.24,38,7,12.0,0.0,5.87,242.69,239.85
2025-10-11 19:00:00,28.28,80.27,43,8,12.0,0.0,5.48,244.5,256.69
2025-10-11 20:00:00,29.91,74.82,3,2,2.9,1.34,5.32,148.9,145.8
2025-10-11 21:00:00,26.6,65.97,2,2,4.0,0.0,5.74,211.77,152.87
2025-10-11 22:00:00,27.9,67.52,6,1,8.5,2.33,5.94,209.58,156.84
2025-10-11 23:00:00,31.27,66.54,2,1,4.8,0.32,6.58,188.46,159.52
2025-10-12 00:00:00,25.09,69.81,0,2,8.4,3.14,6.28,193.65,157.19
2025-10-12 01:00:00,25.33,84.57,22,5,9.3,0.0,6.36,178.59,204.42
2025-10-12 02:00:00,27.99,58.56,5,4,6.1,1.9,7.09,196.07,172.55
2025-10-12 03:00:00,25.61,78.27,0,3,4.1,0.0,6.85,196.29,157.01
2025-10-12 04:00:00,30.98,60.87,7,5,7.4,2.56,7.39,182.07,180.75
2025-10-12 05:00:00,29.76,64.04,1,1,2.9,1.38,6.98,196.57,159.36
2025-10-12 06:00:00,22.37,61.88,3,2,4.9,0.0,7.13,150.77,156.15
2025-10-12 07:00:00,25.53,69.89,16,3,12.0,5.35,7.07,197.27,176.89
2025-10-12 08:00:00,25.87,84.06,51,10,12.0,4.47,7.34,227.79,275.34
2025-10-12 09:00:00,22.64,77.6,46,7,12.0,8.9,7.02,248.77,243.0
2025-10-12 10:00:00,20.8,68.65,59,11,12.0,10.42,6.47,264.42,256.26
2025-10-12 11:00:00,25.14,81.12,64,12,12.0,15.36,6.25,252.34,280.08
2025-10-12 12:00:00,25.57,82.32,59,10,12.0,16.5,6.39,229.38,258.95
2025-10-12 13:00:00,25.88,74.22,35,7,12.0,12.63,5.8,226.2,203.02
2025-10-12 14:00:00,29.11,85.47,46,8,12.0,9.58,5.96,248.99,212.13
2025-10-12 15:00:00,27.16,78.34,55,8,12.0,7.95,6.02,229.45,218.77
2025-10-12 16:00:00,27.12,77.39,53,8,12.0,7.18,5.39,207.67,251.27
2025-10-12 17:00:00,31.1,64.21,52,8,12.0,3.68,6.02,239.59,243.65
2025-10-12 18:00:00,32.43,73.29,47,10,12.0,0.0,6.18,242.39,247.68
2025-10-12 19:00:00,28.92,72.87,44,6,12.0,0.0,6.11,251.59,219.35
2025-10-12 20:00:00,34.32,71.21,26,5,12.0,3.26,6.04,154.65,208.39
2025-10-12 21:00:00,27.44,67.6,10,4,6.2,0.0,6.08,154.57,175.38
2025-10-12 22:00:00,30.02,71.48,15,3,11.7,0.0,6.18,148.88,174.86
2025-10-12 23:00:00,30.18,64.75,10,4,9.7,2.29,6.42,153.5,179.24
2025-10-13 00:00:00,28.41,56.68,10,1,8.0,0.0,6.29,153.39,190.02
2025-10-13 01:00:00,27.62,79.25,10,5,10.0,1.02,6.7,212.68,202.65
2025-10-13 02:00:00,32.68,58.21,1,4,6.2,0.0,6.95,168.18,140.98
2025-10-13 03:00:00,24.84,74.96,0,2,6.3,1.01,7.29,151.71,127.62
2025-10-13 04:00:00,32.1,71.46,13,2,10.8,1.47,6.64,186.22,207.48
2025-10-13 05:00:00,26.26,75.5,12,5,9.3,0.0,7.35,163.84,198.16
2025-10-13 06:00:00,24.77,72.28,18,2,10.1,0.0,7.67,153.36,183.87
2025-10-13 07:00:00,25.33,75.77,16,2,9.4,1.81,7.06,179.43,183.64
2025-10-13 08:00:00,30.32,73.67,49,8,12.0,5.94,7.15,274.08,246.7
2025-10-13 09:00:00,21.65,81.59,64,12,12.0,13.1,6.41,246.1,253.1
2025-10-13 10:00:00,21.73,88.52,61,10,12.0,12.64,6.92,254.73,259.51
2025-10-13 11:00:00,23.28,76.94,61,8,12.0,17.42,6.19,282.72,235.17
2025-10-13 12:00:00,26.08,73.79,70,8,12.0,16.97,6.31,259.07,260.97
2025-10-13 13:00:00,22.65,69.4,70,10,12.0,15.78,6.28,200.07,244.18
2025-10-13 14:00:00,28.06,75.01,61,10,12.0,15.03,5.89,216.79,255.7
2025-10-13 15:00:00,33.27,72.98,60,9,12.0,12.22,5.88,219.12,255.3
2025-10-13 16:00:00,30.38,68.99,64,12,12.0,10.41,5.94,256.18,247.06
2025-10-13 17:00:00,30.1,74.34,50,8,12.0,4.71,5.71,246.21,251.99
2025-10-13 18:00:00,29.92,68.61,50,5,12.0,1.37,5.75,247.48,207.84
2025-10-13 19:00:00,34.11,72.42,60,9,12.0,1.32,5.07,225.24,274.61
2025-10-13 20:00:00,29.94,77.03,3,3,5.7,0.0,5.75,209.67,154.59
2025-10-13 21:00:00,36.48,72.35,15,4,9.4,1.69,5.16,177.72,191.86
2025-10-13 22:00:00,36.3,67.02,11,3,9.1,2.52,5.96,173.39,170.81
2025-10-13 23:00:00,31.47,62.29,3,2,7.6,0.0,6.94,176.95,153.38
2025-10-14 00:00:00,29.97,66.34,10,1,8.0,0.0,6.83,190.96,163.33
2025-10-14 01:00:00,31.61,73.64,20,5,12.0,0.0,6.21,198.18,187.71
2025-10-14 02:00:00,30.74,87.23,11,3,6.1,2.71,6.71,141.75,180.31
2025-10-14 03:00:00,24.95,71.75,11,4,10.6,0.0,7.0,128.65,175.03
2025-10-14 04:00:00,24.68,77.51,13,4,8.6,0.0,7.37,202.35,154.83
2025-10-14 05:00:00,21.87,72.4,14,6,9.0,0.0,7.57,204.61,208.46
2025-10-14 06:00:00,25.56,66.89,7,1,8.3,0.0,7.87,191.15,166.48
2025-10-14 07:00:00,25.8,68.8,13,2,10.5,2.2,6.94,190.49,178.98
2025-10-14 08:00:00,20.63,62.59,47,7,12.0,4.2,7.27,245.85,219.95
2025-10-14 09:00:00,23.0,84.98,49,7,12.0,11.11,6.45,254.0,231.91
2025-10-14 10:00:00,21.17,61.17,50,7,12.0,11.75,7.04,257.82,231.28
2025-10-14 11:00:00,22.92,73.71,59,11,12.0,14.59,6.88,238.89,231.06
2025-10-14 12:00:00,27.38,64.19,56,9,12.0,9.41,6.51,260.13,252.49
2025-10-14 13:00:00,25.13,67.82,54,11,12.0,15.67,6.52,245.29,226.58
2025-10-14 14:00:00,27.25,82.16,61,9,12.0,11.96,5.8,257.56,229.93
2025-10-14 15:00:00,24.97,75.53,58,7,12.0,10.9,5.47,249.85,217.25
2025-10-14 16:00:00,30.47,63.51,53,7,12.0,10.04,5.47,246.91,254.18
2025-10-14 17:00:00,30.72,65.97,47,9,12.0,4.36,5.86,256.6,244.49
2025-10-14 18:00:00,29.64,65.49,48,6,12.0,4.22,6.16,226.99,223.44
2025-10-14 19:00:00,31.39,69.32,43,8,12.0,0.0,5.43,265.8,251.11
2025-10-14 20:00:00,32.45,70.09,11,3,10.6,0.0,5.57,151.43,160.85
2025-10-14 21:00:00,29.83,83.99,3,1,4.8,0.0,5.97,188.88,129.88
2025-10-14 22:00:00,27.77,58.74,6,5,8.1,0.63,7.31,164.61,154.67
2025-10-14 23:00:00,35.34,66.62,9,2,5.7,0.15,6.14,163.2,189.01
2025-10-15 00:00:00,28.42,69.5,18,3,8.2,0.0,6.84,163.16,189.47
2025-10-15 01:00:00,28.79,78.07,17,4,11.8,4.35,6.64,186.9,178.33
2025-10-15 02:00:00,30.53,72.71,10,2,8.4,0.0,6.71,183.47,165.0
2025-10-15 03:00:00,35.79,70.68,20,8,11.3,0.0,6.6,172.12,227.87
2025-10-15 04:00:00,22.89,77.99,0,4,6.7,1.36,7.09,158.52,141.7
2025-10-15 05:00:00,26.3,66.67,25,4,12.0,1.39,7.57,205.59,201.42
2025-10-15 06:00:00,22.77,84.14,16,3,9.3,0.0,7.0,173.44,167.38
2025-10-15 07:00:00,22.79,81.24,11,1,7.4,5.2,7.31,179.68,156.33
2025-10-15 08:00:00,22.2,82.47,48,8,12.0,5.1,6.89,226.91,246.39
2025-10-15 09:00:00,21.32,85.52,51,7,12.0,9.07,6.92,235.01,251.57
2025-10-15 10:00:00,24.43,77.42,60,9,12.0,12.91,6.37,219.62,228.55
2025-10-15 11:00:00,21.49,86.93,60,6,12.0,15.37,7.52,225.0,237.99
2025-10-15 12:00:00,28.37,74.39,60,9,12.0,13.55,6.61,260.73,257.81
2025-10-15 13:00:00,27.1,71.1,49,10,12.0,12.56,6.18,225.03,232.15
2025-10-15 14:00:00,29.06,71.21,48,8,12.0,12.04,6.55,221.1,221.77
2025-10-15 15:00:00,27.87,71.92,57,8,12.0,5.81,5.9,214.81,233.4
2025-10-15 16:00:00,29.08,67.61,61,9,12.0,6.44,5.97,252.43,226.97
2025-10-15 17:00:00,31.55,80.94,55,9,12.0,0.0,6.27,250.89,262.59
2025-10-15 18:00:00,28.55,73.69,67,13,12.0,0.0,6.22,219.33,267.91
2025-10-15 19:00:00,30.97,70.59,55,8,12.0,0.0,5.33,250.59,224.84
2025-10-15 20:00:00,29.85,73.42,10,1,8.9,1.06,5.81,166.39,159.17
2025-10-15 21:00:00,29.64,91.71,15,4,10.0,0.0,6.38,127.59,184.39
2025-10-15 22:00:00,26.19,65.35,20,5,12.0,2.48,5.72,150.49,193.6
2025-10-15 23:00:00,34.18,61.76,0,3,3.8,0.0,6.2,190.92,174.75
2025-10-16 00:00:00,28.28,62.14,1,3,4.7,0.0,6.4,193.44,149.07
2025-10-16 01:00:00,31.94,67.61,7,6,7.1,0.17,6.88,178.04,178.69
2025-10-16 02:00:00,30.67,71.85,35,5,12.0,0.98,7.18,168.18,218.89
2025-10-16 03:00:00,23.75,71.72,8,2,10.5,4.31,7.47,225.24,159.5
2025-10-16 04:00:00,23.28,71.53,9,1,5.6,0.0,7.22,131.88,145.53
2025-10-16 05:00:00,31.57,70.5,15,5,6.3,0.0,6.91,205.83,187.28
2025-10-16 06:00:00,28.91,67.85,18,3,8.4,3.99,7.18,162.37,176.7
2025-10-16 07:00:00,24.06,76.93,11,5,10.2,1.78,6.9,153.33,169.19
2025-10-16 08:00:00,24.64,82.15,64,9,12.0,7.88,6.95,247.57,283.0
2025-10-16 09:00:00,22.56,80.55,45,10,12.0,8.02,7.31,256.43,254.61
2025-10-16 10:00:00,25.62,79.84,49,6,12.0,9.34,6.4,228.16,205.42
2025-10-16 11:00:00,23.38,82.84,64,11,12.0,11.89,6.51,235.49,261.94
2025-10-16 12:00:00,20.92,78.94,55,10,12.0,17.96,6.81,265.24,230.87
2025-10-16 13:00:00,23.66,73.93,45,8,12.0,11.19,6.53,230.63,220.67
2025-10-16 14:00:00,28.05,66.56,44,6,12.0,11.53,5.82,220.5,195.24
2025-10-16 15:00:00,26.21,70.52,49,9,12.0,9.39,5.62,225.53,205.24
2025-10-16 16:00:00,29.83,67.05,55,9,12.0,8.83,6.36,227.55,241.07
2025-10-16 17:00:00,28.14,77.02,59,6,12.0,5.88,5.86,269.83,229.83
2025-10-16 18:00:00,29.51,73.37,52,11,12.0,0.22,5.42,260.64,243.53
2025-10-16 19:00:00,34.0,72.68,58,8,12.0,0.0,5.71,221.3,252.48
2025-10-16 20:00:00,32.62,60.64,7,5,4.9,0.0,6.19,158.98,171.02
2025-10-16 21:00:00,31.84,79.33,20,4,12.0,0.0,5.62,187.09,201.82
2025-10-16 22:00:00,33.66,65.05,30,7,12.0,2.32,5.78,195.11,204.72
2025-10-16 23:00:00,32.03,61.48,7,2,5.7,0.0,6.37,174.95,147.78
2025-10-17 00:00:00,33.62,64.99,14,4,10.1,3.37,6.03,145.76,186.69
2025-10-17 01:00:00,27.89,89.47,13,4,5.8,0.82,6.47,185.53,188.37
2025-10-17 02:00:00,26.93,70.04,11,3,8.5,2.27,6.75,208.34,167.59
2025-10-17 03:00:00,23.71,72.73,15,2,10.0,4.51,6.14,165.19,169.07
2025-10-17 04:00:00,24.93,72.81,14,1,12.0,0.0,7.22,155.66,160.03
2025-10-17 05:00:00,27.58,71.25,6,1,5.7,0.0,7.49,190.99,133.25
2025-10-17 06:00:00,27.79,66.68,21,6,12.0,0.37,7.98,173.75,238.66
2025-10-17 07:00:00,26.54,74.03,12,1,7.7,5.53,7.48,170.63,167.97
2025-10-17 08:00:00,19.51,85.47,52,6,12.0,5.67,6.83,277.2,216.91
2025-10-17 09:00:00,26.84,75.01,70,8,12.0,9.97,6.91,249.83,239.78
2025-10-17 10:00:00,19.94,69.86,54,9,12.0,14.56,7.55,208.12,250.1
2025-10-17 11:00:00,27.42,70.0,57,7,12.0,15.76,6.87,264.85,225.59
2025-10-17 12:00:00,25.08,70.18,56,11,12.0,12.84,6.87,232.71,236.13
2025-10-17 13:00:00,28.72,71.87,54,10,12.0,14.07,6.09,214.7,233.84
2025-10-17 14:00:00,24.67,83.64,59,9,12.0,10.25,6.02,206.99,242.4
2025-10-17 15:00:00,31.96,68.18,48,8,12.0,7.0,5.91,208.1,242.4
2025-10-17 16:00:00,26.34,72.55,60,8,12.0,9.72,6.13,240.48,233.93
2025-10-17 17:00:00,29.16,83.63,41,6,12.0,0.0,5.58,230.25,206.29
2025-10-17 18:00:00,28.97,77.46,45,8,12.0,0.38,5.91,240.48,258.2
2025-10-17 19:00:00,27.48,76.38,70,12,12.0,0.0,5.73,248.17,268.68
2025-10-17 20:00:00,32.24,82.74,0,3,7.1,1.1,5.38,183.38,150.99
2025-10-17 21:00:00,36.38,69.56,0,1,7.4,0.0,5.93,197.58,134.95
2025-10-17 22:00:00,38.13,51.0,0,1,11.4,2.28,6.49,201.41,169.67
2025-10-17 23:00:00,31.07,75.68,24,3,12.0,0.0,6.3,146.13,209.08
2025-10-18 00:00:00,32.79,57.5,0,3,3.4,2.9,6.38,183.13,143.86
2025-10-18 01:00:00,29.62,74.03,2,1,4.7,0.44,7.21,188.43,132.55
2025-10-18 02:00:00,29.25,59.13,0,1,4.7,0.0,7.04,165.46,147.03
2025-10-18 03:00:00,26.11,70.06,8,1,10.8,1.09,6.58,168.43,192.07
2025-10-18 04:00:00,26.49,70.51,7,1,8.9,0.84,7.09,158.42,160.05
2025-10-18 05:00:00,26.52,67.65,6,5,4.4,0.0,7.37,132.09,205.04
2025-10-18 06:00:00,23.09,73.0,25,6,12.0,0.0,7.38,230.97,205.78
2025-10-18 07:00:00,23.94,82.07,0,1,2.1,5.34,7.45,166.41,118.2
2025-10-18 08:00:00,23.85,69.9,54,8,12.0,5.07,7.14,216.29,244.94
2025-10-18 09:00:00,26.2,77.07,58,11,12.0,8.18,6.99,238.42,245.41
2025-10-18 10:00:00,21.87,69.53,47,8,12.0,13.18,6.9,248.8,219.43
2025-10-18 11:00:00,25.04,72.74,59,12,12.0,13.1,6.99,230.19,266.99
2025-10-18 12:00:00,30.78,72.32,52,8,12.0,10.07,6.26,233.57,241.41
2025-10-18 13:00:00,29.87,63.71,58,8,12.0,11.6,6.27,238.9,261.71
2025-10-18 14:00:00,31.37,60.46,54,7,12.0,12.94,6.19,252.46,232.09
2025-10-18 15:00:00,29.1,74.68,39,7,12.0,9.36,5.75,239.15,200.17
2025-10-18 16:00:00,30.8,77.9,65,11,12.0,6.8,5.97,235.81,272.41
2025-10-18 17:00:00,33.33,67.71,70,11,12.0,4.15,5.85,207.5,279.48
2025-10-18 18:00:00,35.36,63.64,54,8,12.0,0.91,4.98,258.46,253.01
2025-10-18 19:00:00,26.98,73.8,48,10,12.0,0.23,5.74,260.6,227.86
2025-10-18 20:00:00,28.71,71.89,22,5,12.0,0.0,6.3,155.43,199.97
2025-10-18 21:00:00,35.14,68.7,25,5,8.5,0.0,6.46,133.07,222.39
2025-10-18 22:00:00,30.77,52.36,9,2,9.2,0.0,6.34,175.48,151.93
2025-10-18 23:00:00,29.15,63.71,8,3,8.4,0.06,6.74,209.0,147.2
2025-10-19 00:00:00,26.86,66.88,9,4,11.5,2.14,6.45,149.54,158.81
2025-10-19 01:00:00,27.65,73.3,0,1,4.5,0.0,6.91,135.12,147.6
2025-10-19 02:00:00,24.49,75.76,8,1,7.1,0.14,6.96,150.85,140.71
2025-10-19 03:00:00,32.19,73.52,24,4,11.8,0.95,7.3,195.2,219.32
2025-10-19 04:00:00,25.94,75.24,9,3,8.9,0.0,7.84,159.36,184.39
2025-10-19 05:00:00,25.03,64.98,2,4,4.3,0.0,7.62,203.23,167.83
2025-10-19 06:00:00,26.01,83.52,14,2,7.6,0.0,7.18,208.03,211.55
2025-10-19 07:00:00,26.54,81.92,5,3,5.3,3.55,7.83,121.69,144.92
2025-10-19 08:00:00,26.36,64.34,54,8,12.0,5.76,7.28,244.91,233.9
2025-10-19 09:00:00,26.82,75.15,45,7,12.0,6.04,7.29,249.3,255.25
2025-10-19 10:00:00,22.96,71.36,47,10,12.0,10.53,6.82,215.74,246.31
2025-10-19 11:00:00,24.43,75.47,61,9,12.0,10.92,6.97,268.26,268.47
2025-10-19 12:00:00,27.92,79.43,56,7,12.0,15.5,6.64,247.13,215.76
2025-10-19 13:00:00,25.65,88.56,49,9,12.0,10.55,6.69,262.98,222.52
2025-10-19 14:00:00,27.99,77.27,56,10,12.0,14.97,5.92,231.53,257.92
2025-10-19 15:00:00,30.03,72.64,50,6,12.0,14.22,6.27,204.71,224.29
2025-10-19 16:00:00,31.96,66.85,49,6,12.0,5.52,4.95,280.3,246.66
2025-10-19 17:00:00,26.38,74.41,64,10,12.0,2.4,5.51,282.46,254.67
2025-10-19 18:00:00,33.25,77.84,61,9,12.0,1.89,5.23,245.11,261.15
2025-10-19 19:00:00,31.28,69.39,55,8,12.0,2.17,5.85,224.02,277.08
2025-10-19 20:00:00,33.77,61.76,11,5,10.5,0.0,6.14,205.07,174.5
2025-10-19 21:00:00,33.81,56.6,10,2,10.7,0.0,5.93,220.02,183.82
2025-10-19 22:00:00,35.48,70.35,14,4,10.7,0.0,6.57,152.37,176.48
2025-10-19 23:00:00,34.21,69.38,4,4,10.0,0.0,6.02,144.64,169.27
2025-10-20 00:00:00,33.37,63.72,17,4,11.5,1.82,6.01,163.16,201.06
2025-10-20 01:00:00,32.64,75.93,13,1,12.0,0.31,6.96,150.25,165.87
2025-10-20 02:00:00,28.73,68.54,8,2,6.5,0.0,7.31,137.54,175.46
2025-10-20 03:00:00,27.05,71.73,6,3,5.8,0.13,7.1,223.61,160.73
2025-10-20 04:00:00,28.18,71.76,17,6,10.6,0.0,7.83,188.96,191.57
2025-10-20 05:00:00,27.0,70.24,9,2,8.1,5.01,7.45,170.84,164.94
2025-10-20 06:00:00,23.76,76.62,4,5,5.8,0.0,7.44,212.77,159.76
2025-10-20 07:00:00,25.15,82.06,7,1,8.5,5.1,7.12,163.45,149.55
2025-10-20 08:00:00,23.91,66.86,61,10,12.0,7.87,6.74,226.85,252.68
2025-10-20 09:00:00,22.0,79.62,42,7,12.0,9.6,6.97,253.83,202.79
2025-10-20 10:00:00,27.76,73.37,52,10,12.0,13.0,7.45,246.35,227.78
2025-10-20 11:00:00,25.31,74.96,64,7,12.0,13.94,6.77,274.83,218.55
2025-10-20 12:00:00,31.12,75.92,54,9,12.0,18.97,6.36,214.47,247.59
2025-10-20 13:00:00,22.9,75.91,57,8,12.0,13.33,5.98,228.27,234.76
2025-10-20 14:00:00,26.61,76.34,64,12,12.0,6.91,6.29,255.11,254.98
2025-10-20 15:00:00,29.12,76.23,62,8,12.0,14.28,5.54,226.66,239.33
2025-10-20 16:00:00,32.84,65.08,51,9,12.0,5.98,5.93,251.09,259.73
2025-10-20 17:00:00,31.83,71.42,54,7,12.0,3.8,5.57,251.69,231.04
2025-10-20 18:00:00,32.24,67.28,62,10,12.0,0.0,5.61,265.11,260.2
2025-10-20 19:00:00,29.05,70.34,63,9,12.0,0.0,5.95,284.37,280.18
2025-10-20 20:00:00,29.11,68.97,9,3,6.0,0.0,5.47,174.13,158.81
2025-10-20 21:00:00,32.67,72.03,10,1,12.0,0.0,5.94,179.02,179.54
2025-10-20 22:00:00,28.05,72.53,12,4,7.8,0.0,5.57,175.06,175.64
2025-10-20 23:00:00,29.5,73.71,21,3,12.0,1.03,6.25,168.96,194.34
2025-10-21 00:00:00,31.25,69.6,19,3,12.0,0.0,6.67,206.0,183.6
2025-10-21 01:00:00,26.58,61.77,16,2,9.7,1.01,6.98,161.52,161.53
2025-10-21 02:00:00,32.01,69.41,1,1,4.6,4.64,7.3,178.81,158.17
2025-10-21 03:00:00,30.02,71.03,8,4,9.7,0.57,7.3,163.66,188.84
2025-10-21 04:00:00,22.07,77.85,8,4,8.2,0.0,7.05,194.09,170.8
2025-10-21 05:00:00,22.84,71.46,21,6,12.0,0.81,6.64,171.11,202.55
2025-10-21 06:00:00,18.82,70.06,8,1,7.6,1.92,7.65,161.22,140.53
2025-10-21 07:00:00,22.18,80.45,20,5,10.9,6.23,7.09,146.89,173.87
2025-10-21 08:00:00,25.92,71.54,50,7,12.0,7.38,6.69,252.51,228.96
2025-10-21 09:00:00,23.1,76.63,51,10,12.0,11.11,7.72,203.14,241.17
2025-10-21 10:00:00,25.69,71.65,59,10,12.0,13.82,6.88,225.4,244.64
2025-10-21 11:00:00,21.37,76.6,68,9,12.0,14.73,6.88,211.38,268.54
2025-10-21 12:00:00,27.99,68.86,53,10,12.0,14.64,6.58,248.25,260.09
2025-10-21 13:00:00,25.58,66.92,34,7,12.0,12.25,6.29,236.05,212.47
2025-10-21 14:00:00,28.03,75.29,42,5,12.0,14.03,5.96,254.79,220.11
2025-10-21 15:00:00,28.8,67.22,57,6,12.0,8.83,5.73,239.6,215.27
2025-10-21 16:00:00,26.82,73.97,43,5,12.0,12.2,6.59,255.27,213.4
2025-10-21 17:00:00,27.95,74.91,48,10,12.0,2.34,5.22,219.06,236.29
2025-10-21 18:00:00,33.88,63.77,55,7,12.0,1.61,5.55,258.93,238.5
2025-10-21 19:00:00,32.86,60.17,35,9,12.0,0.0,5.42,273.5,222.46
2025-10-21 20:00:00,34.63,84.35,7,1,6.2,0.0,5.99,160.64,153.74
2025-10-21 21:00:00,32.68,65.03,1,1,3.7,0.0,5.79,174.19,135.07
2025-10-21 22:00:00,31.82,73.69,0,3,1.2,0.0,5.93,175.42,135.18
2025-10-21 23:00:00,26.51,86.62,4,4,5.3,0.0,6.52,192.87,139.41
2025-10-22 00:00:00,29.32,76.6,1,3,5.2,0.72,7.18,179.91,135.53
2025-10-22 01:00:00,28.97,69.22,14,5,7.7,0.0,6.42,166.54,187.39
2025-10-22 02:00:00,32.88,68.11,20,3,9.5,2.39,6.36,152.49,158.51
2025-10-22 03:00:00,28.68,65.69,7,4,7.5,0.0,7.09,177.07,197.32
2025-10-22 04:00:00,29.84,76.88,5,3,6.6,1.39,7.49,164.7,162.75
2025-10-22 05:00:00,26.67,76.9,7,2,6.9,0.0,7.2,210.19,143.84
2025-10-22 06:00:00,22.76,72.07,1,2,2.8,2.26,7.52,139.18,147.82
2025-10-22 07:00:00,24.43,67.2,0,4,4.2,5.19,7.08,179.3,147.33
2025-10-22 08:00:00,24.59,65.14,42,8,12.0,9.03,8.03,228.88,219.02
2025-10-22 09:00:00,21.79,83.25,44,4,12.0,9.58,7.28,247.19,204.58
2025-10-22 10:00:00,23.57,75.94,68,11,12.0,14.78,6.73,240.53,261.44
2025-10-22 11:00:00,24.66,75.84,49,9,12.0,10.2,6.44,269.96,247.47
2025-10-22 12:00:00,30.01,64.83,31,5,12.0,14.89,6.59,264.07,166.89
2025-10-22 13:00:00,21.76,66.12,50,8,12.0,13.8,6.53,206.14,222.49
2025-10-22 14:00:00,31.01,76.63,42,7,12.0,13.79,5.64,214.96,237.46
2025-10-22 15:00:00,26.69,73.21,55,6,12.0,9.75,5.94,214.02,215.35
2025-10-22 16:00:00,26.57,79.35,55,8,12.0,5.03,6.07,215.79,245.54
2025-10-22 17:00:00,33.78,65.25,55,8,12.0,1.44,5.84,232.32,257.04
2025-10-22 18:00:00,33.29,66.64,55,8,12.0,0.0,5.92,244.2,272.12
2025-10-22 19:00:00,35.0,72.09,52,7,12.0,0.0,6.25,227.22,249.47
2025-10-22 20:00:00,34.0,72.93,0,3,4.6,1.71,4.72,153.43,153.93
2025-10-22 21:00:00,37.01,71.27,9,2,7.2,1.91,6.01,137.3,180.16
2025-10-22 22:00:00,32.86,66.53,18,6,12.0,0.1,5.28,138.83,204.66
2025-10-22 23:00:00,30.44,74.6,25,6,12.0,0.05,6.28,143.67,196.61
2025-10-23 00:00:00,30.86,77.76,8,5,8.1,2.13,6.95,138.04,168.7
2025-10-23 01:00:00,32.14,68.37,9,6,6.1,0.0,6.66,184.48,186.03
2025-10-23 02:00:00,26.05,69.77,14,6,11.2,0.0,6.57,150.27,201.2
2025-10-23 03:00:00,25.34,83.26,22,3,12.0,0.0,7.35,198.12,199.05
2025-10-23 04:00:00,25.23,69.36,6,3,4.5,1.76,7.24,168.99,145.12
2025-10-23 05:00:00,19.91,82.07,16,3,7.7,0.0,7.34,150.49,168.63
2025-10-23 06:00:00,24.88,73.77,3,7,6.6,2.27,8.06,149.41,159.16
2025-10-23 07:00:00,19.42,65.11,13,4,12.0,1.21,6.75,145.05,181.85
2025-10-23 08:00:00,24.13,82.61,63,12,12.0,6.02,6.97,223.63,296.98
2025-10-23 09:00:00,26.3,53.89,45,8,12.0,11.79,7.2,199.09,236.19
2025-10-23 10:00:00,23.34,61.37,51,4,12.0,12.78,7.33,258.36,192.36
2025-10-23 11:00:00,29.36,74.74,63,8,12.0,11.16,6.37,240.31,256.25
2025-10-23 12:00:00,22.35,79.65,60,8,12.0,15.85,6.36,171.88,233.41
2025-10-23 13:00:00,29.94,66.18,63,9,12.0,10.91,6.27,214.31,248.21
2025-10-23 14:00:00,29.69,71.85,62,10,12.0,13.78,6.05,239.5,227.78
2025-10-23 15:00:00,24.75,56.56,52,9,12.0,7.94,6.18,226.98,235.44
2025-10-23 16:00:00,36.78,70.8,70,6,12.0,9.42,5.79,247.55,270.76
2025-10-23 17:00:00,30.67,71.88,56,8,12.0,3.85,5.95,252.19,233.24
2025-10-23 18:00:00,29.27,70.79,31,5,12.0,0.69,5.28,270.03,188.86
2025-10-23 19:00:00,28.35,71.9,53,10,12.0,0.0,5.78,241.92,242.98
2025-10-23 20:00:00,31.45,73.04,6,4,4.8,0.18,5.82,149.46,177.9
2025-10-23 21:00:00,31.55,69.32,16,4,8.8,0.17,6.23,176.59,176.11
2025-10-23 22:00:00,31.72,56.28,6,3,9.6,1.41,6.98,200.49,156.77
2025-10-23 23:00:00,30.08,85.92,19,2,12.0,0.0,6.63,197.29,181.51
2025-10-24 00:00:00,31.58,77.9,14,5,9.2,2.92,6.25,154.8,192.88
2025-10-24 01:00:00,28.07,62.96,2,2,0.0,0.0,6.93,179.82,115.49
2025-10-24 02:00:00,23.16,72.97,9,2,6.4,1.72,6.88,204.07,151.65
2025-10-24 03:00:00,26.59,71.33,4,4,7.1,1.13,6.95,209.55,161.01
2025-10-24 04:00:00,20.08,85.1,11,4,9.6,2.47,7.01,147.27,168.43
2025-10-24 05:00:00,26.06,58.25,4,1,7.1,0.24,7.07,164.44,146.12
2025-10-24 06:00:00,22.09,72.65,11,2,6.2,0.66,6.9,163.41,143.7
2025-10-24 07:00:00,24.54,62.09,8,4,8.2,4.26,6.82,187.32,177.91
2025-10-24 08:00:00,27.29,70.5,54,9,12.0,4.57,7.42,293.22,234.85
2025-10-24 09:00:00,21.76,73.06,70,10,12.0,10.69,6.94,231.89,282.43
2025-10-24 10:00:00,27.19,73.13,52,6,12.0,18.66,6.96,200.42,230.58
2025-10-24 11:00:00,24.09,70.5,40,5,12.0,16.74,6.4,250.85,208.59
2025-10-24 12:00:00,30.38,65.07,63,8,12.0,12.44,6.7,242.17,253.92
2025-10-24 13:00:00,26.05,77.7,63,9,12.0,9.92,6.05,251.02,263.83
2025-10-24 14:00:00,25.9,76.65,39,7,12.0,12.23,5.63,234.2,213.08
2025-10-24 15:00:00,30.75,73.93,49,8,12.0,12.07,6.48,240.51,247.14
2025-10-24 16:00:00,28.91,70.12,58,9,12.0,6.92,5.88,275.99,254.96
2025-10-24 17:00:00,28.72,67.49,59,12,12.0,7.4,5.62,227.51,268.36
2025-10-24 18:00:00,30.27,69.58,55,10,12.0,0.0,5.63,192.48,243.06
2025-10-24 19:00:00,31.75,72.88,55,10,12.0,0.45,5.6,249.33,249.77
2025-10-24 20:00:00,35.36,51.61,2,3,4.4,0.0,5.98,176.7,152.21
2025-10-24 21:00:00,27.03,75.44,0,2,6.0,1.46,5.39,166.17,136.15
2025-10-24 22:00:00,31.52,71.7,26,6,12.0,1.6,5.47,150.21,211.63
2025-10-24 23:00:00,32.39,69.36,2,3,4.2,2.38,6.33,173.63,143.3
2025-10-25 00:00:00,30.48,69.22,11,5,10.0,0.0,5.89,190.97,187.53
2025-10-25 01:00:00,32.31,51.02,9,2,8.7,2.52,6.04,108.49,179.73
2025-10-25 02:00:00,27.81,69.05,17,5,9.3,0.69,7.22,148.51,172.86
2025-10-25 03:00:00,26.5,85.57,11,4,8.9,2.72,7.12,171.13,195.76
2025-10-25 04:00:00,27.48,72.45,11,1,7.8,3.0,7.26,172.64,195.48
2025-10-25 05:00:00,25.42,71.66,0,2,7.5,0.04,6.88,149.21,148.32
2025-10-25 06:00:00,23.56,75.23,3,1,4.8,0.0,7.79,149.37,171.46
2025-10-25 07:00:00,25.43,76.28,16,3,12.0,4.03,7.62,171.48,193.65
2025-10-25 08:00:00,22.37,80.55,60,9,12.0,8.98,6.72,230.14,245.91
2025-10-25 09:00:00,22.61,74.17,47,5,12.0,6.89,7.03,282.95,236.05
2025-10-25 10:00:00,23.22,78.32,42,7,12.0,11.13,6.76,227.24,246.12
2025-10-25 11:00:00,28.55,83.35,56,9,12.0,14.89,6.69,206.73,247.3
2025-10-25 12:00:00,18.0,86.04,32,7,12.0,8.82,6.88,257.02,187.99
2025-10-25 13:00:00,27.95,88.41,46,7,12.0,11.45,6.16,268.55,202.44
2025-10-25 14:00:00,28.09,67.34,69,11,12.0,10.9,6.44,215.76,268.43
2025-10-25 15:00:00,24.83,85.95,67,10,12.0,9.73,5.33,252.89,259.15
2025-10-25 16:00:00,30.77,64.52,59,8,12.0,6.36,5.59,241.65,271.3
2025-10-25 17:00:00,32.02,71.66,57,6,12.0,3.02,5.59,278.44,266.94
2025-10-25 18:00:00,32.94,73.67,39,7,12.0,0.0,5.51,247.14,222.0
2025-10-25 19:00:00,25.23,70.36,49,9,12.0,3.54,5.74,247.99,243.92
2025-10-25 20:00:00,35.42,67.42,8,2,9.7,0.0,5.86,144.83,159.21
2025-10-25 21:00:00,30.02,76.96,4,2,7.7,0.0,6.01,135.27,158.51
2025-10-25 22:00:00,33.18,63.4,7,3,9.3,2.27,6.41,207.65,171.19
2025-10-25 23:00:00,32.68,80.41,20,6,7.5,0.0,6.55,149.35,191.8
2025-10-26 00:00:00,27.81,62.44,6,3,5.3,0.0,5.97,190.93,157.75
2025-10-26 01:00:00,30.69,83.7,7,3,5.2,1.36,6.76,176.5,180.62
2025-10-26 02:00:00,27.04,79.68,16,4,8.2,0.0,6.69,165.86,201.01
2025-10-26 03:00:00,21.79,75.72,0,1,5.0,0.34,7.35,194.52,141.91
2025-10-26 04:00:00,28.92,68.54,3,1,3.2,0.0,7.65,200.5,156.35
2025-10-26 05:00:00,23.23,71.79,4,2,4.5,0.0,7.57,151.05,134.29
2025-10-26 06:00:00,22.4,74.97,10,4,8.3,0.0,7.97,164.44,182.59
2025-10-26 07:00:00,23.13,75.07,7,3,4.2,1.2,7.54,191.02,159.19
2025-10-26 08:00:00,24.68,83.11,52,10,12.0,13.94,7.54,250.81,251.08
2025-10-26 09:00:00,23.99,88.59,50,9,12.0,8.24,6.79,235.39,241.56
2025-10-26 10:00:00,25.91,74.86,46,9,12.0,9.2,6.89,245.86,230.28
2025-10-26 11:00:00,21.82,70.4,60,6,12.0,15.78,6.95,256.75,222.11
2025-10-26 12:00:00,24.14,70.88,52,11,12.0,14.53,6.6,182.65,235.65
2025-10-26 13:00:00,26.67,71.65,60,10,12.0,13.56,5.97,208.06,235.67
2025-10-26 14:00:00,32.74,61.47,46,8,12.0,11.15,5.78,266.31,238.85
2025-10-26 15:00:00,28.75,63.22,50,9,12.0,9.09,5.3,257.31,243.3
2025-10-26 16:00:00,32.71,83.38,53,8,12.0,6.41,5.94,272.23,246.77
2025-10-26 17:00:00,30.92,72.07,54,7,12.0,5.9,5.37,268.52,241.83
2025-10-26 18:00:00,30.25,64.59,61,11,12.0,0.0,5.94,225.06,265.33
2025-10-26 19:00:00,31.25,75.44,52,7,12.0,2.29,5.98,243.13,256.64
2025-10-26 20:00:00,31.58,61.25,16,2,12.0,0.0,5.88,162.59,181.05
2025-10-26 21:00:00,33.37,60.57,13,3,9.8,0.0,6.07,159.19,184.1
2025-10-26 22:00:00,34.9,61.55,9,3,7.2,0.0,6.46,168.44,185.56
2025-10-26 23:00:00,31.73,80.97,2,2,5.2,4.29,6.7,185.59,154.69
2025-10-27 00:00:00,32.97,66.75,16,4,8.1,0.03,5.72,160.92,201.45
2025-10-27 01:00:00,26.62,55.87,3,4,6.5,0.0,6.95,182.15,150.38
2025-10-27 02:00:00,26.96,81.2,10,4,9.7,3.72,7.07,197.7,196.72
2025-10-27 03:00:00,25.15,71.85,10,2,11.6,0.83,7.17,134.83,170.16
2025-10-27 04:00:00,26.79,59.9,8,2,10.4,1.05,7.36,153.42,162.68
2025-10-27 05:00:00,24.27,72.39,7,2,5.5,0.12,7.16,124.51,139.0
2025-10-27 06:00:00,26.36,76.79,3,2,6.5,0.0,6.46,187.47,167.99
2025-10-27 07:00:00,21.81,79.16,0,1,4.7,6.06,7.06,158.64,130.31
2025-10-27 08:00:00,24.11,87.31,66,8,12.0,4.17,6.55,252.4,264.63
2025-10-27 09:00:00,25.85,67.53,51,9,12.0,7.95,6.49,239.54,246.87
2025-10-27 10:00:00,19.37,78.37,54,8,12.0,10.57,7.27,239.13,226.05
2025-10-27 11:00:00,30.48,65.37,54,7,12.0,14.03,6.52,225.61,251.38
2025-10-27 12:00:00,25.29,63.1,64,10,12.0,13.97,6.59,233.8,256.93
2025-10-27 13:00:00,21.9,82.47,70,12,12.0,9.8,6.29,233.96,253.84
2025-10-27 14:00:00,28.4,74.97,56,8,12.0,16.76,6.57,235.73,217.88
2025-10-27 15:00:00,29.12,73.2,54,11,12.0,11.42,5.96,242.56,254.93
2025-10-27 16:00:00,29.8,73.73,46,11,12.0,6.02,5.6,248.7,236.56
2025-10-27 17:00:00,33.31,63.49,43,8,12.0,4.49,6.25,243.58,239.62
2025-10-27 18:00:00,33.33,61.23,41,6,12.0,0.89,5.53,263.98,219.09
2025-10-27 19:00:00,32.61,69.04,49,8,12.0,0.0,5.87,263.89,243.86
2025-10-27 20:00:00,33.13,76.54,0,1,2.1,0.79,5.98,171.0,145.47
2025-10-27 21:00:00,31.6,80.73,19,3,12.0,0.81,5.5,181.17,166.91
2025-10-27 22:00:00,35.9,72.04,13,1,8.6,2.18,6.42,189.0,192.25
2025-10-27 23:00:00,27.13,72.81,8,2,7.1,0.14,6.77,161.73,160.9
2025-10-28 00:00:00,30.35,72.24,19,2,11.0,0.64,6.1,202.43,158.76
2025-10-28 01:00:00,29.2,71.24,1,3,1.4,0.0,6.72,157.87,163.68
2025-10-28 02:00:00,30.03,63.4,3,1,3.1,0.0,7.37,205.28,161.7
2025-10-28 03:00:00,24.86,74.37,0,2,3.1,0.0,6.5,168.38,139.61
2025-10-28 04:00:00,21.64,67.11,16,5,11.8,0.0,7.41,158.46,204.64
2025-10-28 05:00:00,25.56,72.84,4,4,1.4,0.0,6.84,134.68,147.36
2025-10-28 06:00:00,25.24,85.39,10,3,9.6,0.0,7.19,160.86,175.66
2025-10-28 07:00:00,27.86,77.86,18,5,12.0,5.64,7.2,124.17,225.99
2025-10-28 08:00:00,20.82,70.56,66,10,12.0,6.24,6.78,259.89,267.88
2025-10-28 09:00:00,27.02,72.18,55,11,12.0,9.23,6.75,241.04,271.38
2025-10-28 10:00:00,30.45,64.44,58,10,12.0,11.54,6.87,231.18,269.6
2025-10-28 11:00:00,24.23,74.2,48,10,12.0,13.43,7.19,249.15,218.42
2025-10-28 12:00:00,22.77,82.95,68,8,12.0,17.4,6.67,249.99,247.67
2025-10-28 13:00:00,25.95,78.01,54,7,12.0,12.76,5.72,251.9,229.8
2025-10-28 14:00:00,28.04,89.36,56,10,12.0,13.25,6.26,219.13,259.34
2025-10-28 15:00:00,30.44,78.64,52,9,12.0,10.6,5.95,253.62,257.08
2025-10-28 16:00:00,28.52,73.06,65,10,12.0,7.12,5.59,235.47,271.62
2025-10-28 17:00:00,34.72,72.04,57,8,12.0,1.71,5.57,230.48,247.29
2025-10-28 18:00:00,28.68,70.11,61,11,12.0,1.05,5.87,223.64,242.7
2025-10-28 19:00:00,27.52,64.45,58,6,12.0,0.0,5.18,242.1,240.03
2025-10-28 20:00:00,34.77,76.4,8,4,3.3,0.0,5.58,138.97,161.03
2025-10-28 21:00:00,26.18,80.34,17,4,9.0,0.0,5.53,166.38,159.14
2025-10-28 22:00:00,30.95,68.24,13,3,9.2,0.0,5.82,189.77,164.06
2025-10-28 23:00:00,38.62,66.48,2,3,5.9,0.17,6.41,161.51,167.43
2025-10-29 00:00:00,29.97,79.31,2,2,2.3,2.78,6.52,171.54,147.06
2025-10-29 01:00:00,26.23,79.16,11,3,8.4,1.26,6.94,159.94,162.66
2025-10-29 02:00:00,27.86,61.86,17,4,10.8,0.34,6.11,165.43,186.61
2025-10-29 03:00:00,26.84,74.52,23,6,11.4,0.0,6.97,137.97,206.12
2025-10-29 04:00:00,26.4,71.95,0,2,3.9,0.0,7.16,202.69,152.04
2025-10-29 05:00:00,26.83,80.61,10,1,7.0,0.0,6.7,153.64,153.35
2025-10-29 06:00:00,21.94,83.46,14,2,10.8,0.0,7.06,176.57,166.28
2025-10-29 07:00:00,28.36,80.98,12,2,9.2,1.07,7.27,234.05,195.04
2025-10-29 08:00:00,24.61,66.55,63,10,12.0,9.34,7.31,267.62,259.27
2025-10-29 09:00:00,25.95,67.94,60,10,12.0,8.48,7.19,278.21,265.99
2025-10-29 10:00:00,22.97,83.32,47,10,12.0,11.07,6.21,267.93,219.74
2025-10-29 11:00:00,28.39,67.59,47,6,12.0,15.57,6.49,214.99,235.45
2025-10-29 12:00:00,25.36,63.2,57,11,12.0,8.72,5.96,249.86,263.61
2025-10-29 13:00:00,27.66,75.97,63,7,12.0,12.35,6.29,230.39,246.61
2025-10-29 14:00:00,25.67,69.8,56,9,12.0,9.93,5.95,252.65,229.78
2025-10-29 15:00:00,26.54,85.55,42,7,12.0,10.49,5.72,258.08,195.46
2025-10-29 16:00:00,31.72,71.47,47,8,12.0,8.11,6.92,267.81,261.02
2025-10-29 17:00:00,29.72,71.92,61,9,12.0,4.77,5.36,251.37,245.12
2025-10-29 18:00:00,29.33,68.48,52,8,12.0,3.02,5.69,239.38,218.78
2025-10-29 19:00:00,30.26,81.56,56,7,12.0,1.11,5.89,238.21,235.66
2025-10-29 20:00:00,33.75,70.49,19,6,7.4,0.5,5.93,155.91,194.42
2025-10-29 21:00:00,30.29,67.54,0,2,4.1,4.87,6.14,164.16,120.74
2025-10-29 22:00:00,31.17,64.22,7,3,6.1,0.0,6.22,166.2,152.51
2025-10-29 23:00:00,30.87,69.48,6,2,5.4,4.4,6.18,178.81,133.84
2025-10-30 00:00:00,25.21,67.11,13,3,8.2,3.48,6.5,153.36,180.39
2025-10-30 01:00:00,25.36,81.05,16,5,9.5,0.0,6.48,160.45,183.11
2025-10-30 02:00:00,28.84,58.75,0,4,2.1,0.0,6.64,178.86,133.65
2025-10-30 03:00:00,25.12,73.04,10,1,7.5,0.0,6.6,202.98,149.13
2025-10-30 04:00:00,28.64,75.82,17,2,8.9,0.0,7.47,151.25,177.3
2025-10-30 05:00:00,27.59,74.68,0,2,6.6,2.39,7.66,144.34,156.67
2025-10-30 06:00:00,26.33,68.15,9,3,8.8,0.0,7.09,162.03,162.98
2025-10-30 07:00:00,28.69,76.14,0,2,5.7,7.64,7.25,200.12,146.5
2025-10-30 08:00:00,23.79,68.74,50,8,12.0,7.0,7.75,254.98,232.95
2025-10-30 09:00:00,25.76,73.41,35,7,12.0,12.25,7.46,261.62,197.99
2025-10-30 10:00:00,23.07,80.01,66,9,12.0,9.67,7.21,222.33,246.87
2025-10-30 11:00:00,31.3,72.93,52,6,12.0,14.97,6.8,232.74,225.1
2025-10-30 12:00:00,30.96,65.2,49,7,12.0,14.77,6.28,263.67,215.08
2025-10-30 13:00:00,26.99,81.09,58,9,12.0,14.65,6.11,248.57,224.02
2025-10-30 14:00:00,28.97,71.93,47,6,12.0,10.74,6.18,226.69,213.07
2025-10-30 15:00:00,32.43,74.1,46,7,12.0,9.13,6.09,199.32,238.86
2025-10-30 16:00:00,29.63,81.56,67,10,12.0,4.53,5.47,264.47,261.81
2025-10-30 17:00:00,29.19,78.99,69,10,12.0,5.15,6.16,246.75,227.19
2025-10-30 18:00:00,33.65,75.89,50,8,12.0,2.69,6.19,226.34,255.39
2025-10-30 19:00:00,32.06,70.51,64,7,12.0,0.56,6.01,240.06,247.04
2025-10-30 20:00:00,32.46,74.44,13,2,7.5,0.0,6.33,193.06,184.11
2025-10-30 21:00:00,29.78,72.25,0,1,2.0,2.71,6.16,116.93,139.08
2025-10-30 22:00:00,27.17,64.12,3,4,5.2,0.24,6.2,153.28,145.84
2025-10-30 23:00:00,31.42,71.73,22,8,12.0,0.0,6.31,133.49,210.28
2025-10-31 00:00:00,32.26,70.81,0,1,7.2,0.0,6.39,180.1,138.83
2025-10-31 01:00:00,28.47,75.76,28,5,12.0,0.0,6.71,180.31,217.15
2025-10-31 02:00:00,31.59,68.59,5,2,4.4,0.0,6.54,133.86,179.33
2025-10-31 03:00:00,25.2,68.63,23,5,11.6,0.0,7.04,156.94,191.57
2025-10-31 04:00:00,23.36,79.84,8,2,9.2,0.0,6.78,180.74,156.94
2025-10-31 05:00:00,25.0,64.9,16,4,9.8,1.83,6.99,157.36,207.33
2025-10-31 06:00:00,24.33,84.78,21,6,10.2,2.37,7.73,169.17,202.21
2025-10-31 07:00:00,26.06,71.74,21,3,12.0,5.52,7.69,150.14,173.26
2025-10-31 08:00:00,22.06,77.87,50,8,12.0,3.73,6.9,231.31,223.21
2025-10-31 09:00:00,27.56,76.22,48,5,12.0,11.79,7.37,197.72,247.91
2025-10-31 10:00:00,29.45,75.12,54,8,12.0,11.17,6.69,251.37,252.34
2025-10-31 11:00:00,25.07,64.19,45,7,12.0,17.45,6.47,226.3,202.12
2025-10-31 12:00:00,29.12,76.98,57,8,12.0,14.52,6.99,217.21,247.85
2025-10-31 13:00:00,24.32,76.7,48,7,12.0,15.96,5.91,217.75,204.51
2025-10-31 14:00:00,30.69,65.67,64,9,12.0,13.24,5.47,210.44,227.97
2025-10-31 15:00:00,31.65,64.19,50,8,12.0,10.77,5.7,238.57,228.17
2025-10-31 16:00:00,32.16,66.75,41,7,12.0,6.26,5.6,267.47,220.86
2025-10-31 17:00:00,30.79,60.96,66,10,12.0,6.04,5.6,236.64,241.19
2025-10-31 18:00:00,24.08,86.8,56,9,12.0,1.86,5.1,250.89,222.54
2025-10-31 19:00:00,30.26,80.82,55,8,12.0,0.0,5.85,243.93,234.17
2025-10-31 20:00:00,30.44,73.46,19,6,11.5,0.0,6.47,186.35,191.9
2025-10-31 21:00:00,29.42,69.44,17,6,12.0,0.0,6.04,149.71,192.38
2025-10-31 22:00:00,31.77,67.98,4,1,5.3,1.64,6.02,140.86,128.83
2025-10-31 23:00:00,29.78,76.06,6,3,6.9,0.47,6.53,200.47,154.3
2025-11-01 00:00:00,27.94,84.35,1,1,5.4,0.58,6.53,139.65,143.62
2025-11-01 01:00:00,26.39,69.14,0,3,0.0,0.0,6.73,210.4,122.6
2025-11-01 02:00:00,26.21,65.43,15,4,11.3,2.92,6.87,182.17,190.21
2025-11-01 03:00:00,29.77,81.6,13,4,10.9,0.0,7.14,195.48,204.32
2025-11-01 04:00:00,24.35,62.05,16,5,11.3,1.56,7.05,155.84,197.33
2025-11-01 05:00:00,23.88,67.82,20,4,12.0,1.96,6.7,205.08,179.8
2025-11-01 06:00:00,23.39,73.5,16,6,12.0,0.0,7.95,198.65,210.44
2025-11-01 07:00:00,24.98,63.19,17,5,10.7,0.72,7.46,173.58,196.22
2025-11-01 08:00:00,25.14,81.79,38,8,12.0,7.77,6.95,216.62,243.55
2025-11-01 09:00:00,18.0,85.0,53,8,12.0,12.29,7.19,245.61,239.76
2025-11-01 10:00:00,27.09,68.61,63,9,12.0,15.67,6.5,248.69,261.13
2025-11-01 11:00:00,28.76,80.42,46,9,12.0,14.84,6.84,203.5,236.68
2025-11-01 12:00:00,23.37,85.38,56,10,12.0,12.77,6.76,249.59,258.86
2025-11-01 13:00:00,24.53,73.63,59,7,12.0,14.91,6.65,211.56,222.31
2025-11-01 14:00:00,26.87,69.63,59,9,12.0,13.13,6.3,223.07,230.76
2025-11-01 15:00:00,27.15,88.42,58,10,12.0,10.54,5.87,226.44,283.69
2025-11-01 16:00:00,30.56,75.26,60,9,12.0,5.23,6.17,225.54,234.66
2025-11-01 17:00:00,25.96,75.22,56,9,12.0,4.82,5.53,243.56,228.83
2025-11-01 18:00:00,28.67,81.08,43,7,12.0,0.94,5.8,219.24,238.12
2025-11-01 19:00:00,35.71,68.72,59,6,12.0,4.86,5.47,227.56,231.55
2025-11-01 20:00:00,29.68,67.29,12,1,9.9,0.18,5.89,201.15,173.6
2025-11-01 21:00:00,34.97,67.68,0,3,7.3,3.39,6.46,184.42,175.74
2025-11-01 22:00:00,32.35,76.22,21,4,11.1,2.78,6.37,122.59,213.37
2025-11-01 23:00:00,26.31,59.24,14,4,10.6,0.1,6.62,155.24,180.92
2025-11-02 00:00:00,31.59,67.47,0,2,1.1,2.47,6.89,148.42,132.52
2025-11-02 01:00:00,28.74,81.16,3,1,4.2,0.0,6.68,118.22,142.35
2025-11-02 02:00:00,26.86,69.21,5,2,3.8,0.0,6.59,193.62,171.08
2025-11-02 03:00:00,27.58,83.12,5,3,7.1,0.0,6.42,199.27,148.02
2025-11-02 04:00:00,27.19,82.47,12,4,6.8,0.0,6.81,201.34,193.75
2025-11-02 05:00:00,26.94,72.28,2,6,4.7,0.0,7.31,183.87,155.88
2025-11-02 06:00:00,27.48,68.38,19,4,11.5,3.6,6.59,206.05,196.97
2025-11-02 07:00:00,25.16,71.98,18,7,10.3,3.01,7.33,200.61,196.97
2025-11-02 08:00:00,20.56,95.0,60,8,12.0,8.57,7.37,238.65,248.08
2025-11-02 09:00:00,22.95,88.65,55,9,12.0,10.39,6.52,227.36,265.31
2025-11-02 10:00:00,31.89,70.15,62,10,12.0,11.58,7.21,260.39,267.27
2025-11-02 11:00:00,26.98,68.45,53,8,12.0,10.97,6.56,238.61,255.85
2025-11-02 12:00:00,31.92,70.07,49,8,12.0,12.17,5.93,262.65,233.56
2025-11-02 13:00:00,30.45,71.99,65,9,12.0,13.05,5.7,227.68,263.44
2025-11-02 14:00:00,28.6,62.87,58,10,12.0,11.18,6.08,225.56,250.28
2025-11-02 15:00:00,29.79,71.31,50,7,12.0,7.95,5.96,283.63,217.91
2025-11-02 16:00:00,29.91,79.92,52,9,12.0,5.63,5.8,232.45,229.94
2025-11-02 17:00:00,26.48,60.47,49,9,12.0,4.55,6.09,228.77,231.98
2025-11-02 18:00:00,31.51,75.33,70,12,12.0,1.75,5.72,249.62,279.71
2025-11-02 19:00:00,34.89,76.8,55,10,12.0,0.0,5.52,230.59,273.47
2025-11-02 20:00:00,30.5,66.33,11,4,11.1,0.0,5.7,168.7,156.02
2025-11-02 21:00:00,32.89,80.43,16,3,10.7,0.43,6.31,174.46,178.16
2025-11-02 22:00:00,33.59,63.25,0,1,5.5,0.0,5.71,217.6,154.94
2025-11-02 23:00:00,28.55,74.7,19,3,12.0,0.0,6.35,183.34,187.47
2025-11-03 00:00:00,28.87,69.24,5,1,8.6,1.84,6.57,137.72,136.95
2025-11-03 01:00:00,26.49,70.91,25,5,12.0,0.37,7.07,151.59,206.53
2025-11-03 02:00:00,25.94,69.12,7,2,8.7,0.0,6.94,180.11,172.68
2025-11-03 03:00:00,23.75,79.87,18,6,12.0,0.0,6.73,144.01,184.76
2025-11-03 04:00:00,23.75,80.92,0,1,2.6,0.0,7.26,197.5,150.76
2025-11-03 05:00:00,28.72,71.04,1,2,9.8,0.0,7.52,147.14,160.17
2025-11-03 06:00:00,22.25,66.51,8,3,9.9,0.0,7.35,202.43,164.1
2025-11-03 07:00:00,24.45,77.31,0,1,4.7,0.1,7.66,189.23,139.44
2025-11-03 08:00:00,22.74,78.63,60,11,12.0,2.89,6.74,240.36,277.25
2025-11-03 09:00:00,27.08,71.12,58,10,12.0,13.87,7.01,264.36,252.82
2025-11-03 10:00:00,27.81,85.2,47,9,12.0,9.39,6.9,271.93,251.53
2025-11-03 11:00:00,27.33,61.52,55,9,12.0,12.89,6.98,251.15,237.89
2025-11-03 12:00:00,26.77,57.34,61,8,12.0,14.12,6.81,230.91,246.66
2025-11-03 13:00:00,26.39,68.01,38,5,12.0,13.76,6.3,259.27,186.77
2025-11-03 14:00:00,25.02,79.06,45,8,12.0,13.37,5.97,251.02,228.58
2025-11-03 15:00:00,33.89,60.48,52,11,12.0,9.8,6.0,222.52,247.52
2025-11-03 16:00:00,28.1,65.06,55,9,12.0,6.09,5.41,230.03,253.63
2025-11-03 17:00:00,32.49,75.52,55,10,12.0,4.06,5.56,228.88,251.93
2025-11-03 18:00:00,34.11,70.96,62,9,12.0,0.42,5.9,287.38,264.73
2025-11-03 19:00:00,30.48,72.91,59,11,12.0,0.1,5.85,278.56,289.35
2025-11-03 20:00:00,34.6,72.85,16,3,12.0,1.28,5.58,152.1,192.77
2025-11-03 21:00:00,33.77,64.98,0,2,4.4,0.0,5.66,173.69,147.44
2025-11-03 22:00:00,35.78,63.9,11,3,11.3,0.0,5.82,152.91,167.17
2025-11-03 23:00:00,29.66,76.51,8,4,5.4,0.0,6.04,192.37,154.56
2025-11-04 00:00:00,26.79,63.44,22,6,12.0,0.0,6.55,123.99,208.25
2025-11-04 01:00:00,27.77,57.16,11,1,8.8,0.0,7.13,213.08,160.13
2025-11-04 02:00:00,28.52,68.6,5,5,6.3,2.11,7.36,170.89,167.59
2025-11-04 03:00:00,27.11,79.14,17,8,8.6,0.0,6.74,178.64,188.96
2025-11-04 04:00:00,25.02,75.88,15,3,10.7,0.0,7.31,151.47,188.25
2025-11-04 05:00:00,20.4,83.32,3,2,4.0,0.0,7.37,161.58,146.43
2025-11-04 06:00:00,25.71,59.49,7,5,6.2,1.34,7.37,168.45,179.77
2025-11-04 07:00:00,29.07,73.46,7,3,7.2,1.07,6.93,145.17,186.72
2025-11-04 08:00:00,25.16,78.56,65,10,12.0,7.01,6.93,278.98,273.78
2025-11-04 09:00:00,25.66,64.18,57,12,12.0,10.06,7.19,255.35,247.68
2025-11-04 10:00:00,25.97,79.46,61,7,12.0,13.97,6.77,251.85,225.74
2025-11-04 11:00:00,26.16,72.5,51,7,12.0,11.81,6.74,241.22,239.59
2025-11-04 12:00:00,28.33,93.27,58,10,12.0,11.39,6.15,243.61,255.42
2025-11-04 13:00:00,27.95,56.79,65,7,12.0,14.47,6.12,184.81,262.41
2025-11-04 14:00:00,27.22,82.13,52,8,12.0,9.33,5.63,220.74,232.5
2025-11-04 15:00:00,27.05,69.91,56,8,12.0,8.85,6.03,255.78,214.49
2025-11-04 16:00:00,29.38,59.72,44,9,12.0,6.52,5.69,250.47,211.55
2025-11-04 17:00:00,31.61,65.78,49,9,12.0,4.85,5.82,257.31,229.54
2025-11-04 18:00:00,30.67,72.07,52,6,12.0,0.0,5.57,271.02,254.41
2025-11-04 19:00:00,32.65,76.01,47,7,12.0,0.0,5.81,281.62,249.8
2025-11-04 20:00:00,33.1,80.49,21,3,9.8,0.05,6.44,193.45,180.87
2025-11-04 21:00:00,33.95,77.79,3,2,5.2,0.0,5.75,150.72,150.19
2025-11-04 22:00:00,34.67,60.57,16,2,10.4,0.0,6.27,164.41,164.94
2025-11-04 23:00:00,31.02,77.79,11,4,5.6,1.78,6.06,147.72,151.94
2025-11-05 00:00:00,26.73,75.63,10,2,7.1,0.0,6.45,215.67,173.37
2025-11-05 01:00:00,28.17,67.3,22,6,12.0,0.0,6.87,163.37,215.81
2025-11-05 02:00:00,28.11,70.44,0,2,9.0,1.77,7.0,167.8,153.43
2025-11-05 03:00:00,22.38,70.97,8,2,8.5,0.0,7.31,183.73,182.2
2025-11-05 04:00:00,29.47,71.23,1,4,5.7,2.68,7.53,183.18,170.05
2025-11-05 05:00:00,25.53,68.62,0,4,8.4,0.0,7.51,147.27,167.68
2025-11-05 06:00:00,25.49,66.56,0,2,6.2,0.0,7.62,177.44,155.98
2025-11-05 07:00:00,27.55,75.67,10,3,10.0,5.18,7.35,187.82,163.51
2025-11-05 08:00:00,22.42,80.3,49,6,12.0,5.56,6.94,275.64,241.41
2025-11-05 09:00:00,25.57,72.39,62,11,12.0,9.43,7.35,245.42,277.43
2025-11-05 10:00:00,24.26,84.19,53,10,12.0,14.65,6.77,234.21,245.22
2025-11-05 11:00:00,24.71,72.48,52,7,12.0,11.97,6.95,235.81,216.56
2025-11-05 12:00:00,24.07,72.63,52,7,12.0,14.97,6.06,250.68,234.98
2025-11-05 13:00:00,31.13,74.43,54,9,12.0,15.02,6.17,264.51,220.78
2025-11-05 14:00:00,27.06,71.73,52,6,12.0,12.28,5.86,234.91,211.72
2025-11-05 15:00:00,30.78,70.64,48,7,12.0,9.98,6.07,209.48,233.91
2025-11-05 16:00:00,25.31,56.24,63,8,12.0,4.95,5.61,209.83,235.67
2025-11-05 17:00:00,33.78,68.07,50,6,12.0,5.09,5.72,221.84,220.01
2025-11-05 18:00:00,34.09,54.94,52,7,12.0,0.0,5.65,251.58,257.89
2025-11-05 19:00:00,32.11,60.58,58,10,12.0,0.78,6.09,253.81,271.75
2025-11-05 20:00:00,31.43,60.25,13,1,6.6,0.0,5.97,174.4,169.71
2025-11-05 21:00:00,32.86,61.3,3,3,5.8,0.0,6.04,144.73,158.4
2025-11-05 22:00:00,37.19,61.73,16,4,9.1,0.0,6.11,160.8,190.72
2025-11-05 23:00:00,26.42,69.7,14,5,11.9,1.0,6.02,157.64,201.51
2025-11-06 00:00:00,31.96,73.88,11,4,9.9,3.12,6.19,178.37,196.83
2025-11-06 01:00:00,26.76,74.43,7,2,5.8,0.22,6.8,205.32,155.23
2025-11-06 02:00:00,27.95,58.73,7,2,9.2,0.0,6.41,144.5,196.87
2025-11-06 03:00:00,26.35,73.74,8,4,4.6,0.0,7.05,182.64,164.82
2025-11-06 04:00:00,24.93,76.38,0,3,1.4,2.32,7.23,162.01,148.29
2025-11-06 05:00:00,25.15,71.7,10,2,6.7,0.35,6.78,173.72,180.9
2025-11-06 06:00:00,21.7,75.98,17,5,7.0,0.0,7.28,144.98,185.92
2025-11-06 07:00:00,26.71,74.24,17,3,10.7,3.74,7.27,159.75,182.73
2025-11-06 08:00:00,19.51,83.29,52,8,12.0,8.53,7.92,242.45,241.2
2025-11-06 09:00:00,25.49,62.74,64,9,12.0,9.08,7.07,284.8,259.15
2025-11-06 10:00:00,23.72,73.29,70,11,12.0,10.79,7.21,245.2,244.17
2025-11-06 11:00:00,22.24,86.59,52,7,12.0,10.9,6.86,218.14,240.26
2025-11-06 12:00:00,26.51,82.96,61,9,12.0,11.84,6.59,235.87,242.82
2025-11-06 13:00:00,23.07,81.41,37,5,12.0,12.83,6.58,225.48,182.27
2025-11-06 14:00:00,28.1,75.69,45,8,12.0,14.27,5.59,213.26,234.09
2025-11-06 15:00:00,25.48,85.35,56,9,12.0,8.88,5.9,237.6,242.39
2025-11-06 16:00:00,31.15,83.22,47,6,12.0,7.52,5.91,239.46,232.73
2025-11-06 17:00:00,28.52,70.73,70,11,12.0,5.87,5.39,225.46,264.22
2025-11-06 18:00:00,30.34,63.58,60,7,12.0,0.76,5.68,247.02,248.01
2025-11-06 19:00:00,32.6,66.89,63,13,12.0,3.95,5.76,264.14,270.1
2025-11-06 20:00:00,30.07,92.23,10,2,10.6,0.14,5.75,173.09,155.47
2025-11-06 21:00:00,31.72,58.41,2,4,4.3,0.0,5.62,168.22,158.85
2025-11-06 22:00:00,27.68,68.93,6,3,11.5,0.0,5.84,192.35,165.68
2025-11-06 23:00:00,32.41,59.03,12,4,7.1,3.98,6.18,200.22,192.03
2025-11-07 00:00:00,34.41,68.38,5,1,6.3,2.44,6.63,201.76,131.91
2025-11-07 01:00:00,36.02,57.97,15,5,7.9,0.0,6.74,161.84,209.8
2025-11-07 02:00:00,28.23,71.08,16,4,11.5,4.22,6.97,200.24,182.69
2025-11-07 03:00:00,28.94,57.69,10,4,12.0,1.0,6.98,164.64,179.22
2025-11-07 04:00:00,21.55,80.84,0,2,8.7,0.26,6.9,148.54,157.29
2025-11-07 05:00:00,28.93,79.91,24,5,12.0,1.04,7.17,182.22,200.82
2025-11-07 06:00:00,26.48,70.38,8,2,6.6,0.0,7.01,192.55,159.39
2025-11-07 07:00:00,22.93,74.61,32,6,12.0,4.02,6.21,184.83,216.5
2025-11-07 08:00:00,27.09,71.49,60,9,12.0,6.38,7.19,243.37,255.58
2025-11-07 09:00:00,23.5,76.42,53,7,12.0,9.18,6.97,263.93,227.32
2025-11-07 10:00:00,23.39,74.96,59,9,12.0,14.04,7.33,243.92,236.9
2025-11-07 11:00:00,26.36,78.52,39,7,12.0,12.99,6.95,241.55,220.55
2025-11-07 12:00:00,23.34,83.89,63,10,12.0,14.2,6.67,252.64,234.94
2025-11-07 13:00:00,29.52,65.24,70,10,12.0,14.18,5.94,179.09,271.6
2025-11-07 14:00:00,25.36,71.68,38,7,12.0,14.01,6.46,231.24,229.74
2025-11-07 15:00:00,26.41,79.42,53,9,12.0,12.44,5.98,238.09,232.02
2025-11-07 16:00:00,27.73,62.24,54,9,12.0,7.03,5.68,234.31,241.47
2025-11-07 17:00:00,32.73,54.9,62,10,12.0,2.87,5.45,266.1,263.22
2025-11-07 18:00:00,29.92,72.24,70,12,12.0,3.81,5.47,238.43,262.68
2025-11-07 19:00:00,28.49,75.13,58,7,12.0,0.0,5.64,274.92,245.72
2025-11-07 20:00:00,30.49,65.2,27,5,12.0,1.73,5.45,150.06,199.21
2025-11-07 21:00:00,31.78,65.3,11,4,8.1,0.0,5.95,161.1,192.5
2025-11-07 22:00:00,28.51,66.32,14,1,10.4,1.14,6.04,166.32,166.58
2025-11-07 23:00:00,27.95,65.97,13,6,10.0,0.08,6.53,177.86,198.56
2025-11-08 00:00:00,35.28,71.76,20,5,12.0,2.56,6.45,120.07,215.56
2025-11-08 01:00:00,26.88,64.52,7,4,8.9,0.84,6.07,204.19,165.58
2025-11-08 02:00:00,27.19,70.71,17,6,10.0,0.0,6.79,188.58,185.51
2025-11-08 03:00:00,26.05,67.03,0,3,4.5,0.0,6.67,169.85,158.75
2025-11-08 04:00:00,24.95,63.95,8,1,7.2,0.0,6.98,162.85,171.79
2025-11-08 05:00:00,26.72,78.98,5,3,6.8,1.22,6.94,191.99,169.07
2025-11-08 06:00:00,26.91,69.13,11,4,7.0,2.61,8.03,148.46,175.12
2025-11-08 07:00:00,23.37,76.56,7,1,7.3,2.28,7.15,217.98,176.5
2025-11-08 08:00:00,20.91,66.41,64,7,12.0,2.58,7.44,255.41,252.02
2025-11-08 09:00:00,27.32,67.28,48,8,12.0,10.76,6.96,218.52,228.47
2025-11-08 10:00:00,24.3,79.88,41,5,12.0,12.21,6.82,230.89,214.42
2025-11-08 11:00:00,29.5,89.06,44,10,12.0,13.81,6.54,222.08,244.76
2025-11-08 12:00:00,20.39,63.5,63,10,12.0,11.8,6.26,233.08,239.23
2025-11-08 13:00:00,27.45,70.97,47,10,12.0,15.91,6.06,274.7,233.6
2025-11-08 14:00:00,32.8,71.53,58,9,12.0,10.49,6.23,228.06,236.83
2025-11-08 15:00:00,28.15,67.58,53,9,12.0,10.52,5.91,236.96,245.15
2025-11-08 16:00:00,29.44,76.94,62,10,12.0,7.55,6.27,235.74,248.13
2025-11-08 17:00:00,31.57,63.44,53,10,12.0,4.72,5.65,266.16,247.09
2025-11-08 18:00:00,30.07,71.63,70,7,12.0,0.0,5.6,256.34,255.69
2025-11-08 19:00:00,31.08,66.19,70,12,12.0,0.0,5.74,247.26,301.33
2025-11-08 20:00:00,31.16,78.33,7,4,6.4,1.71,6.02,202.41,162.06
2025-11-08 21:00:00,30.3,65.66,6,2,9.1,1.11,5.97,187.19,150.83
2025-11-08 22:00:00,34.54,64.96,35,6,12.0,0.67,6.57,168.47,253.96
2025-11-08 23:00:00,31.98,75.83,1,2,5.3,2.25,7.2,201.38,178.36
2025-11-09 00:00:00,30.63,62.97,10,4,7.5,0.68,6.79,218.06,188.72
2025-11-09 01:00:00,31.06,70.34,10,5,9.6,0.0,6.84,161.85,197.85
2025-11-09 02:00:00,27.34,59.7,10,2,7.6,1.04,6.2,183.69,157.12
2025-11-09 03:00:00,25.03,66.46,0,1,4.5,0.9,7.55,167.3,160.09
2025-11-09 04:00:00,24.49,77.13,14,7,7.5,0.95,7.62,167.37,199.49
2025-11-09 05:00:00,25.18,67.04,2,3,8.0,0.0,7.81,169.77,160.35
2025-11-09 06:00:00,21.89,72.47,21,4,12.0,0.0,7.58,174.09,200.0
2025-11-09 07:00:00,22.89,79.03,0,4,5.4,5.38,6.94,178.19,149.05
2025-11-09 08:00:00,22.71,71.65,55,10,12.0,6.7,6.85,259.04,237.71
2025-11-09 09:00:00,29.45,76.75,37,7,12.0,6.01,6.68,225.51,249.45
2025-11-09 10:00:00,18.0,80.51,38,6,12.0,9.38,6.93,216.25,185.68
2025-11-09 11:00:00,24.72,77.34,48,9,12.0,10.89,6.46,248.3,263.81
2025-11-09 12:00:00,30.31,79.07,49,10,12.0,16.13,6.8,237.57,244.19
2025-11-09 13:00:00,27.27,74.75,67,7,12.0,13.43,6.09,229.36,256.17
2025-11-09 14:00:00,29.88,81.45,55,9,12.0,12.2,5.99,237.33,253.93
2025-11-09 15:00:00,29.28,77.48,65,10,12.0,9.19,6.03,245.26,251.6
2025-11-09 16:00:00,28.33,68.1,52,9,12.0,4.88,5.64,239.94,239.79
2025-11-09 17:00:00,25.22,83.0,60,9,12.0,5.14,5.41,243.16,245.99
2025-11-09 18:00:00,31.98,71.06,49,10,12.0,1.3,5.07,259.32,242.4
2025-11-09 19:00:00,29.92,67.89,49,8,12.0,0.0,6.05,299.08,254.51
2025-11-09 20:00:00,30.0,72.55,0,2,7.4,2.8,5.48,164.37,131.84
2025-11-09 21:00:00,30.62,77.95,13,4,10.1,1.49,5.8,145.58,182.94
2025-11-09 22:00:00,35.83,69.71,12,3,9.2,0.0,5.97,254.59,164.47
2025-11-09 23:00:00,36.84,78.57,16,2,10.3,0.0,5.57,178.98,194.98
2025-11-10 00:00:00,30.54,77.83,12,4,11.4,0.0,6.6,190.22,187.8
2025-11-10 01:00:00,27.87,75.75,26,5,12.0,0.62,7.2,195.96,229.38
2025-11-10 02:00:00,25.06,66.88,11,3,6.0,0.0,7.24,157.91,157.49
2025-11-10 03:00:00,28.14,70.65,18,4,12.0,0.0,6.93,169.57,193.96
2025-11-10 04:00:00,30.46,70.78,7,1,8.5,1.59,7.56,201.59,166.34
2025-11-10 05:00:00,24.55,79.29,3,4,9.2,0.0,6.67,167.71,188.18
2025-11-10 06:00:00,18.59,83.05,16,5,10.5,0.0,7.59,199.14,176.63
2025-11-10 07:00:00,25.81,74.72,9,1,10.4,1.17,7.02,136.1,170.62
2025-11-10 08:00:00,26.46,73.92,62,8,12.0,8.83,7.53,241.47,255.04
2025-11-10 09:00:00,20.17,82.52,58,11,12.0,10.59,7.08,259.28,249.5
2025-11-10 10:00:00,24.98,68.11,49,6,12.0,9.19,6.48,186.37,225.75
2025-11-10 11:00:00,26.3,85.06,64,10,12.0,11.44,6.79,260.96,273.84
2025-11-10 12:00:00,25.82,59.2,48,7,12.0,14.03,6.5,244.63,237.66
2025-11-10 13:00:00,24.99,84.3,60,10,12.0,8.91,6.38,262.0,233.8
2025-11-10 14:00:00,30.54,69.91,65,10,12.0,9.92,5.82,254.61,269.55
2025-11-10 15:00:00,28.03,79.0,52,8,12.0,8.25,5.52,248.23,247.3
2025-11-10 16:00:00,26.29,75.75,64,10,12.0,9.57,6.02,234.85,254.37
2025-11-10 17:00:00,25.7,76.03,58,8,12.0,2.47,5.7,249.56,253.23
2025-11-10 18:00:00,34.62,71.25,62,7,12.0,1.32,5.9,258.06,241.07
2025-11-10 19:00:00,33.41,73.88,48,6,12.0,0.0,5.92,248.66,240.62
2025-11-10 20:00:00,32.22,66.74,12,2,9.7,1.49,6.05,134.97,181.62
2025-11-10 21:00:00,30.76,77.31,0,1,4.6,0.0,6.5,186.38,132.61
2025-11-10 22:00:00,30.14,62.91,24,5,12.0,0.0,6.17,158.86,182.76
2025-11-10 23:00:00,28.14,71.87,0,2,3.2,0.0,5.94,199.01,151.94
2025-11-11 00:00:00,28.92,77.21,7,3,7.2,0.36,6.23,197.98,158.16
2025-11-11 01:00:00,23.74,81.95,3,3,7.0,0.65,6.61,234.16,145.4
2025-11-11 02:00:00,26.16,76.51,15,5,8.5,0.39,6.97,155.66,161.91
2025-11-11 03:00:00,26.19,70.52,25,6,12.0,1.01,7.55,187.15,203.49
2025-11-11 04:00:00,27.52,78.61,15,2,12.0,0.0,7.14,168.58,177.97
2025-11-11 05:00:00,25.07,69.36,34,7,12.0,0.35,7.86,187.45,204.48
2025-11-11 06:00:00,26.52,85.29,0,2,3.6,0.0,7.92,179.92,145.9
2025-11-11 07:00:00,27.51,71.75,0,5,4.4,0.39,7.42,169.12,178.32
2025-11-11 08:00:00,26.65,62.17,48,8,12.0,4.76,7.41,250.47,247.43
2025-11-11 09:00:00,25.31,65.52,56,9,12.0,6.53,6.9,249.86,231.48
2025-11-11 10:00:00,24.57,74.71,47,7,12.0,12.57,7.49,231.57,231.17
2025-11-11 11:00:00,22.72,76.68,49,8,12.0,15.4,6.48,277.91,231.61
2025-11-11 12:00:00,27.85,85.89,60,9,12.0,12.1,6.92,236.25,253.51
2025-11-11 13:00:00,31.16,62.52,45,7,12.0,15.54,5.93,227.9,220.68
2025-11-11 14:00:00,28.86,71.68,46,8,12.0,13.03,6.32,268.1,215.11
2025-11-11 15:00:00,33.83,60.5,52,9,12.0,8.79,6.32,245.72,250.22
2025-11-11 16:00:00,26.19,69.82,53,8,12.0,6.3,6.13,254.12,238.29
2025-11-11 17:00:00,27.94,83.83,63,11,12.0,5.85,5.56,263.13,261.39
2025-11-11 18:00:00,33.6,60.12,48,9,12.0,0.0,5.61,239.52,264.51
2025-11-11 19:00:00,32.52,72.94,49,7,12.0,2.22,6.27,241.28,234.38
2025-11-11 20:00:00,35.28,69.65,15,2,11.8,1.79,5.63,185.51,163.19
2025-11-11 21:00:00,31.83,69.15,16,5,11.2,0.0,5.77,135.15,207.66
2025-11-11 22:00:00,29.29,74.73,21,4,10.0,0.0,6.63,190.09,165.12
2025-11-11 23:00:00,30.29,62.27,14,2,11.6,3.25,6.27,149.22,168.17
2025-11-12 00:00:00,26.17,84.88,11,6,12.0,0.0,6.48,154.85,175.37
2025-11-12 01:00:00,26.21,86.72,15,2,10.5,0.0,7.35,143.56,176.54
2025-11-12 02:00:00,30.43,70.63,8,1,8.1,1.29,6.67,157.26,163.09
2025-11-12 03:00:00,29.15,88.16,8,2,5.6,0.42,6.81,203.76,154.76
2025-11-12 04:00:00,26.91,69.97,0,2,0.9,0.1,7.26,178.75,156.34
2025-11-12 05:00:00,20.87,79.79,17,4,10.2,3.63,7.28,202.82,177.95
2025-11-12 06:00:00,23.64,85.08,12,6,12.0,0.0,7.03,148.63,207.4
2025-11-12 07:00:00,21.07,73.64,16,3,12.0,1.5,7.55,181.2,166.29
2025-11-12 08:00:00,26.94,63.07,32,6,12.0,1.97,7.2,243.78,205.37
2025-11-12 09:00:00,22.68,64.44,55,10,12.0,7.74,7.09,234.35,235.17
2025-11-12 10:00:00,21.82,90.75,48,7,12.0,10.79,6.9,225.4,231.35
2025-11-12 11:00:00,25.25,70.22,67,11,12.0,14.16,6.34,226.97,282.04
2025-11-12 12:00:00,24.4,73.22,60,6,12.0,15.92,6.21,260.66,224.62
2025-11-12 13:00:00,30.67,62.34,57,11,12.0,11.6,5.74,219.54,225.75
2025-11-12 14:00:00,26.16,79.92,52,10,12.0,11.84,6.5,214.1,243.36
2025-11-12 15:00:00,25.54,68.25,58,8,12.0,12.69,5.93,258.55,239.23
2025-11-12 16:00:00,24.62,70.93,48,9,12.0,6.63,6.16,239.17,213.66
2025-11-12 17:00:00,30.75,72.17,54,10,12.0,4.66,5.57,260.1,254.23
2025-11-12 18:00:00,30.06,63.11,50,6,12.0,2.24,6.1,260.01,237.94
2025-11-12 19:00:00,28.29,70.55,70,10,12.0,0.0,5.16,236.71,241.64
2025-11-12 20:00:00,34.97,76.93,22,7,10.2,0.0,6.15,170.44,220.03
2025-11-12 21:00:00,33.53,71.13,19,4,11.5,3.24,5.91,207.32,202.84
2025-11-12 22:00:00,31.39,70.54,0,3,2.4,1.16,5.62,171.56,138.34
2025-11-12 23:00:00,34.24,69.14,17,4,10.3,0.0,5.31,167.44,197.5
2025-11-13 00:00:00,31.66,66.72,12,5,10.6,0.0,6.68,171.59,212.44
2025-11-13 01:00:00,26.98,86.69,20,5,12.0,0.0,7.05,174.11,191.07
2025-11-13 02:00:00,25.4,68.13,13,4,8.0,2.79,6.92,159.37,186.53
2025-11-13 03:00:00,29.01,72.77,10,1,9.4,1.96,7.28,161.65,173.18
2025-11-13 04:00:00,26.99,73.51,12,4,11.7,2.13,7.35,162.0,173.01
2025-11-13 05:00:00,25.6,80.74,0,3,7.2,0.0,7.29,179.9,138.11
2025-11-13 06:00:00,22.42,83.63,4,1,6.9,0.0,7.64,195.55,161.51
2025-11-13 07:00:00,25.66,73.42,13,2,8.4,2.03,6.76,173.68,155.2
2025-11-13 08:00:00,22.11,78.16,64,10,12.0,6.17,7.23,203.46,275.03
2025-11-13 09:00:00,23.88,77.18,51,8,12.0,7.65,7.3,232.06,213.82
2025-11-13 10:00:00,28.15,55.99,55,6,12.0,10.38,6.74,229.68,238.43
2025-11-13 11:00:00,23.52,64.01,42,6,12.0,12.07,6.8,282.24,206.33
2025-11-13 12:00:00,22.07,71.92,67,11,12.0,13.71,6.09,226.77,273.7
2025-11-13 13:00:00,24.33,70.64,64,11,12.0,14.36,6.32,231.19,254.16
2025-11-13 14:00:00,30.49,61.87,60,8,12.0,15.46,5.85,246.0,247.71
2025-11-13 15:00:00,29.67,76.08,58,9,12.0,9.17,5.75,239.37,240.57
2025-11-13 16:00:00,29.68,70.84,67,9,12.0,8.18,6.01,211.8,254.49
2025-11-13 17:00:00,29.56,69.41,49,10,12.0,3.27,5.11,249.84,251.56
2025-11-13 18:00:00,32.68,59.93,48,8,12.0,1.93,5.32,239.84,235.9
2025-11-13 19:00:00,29.74,70.47,63,9,12.0,0.0,5.98,244.29,247.16
2025-11-13 20:00:00,32.76,50.28,18,2,10.9,0.0,5.75,216.21,189.76
2025-11-13 21:00:00,30.04,69.43,0,1,5.8,1.33,5.68,197.57,157.37
2025-11-13 22:00:00,29.22,71.59,6,5,5.2,1.16,6.26,142.26,178.8
2025-11-13 23:00:00,29.23,72.83,24,5,12.0,1.2,5.91,195.39,213.55
2025-11-14 00:00:00,29.06,60.31,13,3,12.0,2.82,6.1,206.6,172.61
2025-11-14 01:00:00,28.91,72.93,16,4,8.9,0.0,6.63,186.34,172.77
2025-11-14 02:00:00,28.59,64.3,1,1,4.2,0.0,6.85,189.11,131.65
2025-11-14 03:00:00,18.0,73.31,15,4,12.0,1.12,6.81,181.04,158.33
2025-11-14 04:00:00,23.98,79.84,0,2,7.8,1.63,7.1,178.09,150.64
2025-11-14 05:00:00,24.19,88.76,0,2,4.3,1.31,7.74,128.72,170.13
2025-11-14 06:00:00,28.3,72.15,16,2,11.5,5.42,7.29,161.03,163.86
2025-11-14 07:00:00,21.44,70.87,21,6,9.6,1.79,6.87,159.28,191.69
2025-11-14 08:00:00,24.41,75.84,53,8,12.0,7.74,7.2,267.65,240.36
2025-11-14 09:00:00,27.87,78.66,51,7,12.0,9.76,6.32,221.91,224.74
2025-11-14 10:00:00,21.25,81.07,69,9,12.0,13.37,7.46,229.42,252.89
2025-11-14 11:00:00,26.16,92.49,53,7,12.0,14.27,6.29,209.35,247.84
2025-11-14 12:00:00,23.99,69.8,54,9,12.0,12.96,6.57,271.95,237.35
2025-11-14 13:00:00,25.7,75.37,69,12,12.0,14.3,6.35,255.25,272.05
2025-11-14 14:00:00,25.99,84.25,52,7,12.0,12.29,5.83,248.14,237.24
2025-11-14 15:00:00,27.21,82.96,50,5,12.0,10.16,6.39,236.19,222.52
2025-11-14 16:00:00,36.8,52.19,62,8,12.0,9.27,6.53,257.17,252.36
2025-11-14 17:00:00,32.94,68.52,49,7,12.0,8.58,5.47,250.43,230.5
2025-11-14 18:00:00,34.22,78.04,54,7,12.0,0.0,5.95,238.82,234.63
2025-11-14 19:00:00,33.09,88.67,44,6,12.0,2.58,5.38,243.91,227.79
2025-11-14 20:00:00,27.98,76.94,11,2,8.4,1.28,6.27,188.54,159.01
2025-11-14 21:00:00,32.85,66.03,11,3,10.5,0.0,6.38,160.15,191.02
2025-11-14 22:00:00,34.15,60.63,18,2,12.0,0.0,6.45,175.18,182.66
2025-11-14 23:00:00,28.69,87.04,17,5,10.4,1.76,5.71,219.41,182.01
2025-11-15 00:00:00,32.41,74.01,14,6,12.0,0.1,6.31,174.09,185.78
2025-11-15 01:00:00,30.8,64.11,13,6,10.6,0.0,6.52,182.68,206.45
2025-11-15 02:00:00,32.63,67.34,9,2,8.2,0.0,6.69,130.83,161.9
2025-11-15 03:00:00,25.92,75.63,15,5,12.0,0.0,7.53,159.7,193.4
2025-11-15 04:00:00,23.26,79.13,1,3,6.9,0.0,6.56,149.51,150.29
2025-11-15 05:00:00,24.27,68.32,0,2,2.9,0.0,7.41,170.16,159.79
2025-11-15 06:00:00,28.12,67.61,19,5,12.0,0.0,7.56,166.64,215.43
2025-11-15 07:00:00,19.57,66.33,15,5,10.9,4.33,7.03,199.78,190.67
2025-11-15 08:00:00,18.83,85.7,54,10,12.0,5.35,7.37,247.51,263.68
2025-11-15 09:00:00,24.36,72.16,64,8,12.0,11.41,7.22,228.65,250.23
2025-11-15 10:00:00,23.43,78.46,49,9,12.0,10.31,6.8,247.55,230.0
2025-11-15 11:00:00,25.19,83.92,49,10,12.0,15.06,7.09,246.0,222.18
2025-11-15 12:00:00,28.36,73.28,48,9,12.0,12.27,6.31,240.27,241.47
2025-11-15 13:00:00,25.58,72.9,60,12,12.0,17.56,6.67,268.07,246.25
2025-11-15 14:00:00,23.32,76.64,42,3,12.0,13.42,6.15,237.16,201.45
2025-11-15 15:00:00,34.15,68.14,49,9,12.0,11.58,5.83,223.32,258.1
2025-11-15 16:00:00,27.51,81.07,57,9,12.0,6.66,5.73,261.46,258.5
2025-11-15 17:00:00,28.18,74.05,45,9,12.0,4.84,5.24,229.71,233.71
2025-11-15 18:00:00,34.22,63.83,50,6,12.0,0.0,5.57,226.76,242.0
2025-11-15 19:00:00,30.9,77.3,37,6,12.0,0.0,5.33,231.64,220.35
2025-11-15 20:00:00,31.84,77.92,15,5,12.0,0.0,5.9,164.23,218.55
2025-11-15 21:00:00,33.07,59.08,4,1,8.2,3.04,6.25,202.41,148.75
2025-11-15 22:00:00,34.17,78.41,1,2,1.3,2.01,6.26,180.46,149.74
2025-11-15 23:00:00,29.99,73.16,0,2,3.5,0.0,6.04,175.15,145.23
2025-11-16 00:00:00,33.8,69.92,7,3,6.6,0.0,6.41,187.54,165.83
2025-11-16 01:00:00,23.7,82.06,0,3,2.0,0.0,6.8,209.07,140.04
2025-11-16 02:00:00,29.9,66.7,26,3,12.0,2.51,7.02,164.79,206.36
2025-11-16 03:00:00,24.87,80.87,0,1,2.3,0.49,7.64,191.38,130.48
2025-11-16 04:00:00,29.43,68.36,6,3,4.9,0.0,7.41,152.43,192.17
2025-11-16 05:00:00,25.53,63.41,11,2,9.3,0.0,7.32,160.32,185.7
2025-11-16 06:00:00,22.85,68.62,4,4,10.2,1.44,7.34,212.61,185.84
2025-11-16 07:00:00,25.79,77.51,12,2,6.5,4.03,7.15,185.19,168.79
2025-11-16 08:00:00,26.23,66.62,49,9,12.0,7.27,7.19,262.06,246.64
2025-11-16 09:00:00,25.74,84.85,67,9,12.0,12.12,7.32,249.89,266.37
2025-11-16 10:00:00,21.96,84.55,46,9,12.0,11.43,6.65,233.43,225.16
2025-11-16 11:00:00,23.96,84.16,36,4,12.0,14.92,6.85,222.02,216.4
2025-11-16 12:00:00,25.99,74.28,45,10,12.0,17.28,6.46,238.91,248.7
2025-11-16 13:00:00,26.86,74.6,58,11,12.0,13.97,6.89,248.93,262.09
2025-11-16 14:00:00,29.87,62.33,54,8,12.0,10.34,6.2,201.09,262.74
2025-11-16 15:00:00,24.0,81.77,61,8,12.0,9.05,6.05,254.63,271.34
2025-11-16 16:00:00,30.84,72.67,59,10,12.0,5.19,5.51,260.2,281.23
2025-11-16 17:00:00,30.1,74.5,50,6,12.0,0.0,6.24,237.05,231.66
2025-11-16 18:00:00,29.37,82.86,51,8,12.0,0.0,5.88,241.55,215.69
2025-11-16 19:00:00,30.01,66.35,52,7,12.0,1.27,6.2,228.6,250.12
2025-11-16 20:00:00,31.46,68.69,25,5,11.8,0.02,5.74,224.73,208.11
2025-11-16 21:00:00,22.86,77.88,16,3,12.0,2.72,5.93,151.36,171.64
2025-11-16 22:00:00,29.71,64.25,25,4,10.8,0.29,5.62,147.92,193.28
2025-11-16 23:00:00,28.64,70.24,17,7,9.6,1.77,6.94,136.13,214.06
2025-11-17 00:00:00,31.33,73.12,9,4,9.9,0.0,6.63,159.75,161.31
2025-11-17 01:00:00,27.02,70.41,2,1,4.9,0.0,7.36,144.49,164.34
2025-11-17 02:00:00,27.46,81.54,12,2,10.5,0.0,6.78,201.74,196.83
2025-11-17 03:00:00,30.82,59.45,10,4,11.9,0.0,7.23,132.53,191.56
2025-11-17 04:00:00,28.49,79.52,9,5,9.8,3.05,7.54,187.7,189.26
2025-11-17 05:00:00,27.43,77.03,8,1,5.4,0.0,7.39,184.8,147.44
2025-11-17 06:00:00,23.29,71.32,0,3,2.7,0.0,7.18,183.44,157.95
2025-11-17 07:00:00,25.49,67.28,20,5,11.6,5.89,7.11,172.97,209.07
2025-11-17 08:00:00,23.42,60.65,55,6,12.0,8.53,7.07,251.17,243.73
2025-11-17 09:00:00,23.65,69.48,44,7,12.0,9.14,8.0,258.28,211.69
2025-11-17 10:00:00,25.56,81.04,59,9,12.0,10.32,6.68,231.91,232.23
2025-11-17 11:00:00,23.68,74.63,48,8,12.0,15.7,6.01,215.09,218.69
2025-11-17 12:00:00,29.73,78.93,59,7,12.0,12.96,6.51,254.13,244.93
2025-11-17 13:00:00,26.56,68.67,62,8,12.0,11.86,6.3,268.67,255.49
2025-11-17 14:00:00,29.55,75.87,63,9,12.0,14.12,5.99,259.92,246.66
2025-11-17 15:00:00,32.67,63.71,54,8,12.0,10.51,5.72,279.44,252.03
2025-11-17 16:00:00,32.58,62.04,52,7,12.0,6.3,5.71,272.29,248.66
2025-11-17 17:00:00,27.31,71.74,50,8,12.0,4.27,5.27,226.48,234.22
2025-11-17 18:00:00,32.58,64.14,49,8,12.0,0.89,6.32,213.6,251.15
2025-11-17 19:00:00,33.99,57.01,55,11,12.0,0.0,5.81,244.96,255.98
2025-11-17 20:00:00,34.23,66.36,8,4,10.3,0.31,5.85,200.88,160.67
2025-11-17 21:00:00,29.08,71.99,3,4,9.7,0.0,6.3,176.77,154.69
2025-11-17 22:00:00,29.82,79.6,1,1,5.1,0.0,7.05,191.04,134.13
2025-11-17 23:00:00,33.31,74.84,9,2,7.0,0.0,6.15,214.45,181.3
2025-11-18 00:00:00,28.1,80.47,7,4,11.8,0.0,6.61,164.69,186.85
2025-11-18 01:00:00,28.29,76.84,1,2,7.6,0.0,6.99,169.79,131.54
2025-11-18 02:00:00,31.94,71.57,17,5,11.0,0.0,7.14,204.59,204.13
2025-11-18 03:00:00,26.85,64.21,24,4,12.0,0.0,7.38,187.2,180.22
2025-11-18 04:00:00,24.18,75.72,18,5,9.2,0.33,7.51,197.0,177.5
2025-11-18 05:00:00,22.98,79.69,4,2,8.6,0.0,7.13,148.25,168.96
2025-11-18 06:00:00,25.37,84.04,10,3,4.9,1.04,7.72,158.79,147.58
2025-11-18 07:00:00,20.8,81.84,22,4,12.0,5.1,7.23,207.68,171.73
2025-11-18 08:00:00,23.38,83.92,46,8,12.0,8.45,7.29,245.27,221.98
2025-11-18 09:00:00,24.97,66.9,61,10,12.0,11.77,7.28,219.41,237.97
2025-11-18 10:00:00,27.78,69.87,43,7,12.0,10.99,6.65,235.52,208.66
2025-11-18 11:00:00,26.84,75.82,68,11,12.0,12.98,6.86,224.18,267.39
2025-11-18 12:00:00,24.21,82.78,52,9,12.0,14.49,6.72,240.58,212.84
2025-11-18 13:00:00,29.91,69.65,70,12,12.0,12.67,5.63,253.33,268.92
2025-11-18 14:00:00,27.25,71.95,69,12,12.0,9.81,6.59,247.07,269.57
2025-11-18 15:00:00,25.95,78.25,54,11,12.0,8.89,5.65,254.55,251.29
2025-11-18 16:00:00,29.57,63.02,49,7,12.0,10.27,5.9,250.39,234.41
2025-11-18 17:00:00,34.42,78.76,57,11,12.0,2.14,6.26,243.21,249.5
2025-11-18 18:00:00,31.88,63.13,54,9,12.0,0.0,5.93,247.82,233.41
2025-11-18 19:00:00,31.9,55.84,52,7,12.0,0.0,6.09,258.31,222.47
2025-11-18 20:00:00,36.09,66.41,0,1,6.4,1.11,6.2,163.22,157.99
2025-11-18 21:00:00,28.29,83.69,6,3,6.3,0.7,5.76,152.69,156.89
2025-11-18 22:00:00,28.25,75.93,1,3,7.2,1.41,5.74,133.81,144.03
2025-11-18 23:00:00,26.79,78.11,14,2,7.3,5.07,6.44,177.98,144.78
2025-11-19 00:00:00,30.93,70.24,18,3,12.0,1.64,6.75,188.33,191.17
2025-11-19 01:00:00,29.45,69.92,16,3,8.3,1.8,7.09,124.95,196.06
2025-11-19 02:00:00,31.86,58.49,13,2,9.8,5.72,7.17,212.59,192.05
2025-11-19 03:00:00,27.57,56.48,3,1,8.5,0.98,6.89,179.0,137.52
2025-11-19 04:00:00,24.99,75.48,12,1,9.6,0.0,7.5,173.93,183.07
2025-11-19 05:00:00,25.18,83.16,16,3,10.6,0.0,6.54,160.27,166.62
2025-11-19 06:00:00,24.83,76.63,5,3,7.2,2.11,7.75,145.81,159.11
2025-11-19 07:00:00,19.96,82.0,11,4,10.2,1.12,6.96,170.55,166.0
2025-11-19 08:00:00,30.78,81.14,54,6,12.0,3.11,6.87,223.51,255.86
2025-11-19 09:00:00,25.44,76.1,68,8,12.0,8.26,7.94,236.92,252.82
2025-11-19 10:00:00,25.06,73.2,62,9,12.0,13.76,6.92,223.14,252.24
2025-11-19 11:00:00,26.71,67.17,60,9,12.0,14.71,6.62,261.04,234.08
2025-11-19 12:00:00,27.77,86.31,41,8,12.0,13.68,6.1,215.91,223.22
2025-11-19 13:00:00,26.61,76.66,56,10,12.0,15.66,6.45,270.95,225.59
2025-11-19 14:00:00,26.42,66.5,54,8,12.0,13.34,6.38,262.83,224.97
2025-11-19 15:00:00,30.53,62.03,54,9,12.0,10.59,5.81,249.66,239.43
2025-11-19 16:00:00,30.96,78.7,42,6,12.0,6.97,5.06,246.16,212.83
2025-11-19 17:00:00,28.8,64.18,46,8,12.0,5.42,6.3,246.88,236.85
2025-11-19 18:00:00,35.01,80.07,54,8,12.0,1.51,5.6,243.51,223.56
2025-11-19 19:00:00,32.6,49.49,64,12,12.0,0.0,5.62,221.92,274.37
2025-11-19 20:00:00,33.82,77.88,5,3,2.5,1.63,5.79,158.15,140.61
2025-11-19 21:00:00,35.34,70.27,7,2,6.8,0.0,5.65,155.02,169.03
2025-11-19 22:00:00,31.52,70.37,24,4,9.9,0.47,6.55,139.07,194.35
2025-11-19 23:00:00,31.62,68.24,8,2,9.2,0.8,6.55,138.71,179.58
2025-11-20 00:00:00,32.03,82.42,9,1,8.7,0.0,6.67,188.14,165.66
2025-11-20 01:00:00,27.22,77.49,9,3,7.7,0.27,7.52,199.82,184.07
2025-11-20 02:00:00,28.14,65.58,0,2,7.9,1.22,6.66,194.76,155.53
2025-11-20 03:00:00,27.28,60.47,15,4,10.3,0.0,7.51,135.67,172.09
2025-11-20 04:00:00,23.61,76.31,5,4,7.5,0.37,6.41,192.47,153.6
2025-11-20 05:00:00,30.97,69.92,10,3,9.9,4.43,7.5,162.41,175.18
2025-11-20 06:00:00,21.02,66.25,14,1,8.9,0.0,8.09,161.4,167.38
2025-11-20 07:00:00,20.89,76.59,26,3,12.0,5.68,6.91,159.46,198.29
2025-11-20 08:00:00,27.29,68.48,44,6,12.0,6.81,7.77,257.37,238.96
2025-11-20 09:00:00,25.92,73.52,62,10,12.0,12.27,6.58,255.4,266.43
2025-11-20 10:00:00,21.97,81.3,62,10,12.0,10.68,7.63,251.26,246.11
2025-11-20 11:00:00,26.69,83.37,50,8,12.0,13.54,6.55,234.3,244.12
2025-11-20 12:00:00,29.67,77.19,60,13,12.0,18.42,6.24,220.84,263.37
2025-11-20 13:00:00,26.89,67.73,68,13,12.0,13.18,6.11,230.24,278.12
2025-11-20 14:00:00,34.5,70.03,49,10,12.0,13.39,6.11,229.34,226.79
2025-11-20 15:00:00,24.73,74.73,57,10,12.0,11.09,5.88,241.62,243.74
2025-11-20 16:00:00,31.73,60.06,58,10,12.0,2.94,5.79,216.33,248.23
2025-11-20 17:00:00,33.74,70.77,59,10,12.0,4.52,5.84,239.61,244.23
2025-11-20 18:00:00,33.69,81.01,61,7,12.0,0.0,5.78,221.51,263.06
2025-11-20 19:00:00,31.35,69.88,56,7,12.0,1.27,5.73,276.15,237.59
2025-11-20 20:00:00,31.27,58.55,14,3,9.2,0.24,5.65,144.38,175.84
2025-11-20 21:00:00,32.97,68.73,3,3,8.0,0.0,6.08,168.01,148.26
2025-11-20 22:00:00,33.5,59.65,11,3,9.6,0.0,6.23,197.2,199.42
2025-11-20 23:00:00,32.33,75.01,6,3,6.0,0.0,6.41,172.97,162.4
2025-11-21 00:00:00,32.6,72.45,0,1,4.0,4.96,6.5,159.73,137.07
2025-11-21 01:00:00,26.49,71.86,6,3,7.1,3.25,6.46,184.49,168.93
2025-11-21 02:00:00,27.43,70.08,12,4,8.5,0.72,6.93,153.97,176.89
2025-11-21 03:00:00,24.61,72.88,13,3,12.0,1.03,6.97,177.59,217.38
2025-11-21 04:00:00,25.03,74.13,0,3,6.6,1.2,6.47,152.68,167.06
2025-11-21 05:00:00,27.71,66.8,2,1,7.3,0.0,7.62,180.92,152.12
2025-11-21 06:00:00,24.81,64.52,16,4,11.1,0.0,7.39,167.25,189.68
2025-11-21 07:00:00,30.65,78.11,14,4,8.2,5.33,7.27,200.05,187.49
2025-11-21 08:00:00,24.48,71.76,62,8,12.0,5.8,7.38,236.85,244.63
2025-11-21 09:00:00,24.29,75.77,66,7,12.0,12.78,6.8,265.83,265.04
2025-11-21 10:00:00,24.8,76.24,59,7,12.0,9.42,7.38,242.46,239.48
2025-11-21 11:00:00,23.58,77.35,52,8,12.0,11.72,7.13,238.82,230.14
2025-11-21 12:00:00,25.86,65.28,56,8,12.0,16.83,6.09,268.02,233.89
2025-11-21 13:00:00,29.78,59.02,68,10,12.0,12.95,6.07,283.5,250.18
2025-11-21 14:00:00,28.28,67.68,70,9,12.0,11.88,6.34,231.44,260.6
2025-11-21 15:00:00,27.05,75.43,59,7,12.0,11.19,6.02,249.28,227.68
2025-11-21 16:00:00,27.69,67.12,59,9,12.0,9.32,5.8,249.31,235.54
2025-11-21 17:00:00,29.7,68.32,61,9,12.0,4.84,5.88,242.03,248.81
2025-11-21 18:00:00,31.65,84.34,55,10,12.0,0.57,5.04,259.57,244.94
2025-11-21 19:00:00,34.85,54.29,64,9,12.0,1.6,5.4,228.81,244.51
2025-11-21 20:00:00,28.65,66.26,18,1,8.8,0.82,5.6,178.52,163.97
2025-11-21 21:00:00,31.06,83.13,13,1,10.1,2.17,6.2,148.9,138.45
2025-11-21 22:00:00,31.82,69.01,7,2,8.7,5.71,5.35,201.31,128.33
2025-11-21 23:00:00,26.24,68.29,0,2,4.5,1.01,6.36,165.41,137.87
2025-11-22 00:00:00,27.92,80.24,16,4,12.0,0.0,6.37,144.01,190.03
2025-11-22 01:00:00,27.34,72.85,12,3,6.4,2.08,6.93,167.29,175.05
2025-11-22 02:00:00,26.01,70.95,4,1,7.2,0.0,7.18,179.28,165.85
2025-11-22 03:00:00,27.44,73.74,1,1,3.6,0.67,7.66,214.89,128.23
2025-11-22 04:00:00,25.6,69.07,15,4,8.4,0.73,6.78,158.53,178.4
2025-11-22 05:00:00,23.78,67.83,0,2,3.5,0.0,6.99,151.23,143.0
2025-11-22 06:00:00,25.61,72.88,12,3,9.0,0.0,7.32,196.98,186.72
2025-11-22 07:00:00,28.44,64.61,17,2,11.8,0.0,7.77,186.57,198.45
2025-11-22 08:00:00,28.1,72.01,59,8,12.0,6.8,7.35,240.19,258.88
2025-11-22 09:00:00,19.33,80.55,52,8,12.0,11.02,7.1,266.96,235.94
2025-11-22 10:00:00,25.98,79.39,45,8,12.0,12.15,7.33,243.93,232.43
2025-11-22 11:00:00,24.73,82.19,60,9,12.0,12.6,6.57,232.7,241.3
2025-11-22 12:00:00,26.39,70.29,65,12,12.0,14.75,6.91,240.67,268.79
2025-11-22 13:00:00,25.97,76.92,50,7,12.0,11.64,6.9,245.5,205.45
2025-11-22 14:00:00,28.29,75.24,59,11,12.0,10.01,6.05,267.55,261.74
2025-11-22 15:00:00,29.41,73.31,68,10,12.0,10.95,5.39,217.42,280.71
2025-11-22 16:00:00,28.55,68.26,58,9,12.0,8.16,5.86,225.39,243.64
2025-11-22 17:00:00,28.59,64.39,52,10,12.0,4.65,6.3,241.49,271.91
2025-11-22 18:00:00,30.34,73.87,63,9,12.0,0.0,5.87,247.34,271.31
2025-11-22 19:00:00,32.45,56.94,49,7,12.0,2.19,5.25,236.97,254.77
2025-11-22 20:00:00,33.5,66.28,0,1,6.8,0.0,6.25,160.78,155.63
2025-11-22 21:00:00,34.0,49.93,16,5,9.7,0.0,6.21,136.33,198.67
2025-11-22 22:00:00,30.23,61.09,7,3,4.8,1.5,6.45,132.06,160.96
2025-11-22 23:00:00,31.54,63.38,7,4,8.8,1.72,6.69,144.26,157.06
2025-11-23 00:00:00,32.41,76.59,5,3,8.5,0.0,6.31,194.54,151.12
2025-11-23 01:00:00,31.95,74.05,6,4,8.6,4.29,7.08,167.9,176.11
2025-11-23 02:00:00,27.85,68.23,21,3,11.6,0.0,6.67,166.74,189.83
2025-11-23 03:00:00,26.41,78.22,23,6,12.0,0.18,6.65,126.38,205.11
2025-11-23 04:00:00,26.48,79.28,24,4,12.0,1.96,6.9,177.58,190.97
2025-11-23 05:00:00,22.3,74.87,19,4,9.4,3.1,7.52,142.67,201.68
2025-11-23 06:00:00,24.05,65.07,14,5,6.7,0.12,7.16,184.4,172.01
2025-11-23 07:00:00,26.0,71.95,0,5,4.4,5.97,7.79,194.82,149.31
2025-11-23 08:00:00,25.6,72.99,53,10,12.0,6.09,7.58,256.64,261.39
2025-11-23 09:00:00,23.46,66.55,70,12,12.0,13.24,7.3,232.48,289.96
2025-11-23 10:00:00,25.08,76.61,52,7,12.0,12.2,7.38,237.51,249.08
2025-11-23 11:00:00,23.11,77.38,67,10,12.0,14.15,6.3,240.98,251.61
2025-11-23 12:00:00,27.76,75.28,55,8,12.0,13.31,6.83,273.84,241.92
2025-11-23 13:00:00,26.77,74.81,34,8,12.0,13.95,6.49,210.91,232.67
2025-11-23 14:00:00,27.31,77.59,60,9,12.0,10.66,5.65,268.67,262.74
2025-11-23 15:00:00,28.13,70.65,65,12,12.0,9.77,5.68,274.42,277.42
2025-11-23 16:00:00,29.84,72.12,55,7,12.0,7.03,5.75,244.95,244.48
2025-11-23 17:00:00,29.71,68.02,65,12,12.0,1.51,5.66,265.7,275.78
2025-11-23 18:00:00,33.11,64.33,42,6,12.0,0.0,5.69,280.49,253.63
2025-11-23 19:00:00,30.88,79.35,44,9,12.0,0.0,5.51,257.71,254.8
2025-11-23 20:00:00,35.98,52.11,12,2,8.5,0.0,6.32,153.28,177.36
2025-11-23 21:00:00,35.53,72.87,14,5,7.9,0.0,5.5,197.09,198.21
2025-11-23 22:00:00,29.24,66.79,21,3,12.0,1.92,5.68,165.16,184.85
2025-11-23 23:00:00,31.0,64.65,15,5,7.6,0.0,5.96,155.22,166.99
2025-11-24 00:00:00,28.37,73.57,0,3,5.8,0.0,6.28,144.33,138.49
2025-11-24 01:00:00,28.22,61.42,12,3,6.7,2.32,6.46,178.36,160.75
2025-11-24 02:00:00,33.01,62.78,15,5,12.0,1.67,7.49,195.99,195.31
2025-11-24 03:00:00,26.2,67.32,0,3,4.3,1.64,6.84,204.74,140.21
2025-11-24 04:00:00,26.9,71.22,10,2,9.3,0.24,7.15,194.72,164.43
2025-11-24 05:00:00,26.52,67.4,7,1,3.9,0.0,6.83,198.72,169.01
2025-11-24 06:00:00,22.03,87.38,5,1,3.8,0.79,7.14,172.64,167.73
2025-11-24 07:00:00,22.0,88.78,14,2,8.4,6.19,7.48,149.81,181.56
2025-11-24 08:00:00,20.98,62.76,46,6,12.0,10.61,7.43,259.64,192.57
2025-11-24 09:00:00,21.92,80.07,58,10,12.0,14.71,7.41,285.24,260.25
2025-11-24 10:00:00,18.0,85.01,59,10,12.0,15.18,6.55,245.43,247.1
2025-11-24 11:00:00,26.53,76.83,64,7,12.0,13.61,6.47,248.18,245.48
2025-11-24 12:00:00,31.14,65.2,46,7,12.0,11.6,6.79,239.62,224.43
2025-11-24 13:00:00,27.33,70.76,43,5,12.0,14.73,6.28,231.99,203.42
2025-11-24 14:00:00,24.46,69.24,57,10,12.0,14.32,6.08,263.46,248.33
2025-11-24 15:00:00,27.43,69.46,53,8,12.0,4.79,6.14,278.13,240.62
2025-11-24 16:00:00,28.85,62.93,70,8,12.0,4.04,6.16,243.97,272.97
2025-11-24 17:00:00,28.28,71.0,59,9,12.0,2.71,5.48,275.85,256.86
2025-11-24 18:00:00,33.61,57.55,55,10,12.0,0.0,5.66,249.35,273.24
2025-11-24 19:00:00,33.89,66.48,54,7,12.0,0.0,5.69,255.76,252.79
2025-11-24 20:00:00,29.11,62.48,0,2,6.3,0.76,5.47,169.53,124.6
2025-11-24 21:00:00,33.68,69.47,15,2,12.0,2.48,6.04,193.15,158.95
2025-11-24 22:00:00,35.28,62.15,9,5,9.5,0.0,5.91,179.65,190.21
2025-11-24 23:00:00,35.58,68.72,9,2,7.7,0.0,6.29,164.13,178.85
2025-11-25 00:00:00,37.16,73.16,11,2,10.0,0.41,6.73,139.94,177.36
2025-11-25 01:00:00,26.78,83.98,12,3,12.0,0.0,6.8,161.62,183.04
2025-11-25 02:00:00,35.06,49.36,0,2,3.3,0.0,6.59,196.68,149.75
2025-11-25 03:00:00,26.08,67.51,17,5,10.1,1.92,7.14,144.25,183.75
2025-11-25 04:00:00,24.52,72.32,3,4,9.0,2.4,7.24,165.33,147.98
2025-11-25 05:00:00,25.99,76.63,9,5,7.6,0.0,7.08,163.98,179.79
2025-11-25 06:00:00,23.08,63.89,20,4,12.0,1.46,7.0,167.88,184.09
2025-11-25 07:00:00,25.13,67.13,24,5,12.0,1.47,7.33,176.89,208.05
2025-11-25 08:00:00,20.7,78.02,41,9,12.0,8.06,6.7,190.9,204.39
2025-11-25 09:00:00,23.54,75.72,55,11,12.0,9.13,6.69,262.24,260.04
2025-11-25 10:00:00,27.75,74.82,57,8,12.0,9.47,6.45,246.26,242.22
2025-11-25 11:00:00,25.03,77.19,43,8,12.0,11.71,6.28,248.69,209.39
2025-11-25 12:00:00,26.35,75.52,61,10,12.0,14.82,6.33,224.47,244.32
2025-11-25 13:00:00,28.15,73.25,56,10,12.0,10.56,6.66,195.85,229.55
2025-11-25 14:00:00,30.93,70.34,57,11,12.0,11.56,6.32,246.36,250.97
2025-11-25 15:00:00,24.9,78.83,48,6,12.0,12.04,6.33,243.8,214.39
2025-11-25 16:00:00,31.46,53.9,58,8,12.0,6.01,5.59,275.25,244.36
2025-11-25 17:00:00,30.16,81.3,62,11,12.0,0.54,5.02,251.5,269.18
2025-11-25 18:00:00,31.88,53.85,56,9,12.0,0.0,5.49,270.94,242.77
2025-11-25 19:00:00,34.51,59.89,51,5,12.0,1.36,6.12,253.82,243.31
2025-11-25 20:00:00,29.01,69.7,7,1,10.3,0.0,5.67,121.99,156.28
2025-11-25 21:00:00,29.33,75.78,12,4,10.7,2.37,5.93,157.25,182.38
2025-11-25 22:00:00,26.63,52.0,10,4,8.3,1.53,6.02,191.45,180.39
2025-11-25 23:00:00,29.46,70.78,17,2,11.8,0.7,6.54,188.01,161.05
2025-11-26 00:00:00,33.33,73.82,6,4,9.0,1.15,6.79,178.91,172.56
2025-11-26 01:00:00,28.73,78.45,0,2,5.1,0.25,6.16,186.51,139.15
2025-11-26 02:00:00,24.65,69.46,13,2,11.2,0.67,6.05,145.31,195.67
2025-11-26 03:00:00,25.75,71.47,6,2,7.8,0.14,7.29,177.53,168.98
2025-11-26 04:00:00,22.28,71.69,16,2,12.0,1.77,7.12,143.6,179.66
2025-11-26 05:00:00,22.36,73.2,10,2,9.9,2.59,7.5,178.91,180.19
2025-11-26 06:00:00,25.51,66.52,15,1,9.3,0.0,7.2,185.22,173.65
2025-11-26 07:00:00,21.2,70.53,2,2,8.5,2.22,7.46,210.45,156.59
2025-11-26 08:00:00,26.78,75.89,56,10,12.0,6.22,7.15,208.85,255.37
2025-11-26 09:00:00,23.96,75.75,49,6,12.0,8.68,6.81,266.33,211.37
2025-11-26 10:00:00,24.75,77.72,45,7,12.0,14.39,6.76,231.82,231.97
2025-11-26 11:00:00,24.48,75.97,48,7,12.0,10.52,6.65,204.49,214.03
2025-11-26 12:00:00,27.93,76.98,51,9,12.0,15.09,6.71,252.64,245.85
2025-11-26 13:00:00,28.92,77.5,65,6,12.0,16.3,6.23,231.3,253.36
2025-11-26 14:00:00,28.84,59.22,50,9,12.0,10.97,5.72,250.44,205.32
2025-11-26 15:00:00,30.45,64.31,45,5,12.0,12.84,6.52,203.25,225.35
2025-11-26 16:00:00,29.47,69.35,56,8,12.0,9.31,5.92,237.88,240.37
2025-11-26 17:00:00,32.18,68.91,55,8,12.0,2.92,6.2,273.6,234.64
2025-11-26 18:00:00,30.62,65.48,51,8,12.0,1.64,5.32,240.43,216.01
2025-11-26 19:00:00,31.87,75.68,54,6,12.0,0.0,5.64,246.03,238.08
2025-11-26 20:00:00,31.31,83.54,18,7,9.6,0.0,5.87,154.28,192.16
2025-11-26 21:00:00,30.72,71.4,15,2,12.0,0.0,6.16,193.29,188.99
2025-11-26 22:00:00,29.74,71.37,15,2,9.3,2.7,5.44,180.17,167.02
2025-11-26 23:00:00,32.0,75.15,1,5,4.5,0.0,5.64,153.6,146.64
2025-11-27 00:00:00,33.28,55.25,33,6,11.3,0.08,6.27,175.46,201.81
2025-11-27 01:00:00,31.96,69.43,18,2,7.7,0.0,6.9,139.52,184.25
2025-11-27 02:00:00,24.86,81.05,14,3,12.0,1.73,6.66,192.56,179.03
2025-11-27 03:00:00,30.19,65.97,1,2,4.8,1.66,7.02,169.98,170.24
2025-11-27 04:00:00,25.2,65.37,18,2,12.0,0.0,7.21,184.89,178.84
2025-11-27 05:00:00,26.67,71.63,6,2,5.6,0.0,6.98,178.99,165.44
2025-11-27 06:00:00,22.27,75.59,8,3,4.9,0.0,7.81,168.88,159.06
2025-11-27 07:00:00,24.49,68.1,0,4,4.5,4.51,6.99,157.62,117.72
2025-11-27 08:00:00,24.78,88.92,45,7,12.0,6.97,6.47,252.16,240.08
2025-11-27 09:00:00,20.42,73.95,59,9,12.0,10.06,6.72,213.01,238.84
2025-11-27 10:00:00,26.06,65.28,63,8,12.0,12.82,6.61,238.3,257.18
2025-11-27 11:00:00,28.54,70.97,60,11,12.0,12.5,6.77,208.32,262.6
2025-11-27 12:00:00,25.56,80.06,60,11,12.0,11.49,6.58,236.62,243.11
2025-11-27 13:00:00,30.37,70.47,54,10,12.0,15.0,6.5,264.82,243.17
2025-11-27 14:00:00,27.53,75.73,52,8,12.0,10.35,6.76,205.98,233.49
2025-11-27 15:00:00,31.16,63.69,57,6,12.0,7.5,5.94,219.12,238.31
2025-11-27 16:00:00,24.45,84.9,62,11,12.0,8.0,6.1,235.36,257.33
2025-11-27 17:00:00,36.88,69.72,55,9,12.0,1.41,5.57,232.27,258.3
2025-11-27 18:00:00,35.2,74.29,65,9,12.0,0.0,5.8,217.52,290.66
2025-11-27 19:00:00,31.15,72.35,53,9,12.0,3.16,5.61,226.0,254.63
2025-11-27 20:00:00,27.07,78.43,2,3,3.6,3.18,5.75,195.65,148.07
2025-11-27 21:00:00,32.58,62.68,10,2,5.4,2.38,5.99,185.55,165.89
2025-11-27 22:00:00,27.85,68.66,11,3,4.3,1.52,6.44,174.44,155.99
2025-11-27 23:00:00,31.94,78.67,9,1,11.7,2.31,6.27,148.57,177.5
2025-11-28 00:00:00,31.03,80.8,20,5,11.1,3.93,6.48,206.28,211.29
2025-11-28 01:00:00,26.68,64.89,16,6,11.8,2.19,6.82,183.08,193.21
2025-11-28 02:00:00,30.8,71.79,0,1,5.4,0.5,7.21,180.26,164.76
2025-11-28 03:00:00,28.98,68.3,22,5,12.0,1.75,6.57,177.16,187.84
2025-11-28 04:00:00,28.44,66.81,0,3,4.9,0.0,7.28,174.58,170.88
2025-11-28 05:00:00,25.19,75.96,27,6,11.8,0.29,6.81,167.65,202.33
2025-11-28 06:00:00,21.0,84.89,8,2,5.7,0.38,7.76,161.74,141.29
2025-11-28 07:00:00,26.58,76.15,8,1,7.1,3.35,7.39,124.53,157.16
2025-11-28 08:00:00,23.32,73.04,55,8,12.0,6.37,7.62,236.88,249.3
2025-11-28 09:00:00,20.66,80.74,58,11,12.0,12.48,6.48,234.6,252.76
2025-11-28 10:00:00,27.92,69.54,55,6,12.0,10.22,6.84,263.13,253.74
2025-11-28 11:00:00,30.42,73.19,54,7,12.0,13.82,7.01,261.47,234.07
2025-11-28 12:00:00,25.9,83.25,65,9,12.0,11.42,6.99,238.62,275.39
2025-11-28 13:00:00,32.36,54.41,60,8,12.0,9.51,6.42,240.69,271.12
2025-11-28 14:00:00,28.23,77.42,47,8,12.0,14.51,5.95,226.56,225.95
2025-11-28 15:00:00,28.08,61.17,61,11,12.0,12.47,5.84,238.17,239.92
2025-11-28 16:00:00,28.42,80.3,59,7,12.0,6.03,5.44,242.92,268.44
2025-11-28 17:00:00,34.92,62.7,51,8,12.0,3.72,6.24,259.63,265.26
2025-11-28 18:00:00,29.51,62.42,61,9,12.0,0.0,5.93,282.95,256.22
2025-11-28 19:00:00,33.7,72.88,54,8,12.0,0.0,5.66,260.97,233.01
2025-11-28 20:00:00,30.6,72.73,8,1,7.5,0.0,6.0,144.54,160.07
2025-11-28 21:00:00,30.71,63.11,8,2,8.5,0.92,5.9,161.75,150.57
2025-11-28 22:00:00,34.04,59.0,0,1,7.9,0.0,5.99,156.2,161.01
2025-11-28 23:00:00,29.88,69.37,6,4,3.6,0.83,6.03,179.47,159.03
2025-11-29 00:00:00,28.99,62.88,16,5,8.6,3.34,6.24,211.47,166.47
2025-11-29 01:00:00,31.87,61.86,10,1,8.3,0.78,6.84,185.1,158.81
2025-11-29 02:00:00,31.99,70.01,0,1,2.7,0.25,7.27,165.35,144.79
2025-11-29 03:00:00,28.58,64.84,18,3,8.3,0.0,6.95,187.45,209.58
2025-11-29 04:00:00,24.36,77.53,8,6,10.4,0.0,6.92,170.29,180.75
2025-11-29 05:00:00,23.9,85.3,0,2,2.9,0.0,7.61,205.22,123.73
2025-11-29 06:00:00,24.74,73.25,28,4,12.0,3.08,7.33,137.42,206.17
2025-11-29 07:00:00,24.94,75.05,2,1,3.4,1.71,6.49,151.5,143.78
2025-11-29 08:00:00,21.53,90.66,62,9,12.0,3.16,6.95,252.37,283.72
2025-11-29 09:00:00,25.94,65.13,49,8,12.0,9.69,7.23,243.01,260.76
2025-11-29 10:00:00,24.75,82.61,56,9,12.0,12.83,6.62,255.16,233.49
2025-11-29 11:00:00,20.88,84.48,48,8,12.0,16.17,6.72,228.01,229.08
2025-11-29 12:00:00,23.68,81.01,45,7,12.0,14.49,6.06,282.4,228.43
2025-11-29 13:00:00,25.7,82.65,59,9,12.0,15.37,6.15,263.84,243.58
2025-11-29 14:00:00,27.82,74.09,58,9,12.0,13.98,5.72,218.78,246.71
2025-11-29 15:00:00,33.76,63.89,64,7,12.0,11.56,5.5,251.57,266.61
2025-11-29 16:00:00,30.6,77.85,55,9,12.0,4.73,5.54,274.75,254.48
2025-11-29 17:00:00,28.73,79.42,70,10,12.0,4.65,6.03,261.23,279.07
2025-11-29 18:00:00,32.02,76.93,57,6,12.0,0.0,5.85,250.04,265.22
2025-11-29 19:00:00,30.98,70.22,60,13,12.0,3.99,6.45,228.38,268.95
2025-11-29 20:00:00,32.81,63.62,0,2,0.4,1.4,5.6,161.87,147.18
2025-11-29 21:00:00,33.32,69.62,5,3,5.8,0.0,6.29,151.99,158.98
2025-11-29 22:00:00,34.49,74.05,14,3,7.2,0.75,6.75,159.02,195.9
2025-11-29 23:00:00,30.77,77.23,9,4,6.4,0.0,6.68,167.61,168.0
2025-11-30 00:00:00,34.1,64.72,12,2,7.3,0.0,6.9,162.54,185.4
2025-11-30 01:00:00,31.31,71.89,3,2,5.6,1.75,6.75,149.36,159.03
2025-11-30 02:00:00,26.23,64.08,11,2,9.0,0.0,6.98,158.14,180.13
2025-11-30 03:00:00,32.49,75.75,11,4,7.4,0.0,6.74,214.15,180.44
2025-11-30 04:00:00,26.82,67.34,1,1,2.8,0.41,6.26,179.72,143.2
2025-11-30 05:00:00,23.08,80.94,15,5,9.9,0.0,7.34,124.77,191.95
2025-11-30 06:00:00,28.67,63.49,0,2,4.0,0.0,6.96,206.77,144.46
2025-11-30 07:00:00,29.33,78.29,11,4,5.1,3.74,7.12,135.67,173.28
2025-11-30 08:00:00,23.92,77.11,69,11,12.0,7.3,6.9,283.64,259.9
2025-11-30 09:00:00,22.88,70.12,60,11,12.0,11.64,7.18,262.92,265.76
2025-11-30 10:00:00,24.1,79.57,60,8,12.0,17.01,6.83,235.41,255.22
2025-11-30 11:00:00,26.96,68.6,48,9,12.0,9.57,7.15,217.16,226.9
2025-11-30 12:00:00,29.19,76.41,69,7,12.0,12.4,6.25,229.37,246.06
2025-11-30 13:00:00,28.39,69.81,66,10,12.0,13.97,6.36,245.9,250.89
2025-11-30 14:00:00,28.25,59.77,48,7,12.0,14.15,6.03,246.46,208.86
2025-11-30 15:00:00,32.78,61.78,51,6,12.0,10.59,5.83,260.54,237.87
2025-11-30 16:00:00,29.22,68.13,65,8,12.0,9.25,5.78,261.04,244.39
2025-11-30 17:00:00,33.41,77.79,69,9,12.0,0.66,6.26,278.9,280.91
2025-11-30 18:00:00,30.74,76.39,45,7,12.0,0.0,6.0,264.15,226.31
2025-11-30 19:00:00,32.94,79.91,47,7,12.0,2.92,5.57,268.17,234.42
2025-11-30 20:00:00,31.72,80.97,9,3,6.3,0.0,5.59,139.85,178.39
2025-11-30 21:00:00,31.72,65.65,0,1,7.6,0.0,5.66,168.76,135.44
2025-11-30 22:00:00,30.52,68.92,10,2,8.7,0.0,6.14,201.55,162.26
2025-11-30 23:00:00,34.19,64.79,19,4,12.0,0.87,5.76,164.55,205.41
2025-12-01 00:00:00,28.17,67.18,0,2,6.3,0.0,6.42,175.78,143.37
2025-12-01 01:00:00,27.18,59.68,11,5,9.8,0.0,6.84,161.66,182.16
2025-12-01 02:00:00,33.3,68.19,5,4,4.6,0.0,6.65,183.87,171.09
2025-12-01 03:00:00,29.41,62.01,23,5,12.0,0.0,7.08,180.77,189.46
2025-12-01 04:00:00,20.04,77.33,5,3,7.5,0.0,7.29,141.52,172.94
2025-12-01 05:00:00,23.76,89.78,22,5,9.8,0.0,6.66,183.62,195.45
2025-12-01 06:00:00,20.01,74.03,5,2,5.8,0.21,7.37,147.45,168.72
2025-12-01 07:00:00,21.76,77.73,16,5,8.2,0.0,7.11,164.87,186.28
2025-12-01 08:00:00,18.0,85.35,57,7,12.0,9.73,7.84,261.28,251.26
2025-12-01 09:00:00,23.79,76.91,54,5,12.0,9.69,7.14,269.39,242.23
2025-12-01 10:00:00,21.68,78.47,49,6,12.0,9.91,6.58,253.68,235.6
2025-12-01 11:00:00,25.32,71.34,58,11,12.0,11.58,6.07,225.63,249.06
2025-12-01 12:00:00,21.94,74.62,51,8,12.0,12.73,6.48,233.45,245.59
2025-12-01 13:00:00,27.17,65.86,49,8,12.0,13.54,6.75,246.25,221.7
2025-12-01 14:00:00,26.96,78.65,67,10,12.0,12.43,5.89,206.47,259.91
2025-12-01 15:00:00,32.79,56.46,59,10,12.0,9.51,6.04,229.8,264.51
2025-12-01 16:00:00,33.53,74.93,60,9,12.0,5.49,6.07,250.8,295.56
2025-12-01 17:00:00,32.79,58.82,52,8,12.0,3.6,5.97,277.03,254.29
2025-12-01 18:00:00,30.65,76.88,54,9,12.0,0.0,5.7,223.98,241.96
2025-12-01 19:00:00,36.83,63.34,53,8,12.0,0.0,5.5,243.34,255.11
2025-12-01 20:00:00,28.12,63.29,13,4,9.1,0.0,5.72,183.5,151.26
2025-12-01 21:00:00,28.35,75.81,15,4,11.6,0.0,5.56,144.23,195.33
2025-12-01 22:00:00,31.25,76.22,10,3,8.0,0.0,5.77,168.64,130.08
2025-12-01 23:00:00,36.46,63.01,4,1,6.1,0.0,6.64,208.88,158.01
2025-12-02 00:00:00,29.49,76.0,16,4,12.0,3.43,6.62,139.36,213.27
2025-12-02 01:00:00,28.58,55.6,10,2,7.5,0.0,6.81,174.79,173.57
2025-12-02 02:00:00,24.4,65.28,0,4,5.0,3.02,6.65,175.08,153.29
2025-12-02 03:00:00,29.33,80.12,0,1,5.9,0.0,7.48,186.73,140.13
2025-12-02 04:00:00,28.38,70.17,12,5,10.2,4.01,7.11,161.2,203.14
2025-12-02 05:00:00,27.14,59.56,3,1,6.6,1.17,7.32,197.64,143.04
2025-12-02 06:00:00,22.96,70.63,13,4,7.0,1.58,7.71,169.88,162.94
2025-12-02 07:00:00,22.37,69.48,4,1,6.7,0.89,7.02,179.77,163.99
2025-12-02 08:00:00,20.77,75.9,56,10,12.0,6.35,6.97,258.24,238.68
2025-12-02 09:00:00,24.35,71.96,52,8,12.0,9.38,7.43,237.88,222.65
2025-12-02 10:00:00,21.83,77.57,69,8,12.0,11.92,7.18,246.74,241.73
2025-12-02 11:00:00,22.23,75.55,63,12,12.0,16.07,6.83,255.63,257.16
2025-12-02 12:00:00,24.94,83.66,66,11,12.0,15.38,5.74,250.64,250.22
2025-12-02 13:00:00,25.74,76.55,55,9,12.0,13.19,6.74,218.66,259.61
2025-12-02 14:00:00,26.66,76.15,62,8,12.0,14.12,5.89,260.78,239.78
2025-12-02 15:00:00,30.2,78.62,56,10,12.0,12.27,5.73,265.85,230.52
2025-12-02 16:00:00,30.2,67.74,67,8,12.0,5.86,5.74,294.11,232.35
2025-12-02 17:00:00,30.11,61.69,54,5,12.0,2.43,5.31,254.37,238.25
2025-12-02 18:00:00,31.92,77.7,44,5,12.0,4.32,6.13,250.62,223.63
2025-12-02 19:00:00,29.38,71.98,39,5,12.0,0.0,5.79,251.62,219.39
2025-12-02 20:00:00,32.26,69.99,23,4,12.0,0.0,6.05,153.54,189.27
2025-12-02 21:00:00,32.24,64.6,14,3,9.0,0.0,5.66,192.51,174.8
2025-12-02 22:00:00,27.71,67.89,14,3,11.7,2.15,6.45,122.21,187.03
2025-12-02 23:00:00,33.32,74.2,22,4,12.0,1.44,6.79,163.32,200.92
2025-12-03 00:00:00,27.8,79.04,0,1,5.0,0.0,6.05,215.29,126.9
2025-12-03 01:00:00,29.26,76.6,7,3,9.2,1.22,6.31,178.49,177.91
2025-12-03 02:00:00,30.91,75.51,8,3,12.0,0.5,6.62,148.5,177.92
2025-12-03 03:00:00,29.28,75.09,16,3,9.7,0.0,7.39,137.02,200.31
2025-12-03 04:00:00,26.09,74.26,4,5,4.6,0.0,7.26,205.11,166.84
2025-12-03 05:00:00,24.27,73.39,0,2,3.0,0.3,7.25,146.91,154.58
2025-12-03 06:00:00,26.9,81.24,0,2,6.0,0.0,7.43,168.91,162.75
2025-12-03 07:00:00,25.82,70.91,19,5,9.5,3.76,7.95,163.49,208.95
2025-12-03 08:00:00,22.45,78.47,49,6,12.0,6.9,6.58,241.2,239.35
2025-12-03 09:00:00,22.15,70.47,51,8,12.0,7.0,6.96,231.59,220.36
2025-12-03 10:00:00,19.36,73.44,60,10,12.0,11.07,5.82,239.82,219.82
2025-12-03 11:00:00,25.56,72.06,49,8,12.0,13.01,6.88,258.57,229.38
2025-12-03 12:00:00,25.79,67.92,41,5,12.0,17.72,6.88,249.49,209.72
2025-12-03 13:00:00,29.81,76.32,42,6,12.0,13.2,6.19,260.66,206.95
2025-12-03 14:00:00,28.9,61.94,55,9,12.0,12.67,6.33,246.71,244.28
2025-12-03 15:00:00,32.37,69.64,59,6,12.0,14.2,5.4,227.54,238.84
2025-12-03 16:00:00,28.26,72.75,53,6,12.0,3.84,5.97,228.14,228.48
2025-12-03 17:00:00,33.67,55.35,58,12,12.0,0.55,6.59,242.63,261.62
2025-12-03 18:00:00,30.14,67.41,42,8,12.0,0.0,5.57,231.18,214.92
2025-12-03 19:00:00,33.81,69.72,43,9,12.0,0.0,5.87,212.1,269.49
2025-12-03 20:00:00,28.35,74.75,28,7,12.0,0.0,5.6,187.58,179.39
2025-12-03 21:00:00,32.45,67.45,20,5,12.0,0.0,6.0,176.37,180.74
2025-12-03 22:00:00,26.5,77.79,16,3,8.5,0.0,6.49,187.25,201.22
2025-12-03 23:00:00,30.16,69.72,5,3,3.9,1.95,6.5,201.62,140.12
2025-12-04 00:00:00,31.1,69.92,8,5,6.9,0.0,6.46,127.24,168.46
2025-12-04 01:00:00,27.73,73.95,10,4,9.5,2.37,6.67,174.24,182.49
2025-12-04 02:00:00,25.37,80.33,21,5,12.0,0.0,6.48,165.11,203.0
2025-12-04 03:00:00,29.08,66.51,13,3,11.5,3.92,7.42,200.18,189.06
2025-12-04 04:00:00,25.74,70.17,14,4,10.1,0.0,7.46,165.7,203.6
2025-12-04 05:00:00,23.95,70.15,9,2,8.2,0.0,6.83,147.11,152.69
2025-12-04 06:00:00,24.64,72.03,16,5,11.7,0.0,7.36,159.35,196.43
2025-12-04 07:00:00,30.73,80.07,12,2,9.4,3.69,6.95,213.4,179.38
2025-12-04 08:00:00,26.88,76.79,55,8,12.0,5.04,7.03,238.37,242.49
2025-12-04 09:00:00,27.04,64.75,49,6,12.0,5.61,7.35,221.29,237.02
2025-12-04 10:00:00,25.62,69.46,54,8,12.0,10.56,7.25,214.47,248.14
2025-12-04 11:00:00,25.59,76.3,46,6,12.0,16.72,6.96,232.35,223.4
2025-12-04 12:00:00,20.01,71.25,55,11,12.0,12.0,6.41,220.84,250.17
2025-12-04 13:00:00,25.27,68.84,56,7,12.0,14.54,6.45,209.57,227.3
2025-12-04 14:00:00,26.8,82.26,36,7,12.0,12.14,5.83,246.47,193.59
2025-12-04 15:00:00,24.35,70.26,53,7,12.0,8.99,6.2,240.1,206.82
2025-12-04 16:00:00,27.11,79.31,46,8,12.0,11.09,5.8,225.18,214.55
2025-12-04 17:00:00,25.88,82.27,59,10,12.0,2.99,5.56,266.42,231.86
2025-12-04 18:00:00,31.37,64.51,60,6,12.0,0.34,5.44,214.31,234.63
2025-12-04 19:00:00,33.91,61.63,52,6,12.0,0.17,5.96,278.11,224.68
2025-12-04 20:00:00,34.77,65.33,14,2,11.8,3.15,5.76,188.32,167.42
2025-12-04 21:00:00,32.9,60.95,15,2,12.0,0.0,5.76,178.05,198.74
2025-12-04 22:00:00,29.06,72.11,8,3,9.4,4.49,5.93,205.05,158.55
2025-12-04 23:00:00,26.0,71.96,22,5,11.9,3.04,5.86,137.18,206.84
2025-12-05 00:00:00,25.61,76.2,4,1,4.2,0.8,6.56,174.28,145.57
2025-12-05 01:00:00,25.86,83.27,22,5,12.0,1.24,6.81,178.08,189.97
2025-12-05 02:00:00,25.78,79.28,8,2,7.2,0.0,6.38,204.18,158.81
2025-12-05 03:00:00,26.57,76.43,3,2,7.4,0.3,6.69,191.66,137.79
2025-12-05 04:00:00,23.46,61.41,7,2,6.4,0.84,6.62,207.45,150.16
2025-12-05 05:00:00,26.02,76.49,1,3,3.5,0.0,7.69,147.58,139.28
2025-12-05 06:00:00,23.96,86.89,16,6,10.1,3.04,7.52,198.71,200.4
2025-12-05 07:00:00,24.16,53.61,0,3,6.0,4.07,7.66,180.46,143.91
2025-12-05 08:00:00,26.85,77.63,66,12,12.0,7.28,7.76,236.82,278.19
2025-12-05 09:00:00,21.19,75.65,48,6,12.0,8.17,7.22,242.8,218.23
2025-12-05 10:00:00,25.58,67.74,62,8,12.0,14.46,6.88,256.17,257.49
2025-12-05 11:00:00,25.14,79.61,55,9,12.0,13.43,6.78,223.7,230.49
2025-12-05 12:00:00,25.17,85.95,57,11,12.0,12.95,6.27,249.51,237.7
2025-12-05 13:00:00,29.18,76.6,50,9,12.0,11.35,6.01,225.46,241.35
2025-12-05 14:00:00,30.2,67.86,58,7,12.0,11.8,5.95,206.26,250.87
2025-12-05 15:00:00,26.67,66.33,56,8,12.0,7.56,5.85,211.51,238.84
2025-12-05 16:00:00,29.54,71.93,43,8,12.0,7.69,5.23,210.98,247.48
2025-12-05 17:00:00,31.53,75.64,47,7,12.0,5.17,5.29,223.9,216.66
2025-12-05 18:00:00,30.78,67.34,51,7,12.0,0.0,5.26,232.5,208.91
2025-12-05 19:00:00,33.33,66.24,49,7,12.0,0.47,5.27,222.58,242.32
2025-12-05 20:00:00,32.7,88.46,20,4,12.0,2.44,6.03,168.7,189.52
2025-12-05 21:00:00,36.45,73.64,10,2,8.0,0.0,5.82,198.96,176.45
2025-12-05 22:00:00,27.64,80.3,4,4,9.9,0.0,6.03,164.27,172.97
2025-12-05 23:00:00,30.52,60.01,6,2,8.8,0.01,6.43,193.3,142.48
2025-12-06 00:00:00,27.73,67.24,6,3,9.1,0.0,6.79,148.26,165.84
2025-12-06 01:00:00,30.55,70.74,8,5,8.4,0.0,6.87,194.44,192.49
2025-12-06 02:00:00,23.96,67.82,1,2,7.3,0.0,7.47,149.83,158.06
2025-12-06 03:00:00,27.83,83.32,3,4,6.8,0.86,7.08,133.45,170.33
2025-12-06 04:00:00,24.42,84.37,16,2,9.9,0.0,7.26,147.74,192.98
2025-12-06 05:00:00,23.34,71.53,11,4,9.6,1.2,7.06,141.81,192.66
2025-12-06 06:00:00,20.92,89.44,9,4,12.0,2.04,6.64,198.33,154.9
2025-12-06 07:00:00,22.97,75.49,10,2,8.9,1.52,7.3,143.74,189.53
2025-12-06 08:00:00,26.71,91.03,55,8,12.0,5.33,7.5,274.25,245.69
2025-12-06 09:00:00,24.07,75.76,53,8,12.0,11.28,6.81,218.55,250.34
2025-12-06 10:00:00,26.11,77.36,59,9,12.0,11.62,6.72,254.33,251.99
2025-12-06 11:00:00,29.33,80.87,59,10,12.0,13.68,7.04,226.1,277.74
2025-12-06 12:00:00,26.66,81.88,42,6,12.0,14.17,6.48,238.4,226.55
2025-12-06 13:00:00,25.57,77.28,54,8,12.0,11.63,5.97,245.67,244.1
2025-12-06 14:00:00,29.17,70.19,43,10,12.0,13.14,5.76,252.18,235.0
2025-12-06 15:00:00,27.67,75.83,60,11,12.0,10.4,6.16,237.71,250.88
2025-12-06 16:00:00,28.74,65.77,61,11,12.0,4.98,5.76,252.52,249.91
2025-12-06 17:00:00,27.03,73.74,50,8,12.0,3.29,5.68,214.37,218.61
2025-12-06 18:00:00,33.78,60.19,54,12,12.0,0.0,5.22,208.51,259.29
2025-12-06 19:00:00,30.9,57.5,38,8,12.0,1.5,5.89,248.17,237.92
2025-12-06 20:00:00,32.46,69.23,18,4,10.5,2.35,6.17,187.37,176.54
2025-12-06 21:00:00,29.27,79.94,16,4,11.8,0.0,5.81,173.75,201.54
2025-12-06 22:00:00,32.55,75.29,19,4,11.8,0.0,6.24,176.69,186.22
2025-12-06 23:00:00,28.92,70.78,22,5,12.0,1.45,6.15,137.49,198.19
2025-12-07 00:00:00,29.65,83.08,0,3,4.5,4.4,6.71,171.85,159.0
2025-12-07 01:00:00,31.23,65.76,17,5,9.0,1.44,6.88,182.8,209.52
2025-12-07 02:00:00,29.98,57.19,22,4,11.8,0.0,6.77,158.43,200.65
2025-12-07 03:00:00,26.91,57.49,0,1,4.2,0.8,6.32,167.07,151.36
2025-12-07 04:00:00,21.58,68.23,9,3,6.9,1.6,6.91,194.68,166.64
2025-12-07 05:00:00,32.65,74.46,7,4,6.1,0.23,7.39,199.98,183.59
2025-12-07 06:00:00,28.9,66.93,17,3,12.0,2.63,7.61,149.11,186.01
2025-12-07 07:00:00,25.94,76.67,0,2,7.8,1.36,7.06,182.51,165.94
2025-12-07 08:00:00,22.12,87.64,70,12,12.0,6.19,7.66,251.44,286.06
2025-12-07 09:00:00,23.85,67.2,54,7,12.0,10.82,7.59,249.19,237.77
2025-12-07 10:00:00,23.18,78.73,62,9,12.0,13.52,7.14,251.58,255.61
2025-12-07 11:00:00,28.33,75.54,55,11,12.0,12.43,6.31,276.41,265.29
2025-12-07 12:00:00,26.66,66.92,59,9,12.0,13.09,6.75,224.74,230.23
2025-12-07 13:00:00,25.0,83.58,36,6,12.0,12.19,6.1,239.54,199.99
2025-12-07 14:00:00,26.82,70.81,52,8,12.0,10.64,5.89,233.79,222.96
2025-12-07 15:00:00,31.84,66.63,62,11,12.0,10.94,6.09,246.67,254.36
2025-12-07 16:00:00,34.0,82.58,57,9,12.0,6.92,5.96,254.92,249.44
2025-12-07 17:00:00,34.65,71.0,42,8,12.0,6.22,5.89,215.84,248.9
2025-12-07 18:00:00,33.36,74.73,55,9,12.0,0.0,5.93,265.84,263.45
2025-12-07 19:00:00,31.23,79.22,48,8,12.0,0.0,5.71,241.27,230.35
2025-12-07 20:00:00,23.9,70.32,3,3,3.3,1.47,5.3,171.53,138.04
2025-12-07 21:00:00,32.61,77.52,0,2,4.4,0.69,6.66,196.22,156.64
2025-12-07 22:00:00,31.46,66.07,15,2,7.4,0.0,5.96,185.12,169.15
2025-12-07 23:00:00,31.18,65.96,19,5,12.0,2.3,6.04,194.53,183.18
2025-12-08 00:00:00,30.13,68.6,27,5,12.0,0.19,6.07,155.3,193.15
2025-12-08 01:00:00,25.72,69.24,0,1,4.8,3.83,6.76,213.72,116.92
2025-12-08 02:00:00,29.39,76.78,16,5,10.3,0.0,6.91,202.02,220.74
2025-12-08 03:00:00,28.55,73.49,17,6,11.2,2.32,7.02,157.51,179.17
2025-12-08 04:00:00,27.71,68.77,5,2,6.4,0.0,7.72,161.28,148.18
2025-12-08 05:00:00,27.54,77.04,3,2,4.1,0.0,7.5,174.43,156.81
2025-12-08 06:00:00,26.05,71.44,1,1,5.5,0.99,6.94,182.36,126.43
2025-12-08 07:00:00,23.11,73.13,6,2,5.5,0.22,8.0,171.32,142.79
2025-12-08 08:00:00,23.82,75.26,57,9,12.0,2.96,6.66,282.92,256.27
2025-12-08 09:00:00,24.36,77.79,66,10,12.0,8.55,7.03,245.95,268.23
2025-12-08 10:00:00,24.81,76.97,64,9,12.0,9.53,6.64,252.94,261.54
2025-12-08 11:00:00,27.67,69.69,42,8,12.0,9.01,6.84,268.21,236.94
2025-12-08 12:00:00,27.61,78.2,49,8,12.0,15.49,6.72,230.1,229.35
2025-12-08 13:00:00,32.16,67.53,65,14,12.0,11.94,6.15,190.19,270.51
2025-12-08 14:00:00,33.52,63.55,49,8,12.0,11.44,6.47,219.66,242.62
2025-12-08 15:00:00,29.23,60.86,55,4,12.0,10.18,6.0,256.76,236.82
2025-12-08 16:00:00,20.41,84.2,41,5,12.0,8.01,6.32,249.2,203.12
2025-12-08 17:00:00,33.92,67.94,64,10,12.0,4.19,6.05,246.71,256.08
2025-12-08 18:00:00,30.11,72.0,40,6,12.0,0.4,5.54,262.61,224.49
2025-12-08 19:00:00,29.86,78.02,42,6,12.0,0.94,6.1,231.1,227.81
2025-12-08 20:00:00,31.0,66.56,18,2,9.3,0.0,5.58,124.43,156.57
2025-12-08 21:00:00,30.75,60.46,25,4,12.0,0.0,6.15,153.85,191.9
2025-12-08 22:00:00,32.99,68.99,8,3,6.5,0.0,6.28,165.11,172.27
2025-12-08 23:00:00,26.93,74.9,10,4,5.8,1.28,6.11,186.64,175.06
2025-12-09 00:00:00,27.31,70.65,17,3,10.4,0.0,5.8,196.94,170.09
2025-12-09 01:00:00,29.89,80.99,12,5,2.7,3.97,7.22,117.77,154.0
2025-12-09 02:00:00,29.56,53.51,7,1,6.2,1.48,7.05,221.31,163.01
2025-12-09 03:00:00,28.57,79.44,6,3,6.2,1.9,7.07,169.11,163.04
2025-12-09 04:00:00,24.03,80.32,0,3,5.6,1.41,7.2,143.64,154.63
2025-12-09 05:00:00,22.73,78.89,12,2,10.3,1.06,7.61,155.04,174.38
2025-12-09 06:00:00,23.27,51.96,9,2,8.9,0.95,8.06,125.88,166.52
2025-12-09 07:00:00,24.74,83.27,6,3,8.9,4.76,7.59,142.76,161.2
2025-12-09 08:00:00,27.71,65.02,47,7,12.0,7.35,7.32,246.53,248.76
2025-12-09 09:00:00,19.02,74.73,48,7,12.0,8.67,7.17,273.11,212.49
2025-12-09 10:00:00,23.98,73.62,60,10,12.0,9.77,7.03,256.42,257.57
2025-12-09 11:00:00,21.84,79.16,62,10,12.0,14.37,6.36,225.61,250.85
2025-12-09 12:00:00,21.87,80.77,52,7,12.0,16.58,6.7,233.27,216.95
2025-12-09 13:00:00,29.38,77.28,52,8,12.0,13.27,5.83,265.95,243.7
2025-12-09 14:00:00,29.36,76.76,48,6,12.0,12.43,6.25,246.08,215.78
2025-12-09 15:00:00,30.16,72.26,62,11,12.0,7.26,5.77,228.1,288.04
2025-12-09 16:00:00,32.3,71.9,55,11,12.0,6.09,6.11,201.09,258.8
2025-12-09 17:00:00,29.63,63.22,58,8,12.0,1.17,5.86,251.26,260.59
2025-12-09 18:00:00,30.38,65.08,58,9,12.0,0.0,5.58,226.45,261.77
2025-12-09 19:00:00,37.33,71.74,53,10,12.0,0.2,5.37,223.36,277.92
2025-12-09 20:00:00,31.38,75.49,1,2,6.5,0.0,6.32,158.54,149.19
2025-12-09 21:00:00,33.7,73.08,2,3,4.1,1.58,5.9,189.78,164.36
2025-12-09 22:00:00,31.48,65.96,19,4,11.3,1.53,6.71,168.98,206.85
2025-12-09 23:00:00,26.21,79.63,4,1,9.1,0.0,5.86,179.56,152.14
2025-12-10 00:00:00,24.89,66.05,7,3,10.4,0.0,6.41,179.86,153.83
2025-12-10 01:00:00,27.59,79.83,1,4,2.6,0.0,5.92,152.18,171.96
2025-12-10 02:00:00,30.64,68.33,0,2,7.6,0.0,7.16,159.14,160.22
2025-12-10 03:00:00,28.94,83.13,4,5,8.9,1.1,7.36,162.35,179.98
2025-12-10 04:00:00,28.29,61.15,24,2,12.0,1.22,6.98,155.17,198.55
2025-12-10 05:00:00,22.7,88.05,15,4,10.1,0.0,7.04,165.41,174.24
2025-12-10 06:00:00,28.58,69.07,6,2,6.0,1.48,7.16,161.45,167.62
2025-12-10 07:00:00,21.72,73.74,19,3,9.1,8.75,7.19,153.67,176.14
2025-12-10 08:00:00,24.53,75.79,54,10,12.0,6.76,7.0,243.0,253.52
2025-12-10 09:00:00,24.11,69.84,66,10,12.0,9.43,7.44,219.75,263.84
2025-12-10 10:00:00,24.1,74.22,70,10,12.0,10.44,6.74,246.14,263.17
2025-12-10 11:00:00,28.52,66.47,63,10,12.0,14.16,6.04,252.71,252.07
2025-12-10 12:00:00,24.24,69.73,56,5,12.0,16.27,6.41,215.1,227.67
2025-12-10 13:00:00,23.59,78.49,61,11,12.0,12.53,6.11,244.92,251.99
2025-12-10 14:00:00,28.05,65.65,55,11,12.0,11.34,5.64,209.94,256.18
2025-12-10 15:00:00,28.04,66.6,40,8,12.0,8.86,6.0,285.74,210.16
2025-12-10 16:00:00,38.44,55.08,50,9,12.0,4.7,5.13,264.92,262.86
2025-12-10 17:00:00,32.52,65.31,47,7,12.0,3.89,5.86,258.32,241.59
2025-12-10 18:00:00,30.44,79.47,50,6,12.0,0.34,5.69,268.82,228.59
2025-12-10 19:00:00,29.22,65.22,69,12,12.0,0.0,5.53,264.29,266.46
2025-12-10 20:00:00,27.3,67.37,19,6,12.0,3.68,5.41,151.89,190.46
2025-12-10 21:00:00,29.3,72.45,14,4,10.5,0.8,5.42,164.57,155.35
2025-12-10 22:00:00,31.75,66.78,16,4,8.6,0.0,6.41,199.66,176.44
2025-12-10 23:00:00,34.4,83.12,0,2,8.0,1.26,6.19,156.72,162.63
2025-12-11 00:00:00,32.8,67.5,16,3,8.9,0.0,5.91,150.09,181.04
2025-12-11 01:00:00,29.61,73.22,18,8,10.2,0.0,6.7,173.12,193.39
2025-12-11 02:00:00,27.19,79.17,0,2,1.2,0.0,6.8,155.29,142.81
2025-12-11 03:00:00,27.64,78.73,16,3,12.0,0.0,7.56,177.43,179.4
2025-12-11 04:00:00,24.7,75.94,0,4,6.2,0.54,7.05,202.08,160.9
2025-12-11 05:00:00,29.47,69.84,0,2,5.0,4.23,7.62,186.0,149.35
2025-12-11 06:00:00,24.06,88.92,21,4,12.0,0.0,7.22,163.13,196.42
2025-12-11 07:00:00,23.92,74.16,2,4,7.0,3.8,6.86,182.39,147.86
2025-12-11 08:00:00,18.46,75.59,49,9,12.0,7.47,7.36,260.22,242.79
2025-12-11 09:00:00,23.65,70.53,63,11,12.0,8.87,7.49,267.03,262.86
2025-12-11 10:00:00,26.63,60.87,53,6,12.0,11.32,7.22,267.01,223.63
2025-12-11 11:00:00,22.5,81.6,54,9,12.0,15.51,6.82,248.53,232.46
2025-12-11 12:00:00,24.12,58.28,53,7,12.0,12.98,6.85,222.82,246.11
2025-12-11 13:00:00,28.95,71.3,58,8,12.0,11.75,6.35,249.63,246.91
2025-12-11 14:00:00,24.31,73.15,53,9,12.0,15.69,6.13,257.51,239.67
2025-12-11 15:00:00,31.68,85.1,56,9,12.0,7.49,5.42,208.65,229.08
2025-12-11 16:00:00,28.67,58.71,51,9,12.0,8.77,5.88,259.13,230.24
2025-12-11 17:00:00,29.86,64.39,58,10,12.0,3.22,6.26,238.08,241.01
2025-12-11 18:00:00,28.65,70.59,58,10,12.0,0.0,5.13,227.07,245.28
2025-12-11 19:00:00,32.81,67.25,70,8,12.0,0.0,5.27,270.76,256.99
2025-12-11 20:00:00,38.15,61.05,7,6,6.0,0.0,5.69,185.07,193.5
2025-12-11 21:00:00,33.82,67.36,9,3,8.4,0.0,5.46,158.18,176.62
2025-12-11 22:00:00,29.3,62.27,12,5,7.4,0.86,6.34,179.07,163.1
2025-12-11 23:00:00,33.67,70.53,18,1,12.0,0.65,5.69,160.02,176.99
2025-12-12 00:00:00,29.21,54.9,1,2,3.4,0.0,6.74,182.52,148.1
2025-12-12 01:00:00,32.47,68.69,11,1,6.9,0.95,7.06,199.32,179.35
2025-12-12 02:00:00,30.02,66.39,0,1,6.2,0.41,7.13,141.19,164.14
2025-12-12 03:00:00,19.61,84.99,8,3,7.7,2.59,7.07,175.54,163.95
2025-12-12 04:00:00,23.49,87.44,19,4,9.3,0.0,7.38,156.09,210.12
2025-12-12 05:00:00,27.53,70.01,4,4,4.5,0.0,6.87,145.13,169.43
2025-12-12 06:00:00,24.92,83.89,11,6,8.1,2.0,7.39,200.37,179.51
2025-12-12 07:00:00,21.58,74.28,6,1,4.8,4.71,7.06,147.57,132.86
2025-12-12 08:00:00,22.42,69.15,48,7,12.0,2.4,7.5,234.78,222.57
2025-12-12 09:00:00,19.37,90.26,63,8,12.0,6.56,7.31,269.13,235.42
2025-12-12 10:00:00,24.31,78.22,47,9,12.0,12.13,6.62,222.73,240.4
2025-12-12 11:00:00,30.7,70.14,57,9,12.0,16.8,6.83,234.86,268.17
2025-12-12 12:00:00,28.01,76.8,57,9,12.0,13.14,6.64,249.12,247.32
2025-12-12 13:00:00,32.44,70.81,48,8,12.0,14.82,6.13,242.74,254.9
2025-12-12 14:00:00,30.21,69.97,56,8,12.0,12.29,6.11,233.52,239.69
2025-12-12 15:00:00,31.6,60.19,48,6,12.0,11.06,6.11,224.25,229.7
2025-12-12 16:00:00,34.94,65.25,59,9,12.0,9.14,5.65,229.26,234.15
2025-12-12 17:00:00,31.77,73.72,44,7,12.0,5.51,5.42,243.2,234.07
2025-12-12 18:00:00,31.0,69.04,52,9,12.0,1.82,5.78,254.6,236.34
2025-12-12 19:00:00,34.45,73.8,53,6,12.0,0.0,6.25,261.48,253.33
2025-12-12 20:00:00,35.63,69.34,19,5,12.0,0.0,5.75,183.68,213.49
2025-12-12 21:00:00,30.66,63.99,11,2,7.8,1.04,5.81,175.86,163.35
2025-12-12 22:00:00,29.66,61.6,18,4,11.4,0.96,5.82,151.73,188.2
2025-12-12 23:00:00,31.18,68.68,14,5,9.7,1.19,6.7,181.79,187.17
2025-12-13 00:00:00,32.08,65.48,14,3,12.0,0.0,6.81,147.1,199.99
2025-12-13 01:00:00,31.03,72.23,7,5,3.7,2.39,6.66,179.53,195.62
2025-12-13 02:00:00,24.44,69.47,18,2,12.0,0.0,6.62,162.96,184.67
2025-12-13 03:00:00,31.74,65.07,7,5,8.9,0.0,6.79,164.33,191.93
2025-12-13 04:00:00,24.4,81.89,0,4,5.3,0.39,6.89,206.69,139.56
2025-12-13 05:00:00,24.51,75.48,8,2,4.9,0.0,7.1,169.92,168.67
2025-12-13 06:00:00,22.28,71.09,14,2,6.6,2.84,7.1,174.76,158.53
2025-12-13 07:00:00,30.88,70.11,0,1,3.9,1.28,7.01,134.31,154.24
2025-12-13 08:00:00,24.61,84.03,48,9,12.0,6.27,7.58,223.92,256.08
2025-12-13 09:00:00,22.01,78.25,45,7,12.0,5.96,7.62,237.81,213.61
2025-12-13 10:00:00,26.7,77.06,61,9,12.0,12.39,6.52,239.9,263.82
2025-12-13 11:00:00,27.09,67.37,68,8,12.0,13.11,6.51,273.37,263.1
2025-12-13 12:00:00,25.53,80.91,53,11,12.0,11.52,6.17,256.41,258.66
2025-12-13 13:00:00,29.07,87.48,59,8,12.0,16.14,6.4,247.23,239.8
2025-12-13 14:00:00,25.94,67.9,59,9,12.0,14.28,5.98,233.36,255.64
2025-12-13 15:00:00,27.8,63.86,67,10,12.0,10.04,5.57,228.85,263.57
2025-12-13 16:00:00,24.97,75.35,50,7,12.0,9.28,6.39,231.89,216.77
2025-12-13 17:00:00,27.52,78.47,53,7,12.0,3.44,5.9,236.44,220.54
2025-12-13 18:00:00,35.98,65.77,52,8,12.0,1.43,5.36,238.72,246.08
2025-12-13 19:00:00,35.97,59.05,56,10,12.0,1.73,6.25,254.83,277.02
2025-12-13 20:00:00,32.16,68.32,30,5,12.0,0.0,5.41,205.19,215.32
2025-12-13 21:00:00,36.02,70.57,10,6,6.3,0.86,6.15,164.33,160.8
2025-12-13 22:00:00,31.06,67.01,3,1,6.9,0.34,6.95,197.46,151.27
2025-12-13 23:00:00,30.22,74.7,1,3,5.9,0.0,6.25,189.75,159.85
2025-12-14 00:00:00,30.14,78.65,20,2,12.0,0.0,6.4,199.66,216.19
2025-12-14 01:00:00,28.72,73.18,3,1,8.7,1.0,6.77,198.71,176.11
2025-12-14 02:00:00,27.46,72.18,15,3,11.0,0.0,7.68,180.35,188.55
2025-12-14 03:00:00,29.82,76.53,5,1,2.5,0.0,7.58,194.02,161.71
2025-12-14 04:00:00,26.38,67.14,0,2,2.1,1.16,7.04,139.45,131.83
2025-12-14 05:00:00,26.95,66.05,15,4,8.1,1.87,7.38,162.95,156.87
2025-12-14 06:00:00,27.11,70.75,5,1,5.3,0.0,7.62,159.76,157.52
2025-12-14 07:00:00,25.11,70.58,13,7,9.3,3.62,7.12,154.46,206.91
2025-12-14 08:00:00,21.57,70.87,59,9,12.0,10.04,6.8,260.12,254.2
2025-12-14 09:00:00,20.75,89.89,59,9,12.0,8.08,7.45,214.28,246.04
2025-12-14 10:00:00,24.91,89.37,53,10,12.0,15.54,7.08,264.85,259.98
2025-12-14 11:00:00,24.74,71.8,60,11,12.0,12.88,6.82,263.84,280.53
2025-12-14 12:00:00,26.22,73.89,48,7,12.0,13.86,6.89,259.33,210.92
2025-12-14 13:00:00,26.92,71.44,35,3,12.0,10.73,5.89,245.5,195.86
2025-12-14 14:00:00,34.46,75.23,61,10,12.0,9.41,6.02,259.22,262.05
2025-12-14 15:00:00,25.71,82.74,56,7,12.0,8.59,6.86,258.88,238.53
2025-12-14 16:00:00,25.03,61.64,50,10,12.0,8.77,6.01,216.14,229.17
2025-12-14 17:00:00,31.66,72.77,43,6,12.0,8.3,5.95,213.5,256.28
2025-12-14 18:00:00,30.52,61.09,39,6,12.0,5.21,5.74,253.54,215.0
2025-12-14 19:00:00,32.65,81.05,55,7,12.0,0.0,5.08,273.54,253.16
2025-12-14 20:00:00,33.46,71.26,23,3,12.0,0.0,5.52,211.52,198.47
2025-12-14 21:00:00,35.07,61.28,9,3,7.6,0.0,6.25,169.93,159.76
2025-12-14 22:00:00,27.7,70.52,7,3,3.9,2.23,5.91,148.29,154.71
2025-12-14 23:00:00,29.44,68.97,10,2,6.9,0.0,6.23,155.1,148.06
2025-12-15 00:00:00,31.07,73.53,27,8,12.0,0.0,6.6,219.48,242.93
2025-12-15 01:00:00,30.96,77.22,16,5,9.3,0.99,6.37,176.07,202.44
2025-12-15 02:00:00,33.48,60.12,3,2,9.3,0.9,6.45,184.08,161.48
2025-12-15 03:00:00,29.35,83.92,10,1,10.9,0.0,7.06,163.39,174.38
2025-12-15 04:00:00,25.86,84.74,13,5,8.6,0.0,7.06,134.97,198.47
2025-12-15 05:00:00,22.95,69.41,2,7,5.2,0.0,7.35,161.19,171.21
2025-12-15 06:00:00,23.13,75.92,16,4,12.0,0.0,6.8,158.79,167.8
2025-12-15 07:00:00,22.65,87.72,3,1,7.7,1.57,7.09,211.35,153.05
2025-12-15 08:00:00,25.64,82.28,43,7,12.0,4.06,7.43,258.43,247.68
2025-12-15 09:00:00,24.78,71.9,56,7,12.0,10.62,8.1,243.73,214.7
2025-12-15 10:00:00,21.23,82.44,54,9,12.0,11.64,6.94,268.52,239.21
2025-12-15 11:00:00,24.08,95.0,55,11,12.0,11.25,6.94,283.79,241.16
2025-12-15 12:00:00,28.19,72.6,49,7,12.0,11.54,6.67,217.89,244.99
2025-12-15 13:00:00,27.84,67.68,50,7,12.0,11.04,6.4,195.17,222.11
2025-12-15 14:00:00,29.42,72.21,64,10,12.0,10.9,6.34,266.28,251.05
2025-12-15 15:00:00,29.99,72.33,59,8,12.0,12.15,5.6,239.89,250.16
2025-12-15 16:00:00,34.07,64.08,47,5,12.0,5.64,5.68,234.02,213.78
2025-12-15 17:00:00,31.42,72.7,39,6,12.0,4.74,5.81,254.19,216.22
2025-12-15 18:00:00,30.5,61.47,48,7,12.0,3.12,5.36,212.22,230.79
2025-12-15 19:00:00,29.57,66.24,56,11,12.0,0.34,5.88,259.32,253.36
2025-12-15 20:00:00,32.62,74.07,5,4,9.3,0.0,5.14,199.68,149.68
2025-12-15 21:00:00,25.76,61.28,4,5,3.3,0.0,6.22,164.67,136.18
2025-12-15 22:00:00,31.0,76.22,5,4,5.7,0.0,6.05,147.65,159.26
2025-12-15 23:00:00,30.31,56.3,9,3,7.4,3.46,6.54,144.03,139.18
2025-12-16 00:00:00,26.59,60.87,16,3,7.7,0.0,6.85,240.32,172.46
2025-12-16 01:00:00,26.71,69.41,10,5,8.0,2.23,7.2,208.93,171.15
2025-12-16 02:00:00,30.02,72.59,10,4,9.6,0.0,6.99,167.78,189.99
2025-12-16 03:00:00,27.54,81.6,8,1,6.9,1.62,6.46,174.82,167.36
2025-12-16 04:00:00,26.25,73.63,6,1,3.7,0.0,6.58,200.87,137.08
2025-12-16 05:00:00,25.94,71.72,17,2,12.0,3.65,6.83,172.05,175.83
2025-12-16 06:00:00,24.77,78.32,16,1,9.0,1.35,7.55,162.81,162.83
2025-12-16 07:00:00,27.24,66.43,26,6,12.0,4.77,6.78,153.35,202.65
2025-12-16 08:00:00,24.31,75.56,60,7,12.0,5.12,7.11,243.16,248.06
2025-12-16 09:00:00,20.49,68.86,51,7,12.0,13.51,6.92,212.79,236.68
2025-12-16 10:00:00,28.61,72.15,48,8,12.0,17.75,7.03,238.09,225.15
2025-12-16 11:00:00,26.1,72.42,63,9,12.0,17.55,6.96,249.41,259.32
2025-12-16 12:00:00,24.53,68.8,48,7,12.0,11.99,6.53,245.78,224.21
2025-12-16 13:00:00,23.83,76.07,61,12,12.0,13.14,6.57,220.07,269.65
2025-12-16 14:00:00,28.99,72.42,49,6,12.0,9.75,5.71,254.12,218.28
2025-12-16 15:00:00,28.74,79.71,58,7,12.0,8.68,6.29,246.86,229.02
2025-12-16 16:00:00,33.94,56.61,47,8,12.0,7.57,5.85,227.07,235.24
2025-12-16 17:00:00,29.96,70.09,61,8,12.0,5.08,5.99,218.37,228.39
2025-12-16 18:00:00,29.37,65.72,45,6,12.0,1.07,5.52,218.43,222.6
2025-12-16 19:00:00,34.1,73.82,57,7,12.0,0.0,5.01,249.34,255.27
2025-12-16 20:00:00,34.31,72.86,8,3,7.8,0.0,6.04,158.69,180.43
2025-12-16 21:00:00,32.29,72.56,11,4,9.8,1.04,5.88,136.92,180.12
2025-12-16 22:00:00,33.15,63.46,7,3,6.5,1.9,6.52,156.9,161.0
2025-12-16 23:00:00,30.73,76.28,7,2,8.0,0.86,6.44,141.21,185.3
2025-12-17 00:00:00,30.58,59.48,11,2,9.6,0.98,7.53,164.51,172.51
2025-12-17 01:00:00,31.95,57.09,2,2,8.0,0.0,7.15,166.29,149.5
2025-12-17 02:00:00,29.56,61.97,2,4,4.9,0.54,6.81,182.95,160.32
2025-12-17 03:00:00,26.54,72.79,7,5,5.2,5.17,6.51,165.52,148.15
2025-12-17 04:00:00,29.38,75.76,7,5,7.3,2.41,6.89,145.13,163.57
2025-12-17 05:00:00,19.26,57.29,2,3,9.1,0.73,6.94,178.82,154.04
2025-12-17 06:00:00,29.67,80.09,17,6,7.4,1.46,7.12,165.22,182.47
2025-12-17 07:00:00,19.87,78.61,7,1,2.8,3.78,7.23,199.35,131.37
2025-12-17 08:00:00,22.43,64.92,53,7,12.0,7.14,7.3,251.96,222.5
2025-12-17 09:00:00,24.03,75.48,44,8,12.0,11.8,7.55,232.8,229.91
2025-12-17 10:00:00,24.17,82.33,70,10,12.0,10.93,6.6,224.13,257.59
2025-12-17 11:00:00,27.69,76.41,70,11,12.0,13.26,6.22,263.09,276.61
2025-12-17 12:00:00,23.36,82.94,49,9,12.0,11.26,6.79,223.8,236.36
2025-12-17 13:00:00,27.62,62.7,65,11,12.0,15.08,6.76,274.22,242.13
2025-12-17 14:00:00,26.55,70.11,54,7,12.0,14.26,5.93,217.28,235.7
2025-12-17 15:00:00,29.77,64.29,68,10,12.0,11.11,6.3,235.81,258.36
2025-12-17 16:00:00,29.84,82.74,58,8,12.0,6.53,6.08,237.33,230.25
2025-12-17 17:00:00,31.06,74.33,56,8,12.0,3.54,5.13,223.98,247.51
2025-12-17 18:00:00,30.09,90.47,35,4,12.0,0.29,5.48,219.88,226.53
2025-12-17 19:00:00,30.59,66.91,48,8,12.0,2.19,5.56,254.15,231.27
2025-12-17 20:00:00,32.72,63.62,10,1,8.3,2.07,6.5,185.22,138.84
2025-12-17 21:00:00,34.22,66.64,12,4,8.3,0.0,6.11,189.31,188.67
2025-12-17 22:00:00,29.97,80.27,0,4,4.7,0.0,5.92,153.57,169.88
2025-12-17 23:00:00,28.66,68.98,4,3,6.6,0.87,6.05,183.37,140.9
2025-12-18 00:00:00,31.53,70.4,14,4,11.9,0.0,5.95,178.64,178.88
2025-12-18 01:00:00,28.95,72.01,0,4,6.3,1.84,7.08,149.22,159.2
2025-12-18 02:00:00,30.08,70.82,11,4,9.5,0.0,7.04,159.54,160.97
2025-12-18 03:00:00,24.7,69.74,20,3,12.0,1.41,7.28,151.02,213.33
2025-12-18 04:00:00,21.55,75.55,13,4,8.1,0.07,6.74,156.84,171.46
2025-12-18 05:00:00,23.84,73.65,13,6,6.8,0.0,7.53,157.07,184.06
2025-12-18 06:00:00,22.62,75.71,0,1,7.3,0.0,7.22,184.0,151.28
2025-12-18 07:00:00,23.94,81.45,3,1,9.8,2.53,7.02,132.36,152.52
2025-12-18 08:00:00,22.41,88.24,70,11,12.0,6.77,7.37,227.9,270.06
2025-12-18 09:00:00,25.99,67.52,50,8,12.0,9.6,6.65,229.57,226.53
2025-12-18 10:00:00,23.82,72.19,65,9,12.0,13.57,6.96,257.79,238.65
2025-12-18 11:00:00,25.55,67.94,50,6,12.0,12.24,6.61,277.51,228.34
2025-12-18 12:00:00,26.39,74.43,53,5,12.0,13.94,6.88,226.12,238.94
2025-12-18 13:00:00,27.45,68.62,59,7,12.0,16.53,6.61,247.37,245.23
2025-12-18 14:00:00,27.94,73.72,56,11,12.0,13.77,6.13,238.67,242.61
2025-12-18 15:00:00,30.31,78.11,58,9,12.0,10.11,6.03,261.06,244.61
2025-12-18 16:00:00,28.01,54.31,48,5,12.0,4.08,6.02,231.95,236.01
2025-12-18 17:00:00,34.33,71.01,46,9,12.0,0.88,5.72,254.3,233.77
2025-12-18 18:00:00,30.87,66.77,48,10,12.0,1.27,5.41,227.6,221.86
2025-12-18 19:00:00,28.58,74.81,51,10,12.0,1.48,5.56,230.2,246.18
2025-12-18 20:00:00,32.47,62.6,8,2,7.9,0.0,5.38,130.17,167.86
2025-12-18 21:00:00,29.74,79.16,18,4,8.0,1.4,6.26,182.32,147.63
2025-12-18 22:00:00,33.13,74.8,11,4,10.2,0.0,6.24,168.36,186.02
2025-12-18 23:00:00,36.35,70.13,14,6,10.1,0.0,6.14,141.4,185.45
2025-12-19 00:00:00,28.03,77.53,11,2,8.1,1.78,6.25,175.93,146.51
2025-12-19 01:00:00,29.87,65.47,1,1,2.2,1.46,6.79,158.05,137.34
2025-12-19 02:00:00,23.61,70.73,10,4,7.3,0.0,6.41,156.45,152.09
2025-12-19 03:00:00,28.1,77.2,11,5,9.9,1.38,6.69,218.05,164.48
2025-12-19 04:00:00,23.79,69.58,16,4,10.5,0.0,7.19,170.04,186.19
2025-12-19 05:00:00,23.61,85.19,1,3,7.7,0.0,8.13,189.95,160.93
2025-12-19 06:00:00,21.78,74.09,0,2,7.3,2.52,7.46,149.97,126.89
2025-12-19 07:00:00,25.97,76.94,11,3,11.0,6.28,7.34,154.33,159.07
2025-12-19 08:00:00,26.52,87.73,58,8,12.0,5.71,6.78,272.4,261.83
2025-12-19 09:00:00,24.19,69.72,54,7,12.0,8.83,6.74,227.33,243.5
2025-12-19 10:00:00,22.37,76.42,55,8,12.0,13.91,7.37,233.13,203.51
2025-12-19 11:00:00,29.15,78.58,62,8,12.0,12.14,6.55,226.63,238.23
2025-12-19 12:00:00,24.12,81.37,51,9,12.0,15.6,6.52,228.56,228.99
2025-12-19 13:00:00,21.56,74.21,53,10,12.0,11.47,6.5,253.44,237.74
2025-12-19 14:00:00,29.15,67.58,56,9,12.0,11.55,5.95,225.81,246.27
2025-12-19 15:00:00,26.27,71.58,45,6,12.0,11.86,5.76,248.82,216.61
2025-12-19 16:00:00,32.47,79.0,54,10,12.0,5.06,5.2,236.55,242.06
2025-12-19 17:00:00,29.88,68.73,54,9,12.0,2.45,5.3,225.09,245.19
2025-12-19 18:00:00,32.97,69.07,68,11,12.0,0.75,5.91,223.16,271.52
2025-12-19 19:00:00,35.37,63.86,53,8,12.0,0.0,5.57,240.65,242.91
2025-12-19 20:00:00,28.98,76.25,12,5,10.2,0.15,6.04,170.02,157.71
2025-12-19 21:00:00,30.45,71.37,17,6,11.1,2.32,5.38,147.34,190.85
2025-12-19 22:00:00,31.27,62.68,3,2,8.1,1.73,6.38,187.17,133.84
2025-12-19 23:00:00,34.67,60.55,21,6,10.8,0.0,6.28,183.6,191.44
2025-12-20 00:00:00,28.35,57.76,24,7,12.0,0.04,5.99,153.16,218.91
2025-12-20 01:00:00,27.55,66.5,10,3,8.7,2.98,7.1,132.26,171.26
2025-12-20 02:00:00,29.2,76.72,6,3,4.2,2.74,6.41,148.72,176.32
2025-12-20 03:00:00,25.52,83.0,23,5,9.4,0.0,7.44,163.62,200.12
2025-12-20 04:00:00,26.38,77.93,16,2,10.6,0.0,7.18,185.68,181.21
2025-12-20 05:00:00,21.29,80.58,11,4,11.5,1.71,6.96,155.27,195.17
2025-12-20 06:00:00,30.07,69.66,21,6,11.6,2.26,7.95,116.91,212.77
2025-12-20 07:00:00,20.77,82.49,21,4,11.9,6.38,7.41,160.85,194.34
2025-12-20 08:00:00,23.2,77.37,52,9,12.0,8.17,7.62,263.47,248.59
2025-12-20 09:00:00,24.06,87.39,57,11,12.0,9.19,7.22,252.01,265.31
2025-12-20 10:00:00,29.32,70.39,60,9,12.0,8.78,6.82,209.77,261.98
2025-12-20 11:00:00,21.86,85.7,55,9,12.0,17.4,6.4,238.56,247.34
2025-12-20 12:00:00,30.96,76.05,44,6,12.0,17.21,6.44,225.61,224.98
2025-12-20 13:00:00,28.86,76.55,47,7,12.0,11.99,6.35,243.38,226.62
2025-12-20 14:00:00,29.04,57.19,44,8,12.0,12.51,6.39,242.03,229.4
2025-12-20 15:00:00,26.57,79.5,59,9,12.0,9.46,5.8,221.07,228.42
2025-12-20 16:00:00,31.43,68.71,46,8,12.0,7.13,5.99,234.89,247.35
2025-12-20 17:00:00,29.02,68.18,57,9,12.0,2.82,6.31,255.02,234.4
2025-12-20 18:00:00,34.63,56.98,70,11,12.0,1.38,5.76,266.18,276.2
2025-12-20 19:00:00,29.44,70.96,66,12,12.0,0.0,5.04,237.96,270.1
2025-12-20 20:00:00,31.72,69.63,0,4,4.2,0.0,5.82,148.18,156.49
2025-12-20 21:00:00,30.48,61.15,0,3,3.8,1.75,5.9,188.86,165.11
2025-12-20 22:00:00,29.0,60.99,4,3,12.0,0.0,6.06,136.02,180.54
2025-12-20 23:00:00,32.68,72.13,1,2,2.3,0.62,5.73,188.45,131.69
2025-12-21 00:00:00,31.34,75.76,0,2,2.1,0.0,6.6,214.47,140.04
2025-12-21 01:00:00,32.06,70.49,10,4,9.0,3.23,6.52,164.01,167.33
2025-12-21 02:00:00,23.55,83.17,16,4,11.0,0.66,6.86,177.72,172.17
2025-12-21 03:00:00,29.63,70.26,18,5,12.0,0.0,7.4,203.6,201.37
2025-12-21 04:00:00,32.26,68.64,6,5,5.4,2.9,6.91,182.03,197.69
2025-12-21 05:00:00,24.04,68.35,8,3,5.7,0.04,7.24,198.63,164.72
2025-12-21 06:00:00,29.27,60.19,13,1,9.0,0.26,7.23,206.69,179.49
2025-12-21 07:00:00,23.48,88.15,9,6,10.0,5.4,7.21,191.18,188.18
2025-12-21 08:00:00,20.57,85.12,61,8,12.0,5.79,7.04,247.59,243.87
2025-12-21 09:00:00,23.37,65.49,58,9,12.0,12.79,6.93,271.7,248.91
2025-12-21 10:00:00,27.16,73.68,52,9,12.0,13.28,7.49,268.34,251.94
2025-12-21 11:00:00,23.08,74.75,40,9,12.0,12.24,6.56,251.31,253.36
2025-12-21 12:00:00,24.5,72.53,67,13,12.0,13.14,6.59,228.82,283.24
2025-12-21 13:00:00,28.45,68.82,50,7,12.0,11.01,6.33,222.67,253.32
2025-12-21 14:00:00,28.01,74.66,58,11,12.0,12.74,6.13,229.92,255.08
2025-12-21 15:00:00,30.5,75.98,40,7,12.0,9.54,6.1,220.09,228.91
2025-12-21 16:00:00,30.59,73.0,55,13,12.0,7.63,5.59,251.19,266.24
2025-12-21 17:00:00,32.03,68.34,56,10,12.0,0.22,6.22,233.15,240.81
2025-12-21 18:00:00,30.38,69.23,56,8,12.0,0.0,5.38,286.41,220.26
2025-12-21 19:00:00,32.44,75.45,70,9,12.0,0.0,5.67,271.41,262.86
2025-12-21 20:00:00,29.68,74.07,5,1,6.0,0.99,5.39,152.71,161.97
2025-12-21 21:00:00,35.08,67.55,17,5,12.0,0.0,6.25,163.74,197.23
2025-12-21 22:00:00,29.88,70.43,14,5,7.3,0.94,5.78,177.38,189.29
2025-12-21 23:00:00,33.65,70.46,5,4,5.9,0.0,6.56,128.78,188.9
2025-12-22 00:00:00,29.42,67.73,16,1,8.4,3.25,6.59,139.93,151.89
2025-12-22 01:00:00,29.54,76.67,9,1,5.8,0.1,6.77,162.4,177.69
2025-12-22 02:00:00,26.76,65.34,17,5,10.0,1.83,7.29,171.88,175.22
2025-12-22 03:00:00,24.42,71.62,26,8,12.0,0.0,6.85,191.5,212.32
2025-12-22 04:00:00,21.64,80.73,11,3,8.3,1.85,7.71,198.49,154.8
2025-12-22 05:00:00,22.53,67.9,8,5,9.1,0.0,7.14,160.92,177.08
2025-12-22 06:00:00,23.73,63.98,18,3,9.8,0.0,7.45,172.75,181.19
2025-12-22 07:00:00,24.67,74.78,21,5,9.4,2.69,7.21,191.8,202.85
2025-12-22 08:00:00,26.53,61.16,48,7,12.0,10.74,7.41,235.03,245.82
2025-12-22 09:00:00,23.02,66.39,51,10,12.0,7.52,6.71,252.03,262.48
2025-12-22 10:00:00,22.33,81.26,60,8,12.0,16.26,6.94,254.28,247.85
2025-12-22 11:00:00,21.56,75.07,54,11,12.0,10.77,6.71,248.9,252.9
2025-12-22 12:00:00,27.2,81.56,47,7,12.0,15.47,6.65,281.87,217.7
2025-12-22 13:00:00,30.42,61.87,59,7,12.0,12.28,6.43,254.65,239.31
2025-12-22 14:00:00,31.17,69.13,60,8,12.0,12.63,5.8,256.24,248.58
2025-12-22 15:00:00,30.81,72.83,52,7,12.0,9.56,6.39,233.48,218.54
2025-12-22 16:00:00,31.6,61.29,55,9,12.0,5.34,5.79,269.9,259.24
2025-12-22 17:00:00,35.07,74.27,50,7,12.0,3.79,5.98,245.98,238.84
2025-12-22 18:00:00,32.29,72.57,46,6,12.0,0.0,5.26,226.01,230.39
2025-12-22 19:00:00,33.48,56.9,51,9,12.0,1.14,5.58,263.43,227.67
2025-12-22 20:00:00,31.2,69.5,11,1,10.8,0.0,6.18,160.52,159.68
2025-12-22 21:00:00,28.46,74.38,0,1,4.5,0.94,6.51,196.62,145.23
2025-12-22 22:00:00,29.75,66.64,7,1,7.6,1.73,6.25,187.58,156.43
2025-12-22 23:00:00,30.81,59.68,11,2,10.0,0.0,6.26,196.14,179.41
2025-12-23 00:00:00,30.15,72.44,20,5,10.4,0.0,6.13,148.1,191.03
2025-12-23 01:00:00,33.85,83.38,7,3,5.6,3.46,6.99,183.36,171.88
2025-12-23 02:00:00,28.2,69.15,0,2,8.1,0.93,7.01,172.81,154.49
2025-12-23 03:00:00,29.91,81.65,8,5,4.2,0.0,6.24,217.84,182.28
2025-12-23 04:00:00,24.91,68.9,5,3,7.8,0.99,6.59,158.44,164.51
2025-12-23 05:00:00,24.39,76.03,14,6,10.6,0.0,7.4,176.88,188.72
2025-12-23 06:00:00,21.21,82.15,7,4,5.2,2.35,7.01,182.49,127.96
2025-12-23 07:00:00,22.28,75.94,0,1,3.7,7.87,6.91,197.3,133.16
2025-12-23 08:00:00,25.32,71.79,70,13,12.0,8.65,7.16,248.71,264.46
2025-12-23 09:00:00,24.16,79.77,56,9,12.0,7.89,7.19,267.22,258.64
2025-12-23 10:00:00,26.89,86.01,56,12,12.0,8.15,7.4,254.54,275.79
2025-12-23 11:00:00,25.62,75.77,43,7,12.0,16.25,6.42,251.28,188.09
2025-12-23 12:00:00,25.12,70.4,43,8,12.0,13.71,6.65,228.7,222.18
2025-12-23 13:00:00,32.34,67.64,54,9,12.0,12.74,5.93,237.72,248.37
2025-12-23 14:00:00,27.77,89.8,58,9,12.0,14.45,5.93,246.33,246.01
2025-12-23 15:00:00,31.94,70.18,61,11,12.0,8.72,6.0,217.71,246.48
2025-12-23 16:00:00,29.0,67.14,57,12,12.0,8.52,5.76,258.45,258.73
2025-12-23 17:00:00,32.6,60.76,46,4,12.0,3.67,5.25,231.67,201.4
2025-12-23 18:00:00,33.78,55.17,35,7,12.0,0.49,5.88,224.73,227.94
2025-12-23 19:00:00,32.38,71.48,54,7,12.0,3.26,5.99,221.56,246.25
2025-12-23 20:00:00,26.11,77.9,6,1,7.4,0.0,6.63,160.86,140.53
2025-12-23 21:00:00,31.91,66.49,0,3,3.3,0.0,6.01,152.71,149.69
2025-12-23 22:00:00,34.54,67.32,17,5,11.3,0.0,6.16,153.09,184.68
2025-12-23 23:00:00,32.15,60.9,0,3,0.9,0.0,6.4,178.77,137.38
2025-12-24 00:00:00,31.11,70.75,15,4,12.0,1.87,6.02,186.99,201.67
2025-12-24 01:00:00,24.73,77.66,0,3,5.7,1.61,6.25,175.18,158.9
2025-12-24 02:00:00,26.2,69.51,11,2,8.5,0.0,6.87,155.83,154.23
2025-12-24 03:00:00,27.99,83.84,17,4,10.1,0.0,6.26,186.89,183.18
2025-12-24 04:00:00,27.03,66.82,7,4,8.8,0.0,6.8,159.48,167.78
2025-12-24 05:00:00,28.21,73.84,24,7,12.0,0.0,7.1,188.53,218.64
2025-12-24 06:00:00,24.17,80.62,25,5,12.0,0.0,7.65,126.79,205.54
2025-12-24 07:00:00,25.15,73.45,12,3,12.0,0.0,7.36,132.31,198.6
2025-12-24 08:00:00,24.04,73.45,59,9,12.0,11.99,6.66,269.43,267.83
2025-12-24 09:00:00,21.67,66.43,63,8,12.0,10.73,7.05,255.79,268.22
2025-12-24 10:00:00,18.9,87.87,59,10,12.0,13.21,7.1,273.54,269.19
2025-12-24 11:00:00,26.25,72.04,58,7,12.0,13.22,6.96,184.13,219.98
2025-12-24 12:00:00,26.43,76.86,51,9,12.0,15.48,6.87,232.97,232.09
2025-12-24 13:00:00,25.42,78.52,42,7,12.0,12.92,6.71,243.61,205.48
2025-12-24 14:00:00,23.95,70.44,44,5,12.0,11.8,6.3,248.98,192.53
2025-12-24 15:00:00,30.61,68.79,70,8,12.0,12.71,6.1,239.63,272.25
2025-12-24 16:00:00,29.34,80.41,58,8,12.0,9.2,5.89,261.04,245.98
2025-12-24 17:00:00,32.22,61.23,53,8,12.0,3.6,6.02,195.66,222.78
2025-12-24 18:00:00,36.12,81.21,65,12,12.0,4.04,5.42,228.7,310.04
2025-12-24 19:00:00,26.51,67.83,49,8,12.0,0.0,5.66,247.81,208.49
2025-12-24 20:00:00,30.25,62.17,15,5,11.3,0.0,5.56,140.16,176.96
2025-12-24 21:00:00,31.34,70.59,11,5,7.4,0.25,6.09,153.22,174.7
2025-12-24 22:00:00,35.1,82.49,14,5,12.0,0.6,6.01,187.01,181.98
2025-12-24 23:00:00,26.74,59.51,7,3,6.1,0.0,6.65,133.97,161.1
2025-12-25 00:00:00,34.84,66.23,2,1,4.9,0.97,6.52,204.13,146.29
2025-12-25 01:00:00,29.37,74.37,3,3,7.2,4.23,7.08,160.04,169.25
2025-12-25 02:00:00,27.76,72.4,4,1,12.0,1.9,6.16,159.02,166.16
2025-12-25 03:00:00,26.47,75.74,10,6,9.3,1.33,6.81,175.92,154.42
2025-12-25 04:00:00,24.91,69.14,0,3,3.7,0.96,7.52,168.34,130.7
2025-12-25 05:00:00,27.79,67.95,0,2,1.7,0.0,7.28,219.12,157.51
2025-12-25 06:00:00,21.86,75.26,11,4,5.4,0.0,7.67,203.68,172.97
2025-12-25 07:00:00,25.0,66.19,9,3,8.2,3.95,7.36,203.9,154.75
2025-12-25 08:00:00,23.04,75.16,57,8,12.0,6.14,6.87,264.28,239.38
2025-12-25 09:00:00,22.23,73.32,55,9,12.0,7.01,7.69,271.78,246.06
2025-12-25 10:00:00,31.0,66.61,70,10,12.0,11.42,6.67,265.57,251.29
2025-12-25 11:00:00,26.22,75.49,56,12,12.0,14.42,6.45,226.61,280.71
2025-12-25 12:00:00,27.53,59.58,52,7,12.0,15.16,6.79,234.12,216.12
2025-12-25 13:00:00,29.81,69.13,56,9,12.0,11.86,5.97,197.69,244.72
2025-12-25 14:00:00,24.45,90.71,63,8,12.0,12.03,5.65,198.21,259.94
2025-12-25 15:00:00,33.42,60.61,55,7,12.0,10.73,5.67,275.06,235.08
2025-12-25 16:00:00,23.73,83.99,60,7,12.0,4.46,6.09,246.44,239.16
2025-12-25 17:00:00,28.91,71.75,58,10,12.0,2.08,6.48,219.58,242.37
2025-12-25 18:00:00,30.32,66.16,53,8,12.0,0.0,5.7,305.77,234.8
2025-12-25 19:00:00,33.32,59.03,56,10,12.0,0.0,5.47,211.02,245.57
2025-12-25 20:00:00,32.55,69.8,23,5,12.0,0.0,6.24,169.25,214.48
2025-12-25 21:00:00,31.45,79.76,12,4,9.2,4.99,5.72,171.32,162.78
2025-12-25 22:00:00,31.43,66.87,2,1,4.4,0.0,5.94,185.47,133.49
2025-12-25 23:00:00,28.38,71.16,7,4,6.9,2.85,6.44,154.07,150.67
2025-12-26 00:00:00,26.26,80.29,0,1,4.2,0.68,6.9,139.48,142.7
2025-12-26 01:00:00,30.85,72.39,11,1,11.7,0.0,6.73,171.86,182.96
2025-12-26 02:00:00,29.73,59.78,20,5,12.0,1.36,6.78,164.83,176.47
2025-12-26 03:00:00,30.93,70.64,0,1,7.6,0.09,7.88,162.74,161.14
2025-12-26 04:00:00,24.02,85.37,11,1,6.3,2.41,6.96,129.17,162.01
2025-12-26 05:00:00,26.9,72.51,18,6,11.7,1.32,7.08,149.75,219.24
2025-12-26 06:00:00,23.83,55.73,19,3,8.6,0.39,7.16,178.64,165.41
2025-12-26 07:00:00,27.11,75.34,20,2,12.0,3.01,7.47,148.1,176.97
2025-12-26 08:00:00,26.55,71.62,40,5,12.0,9.34,7.03,234.33,225.53
2025-12-26 09:00:00,24.66,61.53,59,8,12.0,9.12,7.35,244.38,247.55
2025-12-26 10:00:00,23.69,63.26,43,9,12.0,9.32,6.88,252.1,244.17
2025-12-26 11:00:00,27.57,79.12,47,5,12.0,9.73,6.6,282.61,236.15
2025-12-26 12:00:00,27.62,67.14,62,7,12.0,11.53,6.3,220.92,246.83
2025-12-26 13:00:00,25.25,67.57,56,10,12.0,15.13,6.28,231.84,237.26
2025-12-26 14:00:00,24.68,74.07,61,9,12.0,11.4,6.26,255.23,239.8
2025-12-26 15:00:00,28.31,67.27,48,8,12.0,8.36,5.92,240.37,226.87
2025-12-26 16:00:00,33.79,68.65,67,9,12.0,6.13,5.89,234.69,265.64
2025-12-26 17:00:00,33.69,66.59,61,12,12.0,5.28,5.46,242.11,284.35
2025-12-26 18:00:00,28.68,63.12,62,8,12.0,1.27,5.45,241.54,223.27
2025-12-26 19:00:00,28.94,67.76,46,8,12.0,0.32,5.73,244.71,225.51
2025-12-26 20:00:00,35.19,70.07,19,7,10.9,0.0,5.85,213.17,205.53
2025-12-26 21:00:00,29.02,71.58,7,2,8.4,0.0,5.95,161.98,148.07
2025-12-26 22:00:00,32.74,68.11,5,1,5.1,0.0,5.89,139.93,146.37
2025-12-26 23:00:00,29.29,84.66,15,5,9.9,0.0,6.32,142.66,180.93
2025-12-27 00:00:00,34.04,72.89,15,5,11.3,0.0,6.51,151.64,218.88
2025-12-27 01:00:00,27.11,78.59,3,1,10.4,0.0,6.66,181.83,157.51
2025-12-27 02:00:00,30.86,68.84,26,7,12.0,0.73,6.67,174.76,215.19
2025-12-27 03:00:00,27.43,73.94,25,5,12.0,0.96,7.25,157.08,222.03
2025-12-27 04:00:00,26.63,69.94,15,5,7.9,2.23,7.19,156.34,183.69
2025-12-27 05:00:00,20.25,82.87,13,6,12.0,0.52,7.01,207.55,190.18
2025-12-27 06:00:00,19.03,77.51,13,5,7.9,0.46,7.26,171.5,165.15
2025-12-27 07:00:00,23.58,76.65,0,2,4.7,1.95,7.07,165.89,145.07
2025-12-27 08:00:00,24.62,75.49,56,8,12.0,6.9,7.19,225.27,253.58
2025-12-27 09:00:00,21.32,76.55,56,13,12.0,7.85,7.57,245.34,251.17
2025-12-27 10:00:00,21.81,95.0,50,7,12.0,8.72,6.95,245.63,233.91
2025-12-27 11:00:00,26.58,68.33,53,9,12.0,12.99,6.78,226.17,251.32
2025-12-27 12:00:00,27.41,67.69,36,7,12.0,12.99,7.0,242.7,192.22
2025-12-27 13:00:00,26.62,77.82,46,8,12.0,14.75,6.39,239.63,219.3
2025-12-27 14:00:00,29.95,66.47,62,13,12.0,10.2,6.25,240.72,302.89
2025-12-27 15:00:00,26.1,71.29,69,10,12.0,15.53,5.98,223.55,254.04
2025-12-27 16:00:00,29.11,63.62,47,7,12.0,6.04,5.67,266.16,241.95
2025-12-27 17:00:00,34.95,70.58,56,11,12.0,3.48,5.88,292.96,267.19
2025-12-27 18:00:00,31.63,72.99,64,9,12.0,0.0,6.3,228.72,264.53
2025-12-27 19:00:00,32.18,66.87,51,9,12.0,1.56,5.26,230.37,259.9
2025-12-27 20:00:00,37.76,70.17,15,4,12.0,0.0,5.65,208.28,212.13
2025-12-27 21:00:00,28.37,58.74,10,5,12.0,0.0,5.64,148.98,168.5
2025-12-27 22:00:00,33.46,63.23,20,5,11.7,0.0,5.84,142.95,189.29
2025-12-27 23:00:00,34.99,65.92,0,1,3.2,1.15,6.72,181.21,134.87
2025-12-28 00:00:00,29.19,62.96,1,1,7.7,1.3,6.44,228.71,142.02
2025-12-28 01:00:00,31.18,57.53,12,1,6.5,0.69,6.96,162.11,184.2
2025-12-28 02:00:00,25.54,71.56,11,1,9.4,0.0,6.67,213.4,169.41
2025-12-28 03:00:00,25.25,78.78,10,3,9.1,0.0,6.84,211.55,191.44
2025-12-28 04:00:00,26.96,81.7,15,1,10.0,1.56,6.84,187.48,168.41
2025-12-28 05:00:00,27.17,68.75,3,2,6.0,0.0,7.78,194.86,152.93
2025-12-28 06:00:00,27.34,77.6,0,2,1.7,2.25,7.57,162.44,146.98
2025-12-28 07:00:00,28.06,76.41,6,4,5.4,3.43,6.91,141.73,175.85
2025-12-28 08:00:00,23.83,83.45,52,9,12.0,6.73,7.59,243.84,251.89
2025-12-28 09:00:00,27.12,70.16,53,10,12.0,10.64,6.97,257.45,264.66
2025-12-28 10:00:00,23.68,62.43,65,10,12.0,14.91,7.06,231.84,264.2
2025-12-28 11:00:00,27.43,72.89,61,9,12.0,15.88,6.72,252.62,260.25
2025-12-28 12:00:00,26.52,65.94,59,9,12.0,13.9,6.0,186.73,255.65
2025-12-28 13:00:00,28.08,66.88,57,8,12.0,12.78,6.0,212.06,255.99
2025-12-28 14:00:00,29.06,69.15,52,9,12.0,9.71,6.57,310.37,215.06
2025-12-28 15:00:00,25.02,71.71,48,5,12.0,11.28,6.26,252.09,213.84
2025-12-28 16:00:00,27.19,73.56,45,9,12.0,3.43,5.45,238.2,243.22
2025-12-28 17:00:00,31.08,74.76,49,6,12.0,7.03,5.8,281.7,260.6
2025-12-28 18:00:00,27.25,69.95,55,9,12.0,1.69,5.62,269.46,244.99
2025-12-28 19:00:00,33.94,70.61,46,8,12.0,0.0,6.13,256.29,219.3
2025-12-28 20:00:00,34.18,67.78,11,5,8.5,2.46,5.74,215.82,198.3
2025-12-28 21:00:00,32.68,75.27,8,1,6.2,1.1,5.67,160.47,143.71
2025-12-28 22:00:00,28.66,70.22,7,2,5.4,0.94,6.36,187.69,160.88
2025-12-28 23:00:00,34.28,67.05,19,5,12.0,0.0,6.71,130.68,214.23
2025-12-29 00:00:00,35.09,64.41,0,5,5.0,1.11,6.64,144.11,168.5
2025-12-29 01:00:00,29.4,69.88,7,3,7.3,0.0,6.91,192.48,141.86
2025-12-29 02:00:00,29.28,65.62,0,1,3.2,0.13,6.48,160.94,138.57
2025-12-29 03:00:00,27.47,66.19,12,6,12.0,0.0,6.62,200.73,174.81
2025-12-29 04:00:00,27.33,77.9,16,5,10.4,0.0,6.72,172.16,199.78
2025-12-29 05:00:00,24.87,66.61,0,4,1.2,0.0,7.64,147.93,139.08
2025-12-29 06:00:00,24.45,72.25,0,1,5.6,0.0,7.16,142.08,120.64
2025-12-29 07:00:00,26.4,80.23,0,3,3.5,6.2,7.56,172.28,157.5
2025-12-29 08:00:00,29.86,68.23,56,7,12.0,4.13,6.98,247.56,240.01
2025-12-29 09:00:00,20.64,82.96,52,6,12.0,10.72,7.06,260.48,227.11
2025-12-29 10:00:00,24.28,70.47,53,9,12.0,9.86,6.62,255.13,232.01
2025-12-29 11:00:00,22.22,68.69,52,9,12.0,16.17,6.59,259.27,238.62
2025-12-29 12:00:00,29.98,59.45,47,7,12.0,14.86,5.9,259.38,233.74
2025-12-29 13:00:00,25.5,82.94,64,12,12.0,10.71,6.18,253.12,264.49
2025-12-29 14:00:00,24.39,66.57,57,8,12.0,12.79,5.96,216.55,228.2
2025-12-29 15:00:00,30.63,75.39,46,7,12.0,8.51,5.34,219.47,218.96
2025-12-29 16:00:00,34.36,60.55,49,8,12.0,7.45,5.96,235.74,223.14
2025-12-29 17:00:00,32.49,78.08,48,7,12.0,0.97,5.93,257.26,229.36
2025-12-29 18:00:00,31.98,84.66,66,12,12.0,2.46,5.47,237.46,280.82
2025-12-29 19:00:00,32.89,56.77,61,8,12.0,0.0,5.31,212.29,277.37
2025-12-29 20:00:00,35.54,59.13,9,2,12.0,0.0,6.41,205.11,181.31
2025-12-29 21:00:00,29.68,76.24,24,3,12.0,0.0,6.02,141.19,197.97
2025-12-29 22:00:00,31.18,73.36,22,7,9.6,0.76,5.27,163.19,197.31
2025-12-29 23:00:00,29.7,76.25,8,2,7.7,0.0,6.14,215.06,167.23
2025-12-30 00:00:00,27.08,68.63,7,2,10.8,0.0,6.27,172.04,137.12
2025-12-30 01:00:00,28.21,85.76,7,2,9.6,0.0,6.45,142.6,158.34
2025-12-30 02:00:00,30.77,70.89,2,4,3.7,0.0,7.28,139.1,171.56
2025-12-30 03:00:00,28.38,63.21,24,6,12.0,0.0,7.15,167.4,219.82
2025-12-30 04:00:00,27.61,70.5,2,1,5.3,0.0,7.42,199.95,146.26
2025-12-30 05:00:00,25.54,65.3,17,3,12.0,0.0,7.22,139.2,172.98
2025-12-30 06:00:00,25.84,84.65,16,2,9.4,1.25,7.6,115.93,180.52
2025-12-30 07:00:00,22.13,71.48,8,3,8.8,1.15,7.14,147.16,159.54
2025-12-30 08:00:00,23.23,78.79,69,12,12.0,9.91,7.27,241.23,287.26
2025-12-30 09:00:00,24.62,71.07,43,6,12.0,12.73,7.24,233.23,226.67
2025-12-30 10:00:00,25.23,69.63,54,9,12.0,13.9,6.68,223.16,258.72
2025-12-30 11:00:00,25.97,60.05,51,7,12.0,11.25,5.97,237.78,240.9
2025-12-30 12:00:00,25.65,77.83,63,8,12.0,18.24,5.91,222.57,236.17
2025-12-30 13:00:00,26.02,82.48,58,10,12.0,8.82,7.1,267.74,255.56
2025-12-30 14:00:00,35.89,60.06,41,10,12.0,10.36,6.33,234.12,263.39
2025-12-30 15:00:00,31.3,58.87,65,11,12.0,11.57,6.18,218.47,256.9
2025-12-30 16:00:00,31.03,75.5,59,8,12.0,8.51,6.3,226.26,248.23
2025-12-30 17:00:00,30.25,58.9,47,7,12.0,2.17,5.33,229.68,226.43
2025-12-30 18:00:00,30.34,78.9,52,11,12.0,0.0,5.45,275.97,252.66
2025-12-30 19:00:00,31.54,63.19,45,8,12.0,0.0,5.34,276.7,221.98
2025-12-30 20:00:00,32.73,60.96,9,2,10.8,0.0,6.63,181.17,183.76
2025-12-30 21:00:00,27.16,74.33,11,3,10.8,0.0,5.59,197.24,154.16
2025-12-30 22:00:00,27.54,65.05,7,3,11.1,3.32,6.54,199.17,183.63
2025-12-30 23:00:00,29.24,66.18,6,3,11.2,0.0,6.06,167.89,186.69
2025-12-31 00:00:00,30.52,72.72,0,4,5.3,2.93,6.53,136.15,158.1
2025-12-31 01:00:00,28.44,54.69,13,5,12.0,0.81,7.15,155.13,188.44
2025-12-31 02:00:00,31.7,80.91,0,2,5.8,2.04,7.0,174.06,148.13
2025-12-31 03:00:00,23.26,75.62,10,3,8.1,0.0,7.02,221.97,167.77
2025-12-31 04:00:00,24.12,65.66,0,3,4.9,2.06,7.99,147.14,163.1
2025-12-31 05:00:00,28.97,64.2,10,2,10.5,1.99,6.63,168.83,167.36
2025-12-31 06:00:00,24.86,81.14,10,5,11.4,0.0,6.97,174.86,204.34
2025-12-31 07:00:00,26.35,77.36,13,3,10.7,5.32,7.16,162.92,191.27
2025-12-31 08:00:00,29.13,80.92,62,10,12.0,4.04,7.56,282.8,274.65
2025-12-31 09:00:00,22.4,71.14,63,12,12.0,8.95,6.89,224.98,274.35
2025-12-31 10:00:00,24.29,76.67,42,8,12.0,14.46,7.24,250.94,210.52
2025-12-31 11:00:00,24.49,77.44,55,9,12.0,13.16,6.1,243.12,237.12
2025-12-31 12:00:00,21.11,81.69,70,10,12.0,13.47,6.9,229.97,281.93
2025-12-31 13:00:00,26.19,81.16,56,9,12.0,16.33,6.61,249.1,251.55
2025-12-31 14:00:00,30.2,65.44,48,6,12.0,8.22,5.72,258.44,229.88
2025-12-31 15:00:00,30.39,69.53,54,9,12.0,9.54,5.92,259.05,242.09
2025-12-31 16:00:00,31.55,65.25,52,5,12.0,6.87,5.71,247.15,224.73
2025-12-31 17:00:00,29.89,70.31,46,9,12.0,2.03,5.88,223.26,234.75
2025-12-31 18:00:00,29.82,75.61,62,11,12.0,2.75,6.11,260.92,253.59
2025-12-31 19:00:00,35.04,55.5,60,9,12.0,0.0,5.49,224.59,268.24
2025-12-31 20:00:00,30.76,77.84,0,1,5.0,0.0,5.94,173.8,150.88
2025-12-31 21:00:00,32.6,60.81,9,3,8.5,0.0,6.02,149.79,163.73
2025-12-31 22:00:00,31.87,67.14,5,1,6.7,2.22,6.14,173.74,155.65
2025-12-31 23:00:00,34.48,76.17,0,3,6.4,0.0,6.8,184.3,153.16
2026-01-01 00:00:00,32.43,71.2,0,2,6.9,0.0,6.56,163.28,155.67
2026-01-01 01:00:00,25.8,75.92,0,4,7.5,0.0,6.28,189.68,145.78
2026-01-01 02:00:00,25.03,65.81,10,4,7.9,2.39,7.16,146.96,165.98
2026-01-01 03:00:00,28.41,64.4,6,3,8.1,3.23,7.63,165.41,169.39
2026-01-01 04:00:00,25.84,80.1,2,3,7.4,0.0,7.24,164.7,169.52
2026-01-01 05:00:00,24.03,70.65,7,1,7.2,0.0,7.75,158.89,151.04
2026-01-01 06:00:00,27.07,69.18,16,3,9.2,0.0,7.15,203.74,190.72
2026-01-01 07:00:00,24.6,81.12,13,4,9.8,3.18,7.42,192.11,169.55
2026-01-01 08:00:00,24.13,67.36,63,9,12.0,6.82,6.65,268.28,262.28
2026-01-01 09:00:00,26.09,75.22,53,7,12.0,6.46,6.85,269.91,268.72
2026-01-01 10:00:00,23.6,75.38,68,10,12.0,12.86,6.96,220.36,256.53
2026-01-01 11:00:00,29.09,71.22,58,9,12.0,12.62,6.94,239.76,235.76
2026-01-01 12:00:00,24.03,71.15,51,12,12.0,15.56,6.65,273.41,251.12
2026-01-01 13:00:00,28.61,67.52,56,8,12.0,13.58,6.74,247.8,242.12
2026-01-01 14:00:00,31.58,61.94,45,6,12.0,8.69,5.56,229.73,226.76
2026-01-01 15:00:00,25.59,77.06,53,8,12.0,11.13,6.45,253.63,244.12
2026-01-01 16:00:00,29.14,66.52,58,11,12.0,4.32,5.56,229.18,245.38
2026-01-01 17:00:00,33.68,74.8,60,12,12.0,1.16,5.3,240.2,262.14
2026-01-01 18:00:00,34.36,65.98,52,11,12.0,0.0,6.06,255.58,265.81
2026-01-01 19:00:00,31.43,62.19,70,10,12.0,0.0,5.34,263.32,283.5
2026-01-01 20:00:00,30.16,68.82,9,4,8.3,0.0,6.3,158.86,169.26
2026-01-01 21:00:00,34.25,64.75,0,1,4.2,0.0,5.17,168.0,139.61
2026-01-01 22:00:00,34.42,74.57,20,4,11.5,0.0,5.84,162.03,200.14
2026-01-01 23:00:00,27.92,69.48,15,2,12.0,0.0,6.6,161.66,184.38
2026-01-02 00:00:00,26.99,70.77,12,4,7.0,0.0,6.74,163.45,153.05
2026-01-02 01:00:00,29.6,80.76,6,3,5.6,0.29,5.79,145.7,149.51
2026-01-02 02:00:00,29.57,74.46,13,4,11.7,1.24,6.67,167.35,187.55
2026-01-02 03:00:00,26.22,84.89,23,3,12.0,0.0,6.47,170.35,204.02
2026-01-02 04:00:00,27.7,81.02,12,5,12.0,0.0,7.24,174.16,220.9
2026-01-02 05:00:00,23.4,69.01,0,1,6.4,1.57,7.29,152.7,142.83
2026-01-02 06:00:00,19.25,85.06,0,2,7.3,3.16,7.21,191.45,146.25
2026-01-02 07:00:00,23.08,86.12,13,3,6.3,3.29,7.24,169.02,159.7
2026-01-02 08:00:00,24.16,85.42,47,5,12.0,6.1,6.81,261.54,234.42
2026-01-02 09:00:00,23.45,82.1,54,9,12.0,10.3,6.81,270.23,230.65
2026-01-02 10:00:00,21.64,83.23,49,8,12.0,14.84,7.27,263.02,226.11
2026-01-02 11:00:00,20.63,75.04,48,9,12.0,11.82,6.54,231.0,213.66
2026-01-02 12:00:00,24.71,68.44,49,11,12.0,13.03,6.3,251.48,210.95
2026-01-02 13:00:00,29.21,68.69,50,8,12.0,12.5,6.69,243.85,265.53
2026-01-02 14:00:00,31.14,58.15,61,11,12.0,9.29,5.69,235.04,268.45
2026-01-02 15:00:00,32.0,78.6,60,11,12.0,11.61,6.45,241.96,269.36
2026-01-02 16:00:00,27.96,70.04,45,8,12.0,7.52,6.35,241.48,234.67
2026-01-02 17:00:00,27.94,81.08,46,6,12.0,0.0,5.37,269.69,239.33
2026-01-02 18:00:00,32.71,60.09,58,6,12.0,0.0,6.02,268.36,246.11
2026-01-02 19:00:00,33.45,75.76,63,10,12.0,3.32,4.97,281.39,273.84
2026-01-02 20:00:00,33.0,65.04,18,4,12.0,0.55,5.84,174.54,181.78
2026-01-02 21:00:00,26.83,63.83,2,4,5.2,3.21,5.58,130.23,139.71
2026-01-02 22:00:00,29.3,82.48,18,3,10.1,0.0,6.28,199.87,162.08
2026-01-02 23:00:00,30.75,77.82,0,2,5.4,1.93,6.4,185.85,149.64
2026-01-03 00:00:00,31.22,71.23,8,1,9.8,2.63,6.4,156.0,162.29
2026-01-03 01:00:00,30.95,70.17,14,3,10.4,0.0,6.32,145.38,187.01
2026-01-03 02:00:00,28.36,74.82,0,1,4.1,0.0,7.22,183.34,161.19
2026-01-03 03:00:00,27.79,73.51,27,4,12.0,2.2,7.05,211.72,213.94
2026-01-03 04:00:00,26.21,67.71,21,4,11.1,1.08,6.95,220.98,212.03
2026-01-03 05:00:00,26.89,69.9,15,3,7.4,1.91,7.09,143.63,175.69
2026-01-03 06:00:00,25.32,87.6,2,6,5.9,0.83,7.27,142.61,180.66
2026-01-03 07:00:00,24.3,93.29,9,4,7.6,3.46,7.24,155.11,169.2
2026-01-03 08:00:00,23.33,86.21,61,11,12.0,6.82,7.3,231.58,268.98
2026-01-03 09:00:00,24.34,77.91,46,7,12.0,9.19,7.4,236.63,231.03
2026-01-03 10:00:00,25.75,71.21,54,9,12.0,12.92,7.27,223.0,236.4
2026-01-03 11:00:00,25.84,67.92,62,9,12.0,13.17,6.63,212.48,249.62
2026-01-03 12:00:00,26.95,67.61,43,11,12.0,14.51,6.65,219.01,243.98
2026-01-03 13:00:00,30.32,66.5,58,9,12.0,11.94,6.22,276.21,241.97
2026-01-03 14:00:00,28.66,86.59,41,6,12.0,10.42,6.52,261.12,212.12
2026-01-03 15:00:00,27.41,85.06,47,7,12.0,11.07,5.89,258.73,240.19
2026-01-03 16:00:00,32.21,74.28,51,9,12.0,7.78,5.85,231.11,263.33
2026-01-03 17:00:00,27.41,65.69,59,11,12.0,2.76,5.72,234.44,268.11
2026-01-03 18:00:00,28.76,77.72,49,10,12.0,2.75,5.86,248.5,266.14
2026-01-03 19:00:00,32.7,67.04,56,8,12.0,0.0,5.95,273.77,271.56
2026-01-03 20:00:00,33.29,53.23,5,1,6.8,0.87,6.29,181.13,153.58
2026-01-03 21:00:00,28.75,73.48,6,5,7.0,0.92,6.36,144.1,191.48
2026-01-03 22:00:00,30.51,64.35,20,8,10.0,0.11,6.12,151.44,224.9
2026-01-03 23:00:00,29.31,65.42,1,2,8.8,2.53,6.28,146.55,154.62
2026-01-04 00:00:00,28.78,69.7,16,6,12.0,3.25,6.42,161.71,200.24
2026-01-04 01:00:00,31.39,66.14,10,1,9.3,0.0,7.06,192.17,167.99
2026-01-04 02:00:00,29.77,70.52,5,1,8.4,0.0,6.99,160.9,166.24
2026-01-04 03:00:00,26.92,72.18,0,1,7.5,0.0,7.93,216.0,140.05
2026-01-04 04:00:00,24.64,61.22,1,3,7.4,0.0,7.17,210.4,154.49
2026-01-04 05:00:00,21.8,86.98,4,2,4.7,0.0,7.81,175.47,166.27
2026-01-04 06:00:00,28.09,65.06,9,3,7.5,3.64,7.84,179.19,165.24
2026-01-04 07:00:00,25.62,67.0,15,6,11.2,9.02,7.8,168.05,190.89
2026-01-04 08:00:00,22.23,73.74,53,7,12.0,5.1,7.08,269.36,250.24
2026-01-04 09:00:00,25.94,72.69,53,9,12.0,10.35,7.04,238.26,247.73
2026-01-04 10:00:00,24.36,84.76,54,6,12.0,12.53,6.84,238.47,249.52
2026-01-04 11:00:00,24.45,76.37,59,11,12.0,14.21,7.22,248.59,271.98
2026-01-04 12:00:00,27.09,76.6,60,11,12.0,11.26,6.34,246.7,254.34
2026-01-04 13:00:00,25.11,75.94,44,8,12.0,15.99,6.09,242.88,214.72
2026-01-04 14:00:00,27.14,74.22,53,9,12.0,13.93,6.34,215.06,239.35
2026-01-04 15:00:00,29.34,73.23,65,9,12.0,8.94,5.47,238.22,250.11
2026-01-04 16:00:00,28.75,57.94,44,5,12.0,9.46,6.08,265.79,233.19
2026-01-04 17:00:00,32.5,67.1,56,9,12.0,0.74,5.33,270.66,251.49
2026-01-04 18:00:00,36.14,74.44,54,10,12.0,0.0,5.56,259.04,276.7
2026-01-04 19:00:00,29.98,95.0,50,11,12.0,0.53,6.13,269.63,239.82
2026-01-04 20:00:00,27.84,63.68,23,4,12.0,0.86,5.61,152.72,179.96
2026-01-04 21:00:00,26.86,75.76,10,4,11.2,0.0,6.04,189.85,161.27
2026-01-04 22:00:00,31.09,65.84,22,6,11.4,2.21,6.52,219.76,189.23
2026-01-04 23:00:00,29.17,85.51,10,5,8.3,0.0,5.89,142.26,174.41
2026-01-05 00:00:00,30.52,60.76,14,3,9.4,2.41,6.56,205.38,180.52
2026-01-05 01:00:00,29.37,75.42,5,2,12.0,1.58,6.93,157.16,188.2
2026-01-05 02:00:00,23.99,64.96,5,2,4.9,3.73,6.4,176.13,141.45
2026-01-05 03:00:00,22.43,73.67,13,2,10.7,0.0,6.7,138.87,170.61
2026-01-05 04:00:00,26.74,72.64,13,6,7.1,0.0,7.76,151.15,192.82
2026-01-05 05:00:00,25.51,81.23,15,4,10.9,0.0,6.87,158.52,180.03
2026-01-05 06:00:00,23.47,67.63,13,3,7.6,1.55,7.18,156.94,170.14
2026-01-05 07:00:00,19.99,82.25,0,2,7.2,6.77,6.57,186.43,163.97
2026-01-05 08:00:00,25.18,74.11,49,8,12.0,6.26,6.92,251.19,245.6
2026-01-05 09:00:00,27.32,74.39,62,9,12.0,11.1,7.34,254.79,285.13
2026-01-05 10:00:00,25.23,80.65,39,6,12.0,15.01,7.24,241.77,212.0
2026-01-05 11:00:00,23.05,66.49,57,11,12.0,14.18,6.98,273.78,238.53
2026-01-05 12:00:00,26.11,79.0,54,8,12.0,15.4,6.49,245.09,245.66
2026-01-05 13:00:00,23.55,71.13,62,8,12.0,9.56,5.92,210.19,254.76
2026-01-05 14:00:00,30.64,77.82,58,9,12.0,15.26,6.24,241.86,239.04
2026-01-05 15:00:00,29.24,73.47,50,11,12.0,9.3,5.78,245.02,246.62
2026-01-05 16:00:00,25.58,72.23,49,7,12.0,12.34,5.24,240.91,213.31
2026-01-05 17:00:00,30.08,66.42,51,9,12.0,1.92,5.74,255.26,224.38
2026-01-05 18:00:00,32.62,74.53,60,9,12.0,0.95,6.14,279.18,243.22
2026-01-05 19:00:00,31.03,78.7,37,7,12.0,1.65,6.12,237.03,217.67
2026-01-05 20:00:00,31.31,65.95,11,5,10.9,0.0,6.22,175.63,193.11
2026-01-05 21:00:00,28.8,63.51,3,1,4.7,3.55,6.04,158.99,144.99
2026-01-05 22:00:00,32.88,73.44,12,2,9.6,1.49,5.77,190.48,159.6
2026-01-05 23:00:00,29.21,61.02,13,5,11.7,0.0,6.5,175.66,171.33
2026-01-06 00:00:00,24.61,65.24,0,2,5.5,0.74,6.55,176.43,128.49
2026-01-06 01:00:00,28.11,64.49,8,3,4.1,0.73,6.62,184.57,146.59
2026-01-06 02:00:00,30.45,67.37,11,4,7.9,0.0,7.13,133.71,170.85
2026-01-06 03:00:00,26.0,64.05,11,2,10.7,0.0,7.23,182.01,149.06
2026-01-06 04:00:00,30.34,56.79,9,5,9.7,0.0,6.98,188.33,158.12
2026-01-06 05:00:00,26.24,65.28,0,3,0.5,1.72,7.04,171.61,112.91
2026-01-06 06:00:00,25.38,78.33,1,2,5.8,1.64,6.9,157.7,133.17
2026-01-06 07:00:00,23.82,66.03,0,3,6.9,3.64,7.36,160.61,165.46
2026-01-06 08:00:00,23.83,72.54,59,11,12.0,7.46,7.51,247.63,306.02
2026-01-06 09:00:00,23.48,88.79,54,8,12.0,9.65,6.86,284.61,265.83
2026-01-06 10:00:00,23.78,74.61,55,10,12.0,10.18,6.53,211.05,249.28
2026-01-06 11:00:00,26.5,75.45,41,10,12.0,13.41,6.88,242.18,220.24
2026-01-06 12:00:00,23.66,68.42,55,10,12.0,12.53,7.05,248.58,235.36
2026-01-06 13:00:00,24.27,89.75,60,9,12.0,11.53,6.99,250.27,246.95
2026-01-06 14:00:00,25.19,70.18,40,10,12.0,7.29,6.63,240.34,249.07
2026-01-06 15:00:00,34.15,66.1,51,8,12.0,9.08,5.92,246.97,228.21
2026-01-06 16:00:00,31.33,78.89,42,9,12.0,8.57,5.49,210.35,227.54
2026-01-06 17:00:00,31.59,68.22,52,8,12.0,6.07,5.94,231.53,239.12
2026-01-06 18:00:00,28.82,71.76,48,9,12.0,0.89,5.68,239.33,235.15
2026-01-06 19:00:00,33.42,66.23,58,8,12.0,0.0,5.66,214.79,228.98
2026-01-06 20:00:00,31.71,67.48,11,4,10.1,0.0,6.47,190.73,172.09
2026-01-06 21:00:00,32.4,71.51,20,3,12.0,0.0,6.42,149.62,173.22
2026-01-06 22:00:00,29.02,75.15,10,6,9.0,3.82,6.32,165.04,202.47
2026-01-06 23:00:00,31.23,65.24,13,3,11.5,0.0,6.26,178.08,187.0
2026-01-07 00:00:00,28.94,65.98,6,1,5.6,0.0,6.5,132.36,164.26
2026-01-07 01:00:00,27.12,68.35,1,2,4.4,1.85,6.17,146.09,132.17
2026-01-07 02:00:00,29.84,60.91,17,5,9.0,0.0,7.27,175.66,188.06
2026-01-07 03:00:00,23.12,64.28,20,4,12.0,2.14,7.52,150.94,213.25
2026-01-07 04:00:00,27.41,74.49,16,3,10.4,0.0,6.93,157.5,199.28
2026-01-07 05:00:00,26.88,79.35,11,5,10.6,0.18,7.05,110.59,194.42
2026-01-07 06:00:00,22.34,82.06,2,4,6.5,1.01,7.64,132.31,175.83
2026-01-07 07:00:00,22.09,59.47,19,2,12.0,0.0,7.16,163.08,204.19
2026-01-07 08:00:00,23.44,73.47,60,8,12.0,5.63,7.59,308.1,272.12
2026-01-07 09:00:00,24.84,66.5,70,10,12.0,8.67,6.79,264.77,282.13
2026-01-07 10:00:00,24.15,75.7,46,7,12.0,12.23,6.79,251.72,236.96
2026-01-07 11:00:00,26.26,70.3,62,10,12.0,12.9,6.89,222.78,251.3
2026-01-07 12:00:00,30.41,74.46,59,12,12.0,14.59,6.39,235.4,264.17
2026-01-07 13:00:00,25.7,73.48,52,8,12.0,13.05,6.16,244.69,236.65
2026-01-07 14:00:00,23.71,61.73,66,12,12.0,14.42,5.96,244.53,256.56
2026-01-07 15:00:00,31.1,63.06,58,7,12.0,14.12,6.18,227.67,241.66
2026-01-07 16:00:00,34.21,67.69,48,8,12.0,4.0,6.14,229.01,238.81
2026-01-07 17:00:00,31.81,69.96,54,8,12.0,3.67,5.9,232.3,210.33
2026-01-07 18:00:00,28.74,61.64,47,8,12.0,2.17,5.46,226.26,236.23
2026-01-07 19:00:00,31.55,58.76,51,5,12.0,0.0,6.21,228.37,231.54
2026-01-07 20:00:00,29.2,71.55,16,2,10.2,0.56,5.9,167.61,170.07
2026-01-07 21:00:00,33.47,58.34,18,5,9.7,0.0,6.3,178.27,216.31
2026-01-07 22:00:00,28.09,60.26,12,2,9.6,0.0,5.65,208.99,166.18
2026-01-07 23:00:00,30.08,67.43,4,2,3.2,0.0,6.7,181.94,138.24
2026-01-08 00:00:00,27.49,68.94,13,6,4.6,0.0,6.37,155.75,182.43
2026-01-08 01:00:00,29.35,64.9,16,4,7.5,0.33,6.55,135.05,182.06
2026-01-08 02:00:00,27.08,67.71,0,3,7.3,0.46,7.04,189.08,169.75
2026-01-08 03:00:00,27.41,72.51,11,2,7.0,0.0,6.35,215.22,160.01
2026-01-08 04:00:00,26.06,68.32,8,1,4.9,0.0,7.32,203.12,146.54
2026-01-08 05:00:00,22.7,76.2,18,4,11.1,0.0,7.18,192.33,181.84
2026-01-08 06:00:00,26.1,70.66,13,1,12.0,1.07,7.79,174.84,157.67
2026-01-08 07:00:00,24.01,75.96,14,3,12.0,2.82,7.37,208.25,176.2
2026-01-08 08:00:00,21.53,82.68,51,8,12.0,8.54,6.85,274.35,255.11
2026-01-08 09:00:00,29.74,76.66,55,8,12.0,9.26,6.79,292.36,243.48
2026-01-08 10:00:00,25.73,82.61,63,10,12.0,10.15,6.04,238.43,243.08
2026-01-08 11:00:00,24.79,80.12,54,9,12.0,12.45,7.56,252.58,235.88
2026-01-08 12:00:00,29.54,72.59,56,7,12.0,17.02,5.62,268.58,235.9
2026-01-08 13:00:00,31.57,66.47,43,6,12.0,17.72,6.1,246.98,205.47
2026-01-08 14:00:00,27.64,69.54,54,5,12.0,9.11,6.36,260.13,225.39
2026-01-08 15:00:00,29.9,64.52,39,6,12.0,11.71,6.45,240.23,212.07
2026-01-08 16:00:00,27.53,72.36,51,9,12.0,4.78,6.44,235.5,237.32
2026-01-08 17:00:00,30.46,75.16,56,11,12.0,2.1,5.69,211.14,255.14
2026-01-08 18:00:00,30.97,64.84,61,10,12.0,0.42,5.88,230.73,281.16
2026-01-08 19:00:00,32.33,68.71,47,10,12.0,0.98,5.62,234.77,246.51
2026-01-08 20:00:00,32.83,63.88,13,4,7.2,0.0,5.26,171.56,161.06
2026-01-08 21:00:00,33.26,69.78,22,5,12.0,1.22,5.57,218.9,206.65
2026-01-08 22:00:00,32.06,65.31,5,2,6.3,2.37,5.5,157.29,150.68
2026-01-08 23:00:00,27.8,66.96,0,1,5.4,1.46,6.4,144.98,138.37
2026-01-09 00:00:00,27.65,67.48,12,5,7.3,0.0,6.38,176.83,186.82
2026-01-09 01:00:00,27.67,75.75,0,2,5.3,0.0,6.64,175.77,164.1
2026-01-09 02:00:00,27.29,71.82,3,4,2.6,1.75,7.14,159.66,140.77
2026-01-09 03:00:00,29.59,67.89,17,3,10.2,3.1,7.15,156.98,208.03
2026-01-09 04:00:00,23.09,77.26,25,9,12.0,0.0,7.42,147.31,217.68
2026-01-09 05:00:00,24.28,71.7,2,2,7.8,0.61,7.91,181.33,156.84
2026-01-09 06:00:00,26.92,80.64,4,1,5.0,1.47,7.02,161.15,141.35
2026-01-09 07:00:00,23.39,68.41,6,2,4.0,0.83,6.62,182.58,158.56
2026-01-09 08:00:00,25.15,72.69,51,8,12.0,9.04,6.99,261.91,223.84
2026-01-09 09:00:00,23.79,65.12,70,10,12.0,14.13,6.99,242.2,269.63
2026-01-09 10:00:00,25.18,71.55,51,7,12.0,13.45,7.05,242.35,250.07
2026-01-09 11:00:00,24.6,62.62,52,6,12.0,14.65,6.96,235.19,218.65
2026-01-09 12:00:00,27.67,77.46,68,9,12.0,12.5,6.13,233.83,271.59
2026-01-09 13:00:00,23.1,80.79,60,11,12.0,12.54,5.87,215.59,247.07
2026-01-09 14:00:00,27.09,78.12,63,8,12.0,10.83,6.58,226.95,229.58
2026-01-09 15:00:00,29.78,70.96,48,5,12.0,8.13,6.05,214.61,220.72
2026-01-09 16:00:00,31.33,63.51,51,7,12.0,6.52,5.93,240.72,230.04
2026-01-09 17:00:00,34.56,61.81,47,8,12.0,4.24,5.82,261.21,248.08
2026-01-09 18:00:00,30.49,80.97,61,8,12.0,0.0,5.75,280.01,249.21
2026-01-09 19:00:00,35.56,76.76,65,9,12.0,0.0,5.65,249.07,276.5
2026-01-09 20:00:00,30.35,71.21,5,1,10.8,0.64,5.56,164.0,140.52
2026-01-09 21:00:00,35.19,63.36,7,4,11.7,0.0,5.75,198.85,183.64
2026-01-09 22:00:00,33.51,77.72,7,4,5.5,1.9,6.86,148.24,167.97
2026-01-09 23:00:00,28.54,66.76,0,5,7.4,0.43,6.92,137.55,158.65
2026-01-10 00:00:00,30.77,71.66,5,2,7.4,0.45,6.82,191.77,166.57
2026-01-10 01:00:00,28.91,80.83,16,3,12.0,2.31,6.68,181.56,187.42
2026-01-10 02:00:00,29.56,65.05,3,4,6.6,1.88,7.1,138.59,171.97
2026-01-10 03:00:00,26.41,78.92,11,4,10.1,1.21,6.57,205.64,182.14
2026-01-10 04:00:00,25.23,77.58,0,1,7.6,0.56,7.54,219.89,144.8
2026-01-10 05:00:00,28.59,71.31,9,4,4.7,0.0,7.19,148.21,163.16
2026-01-10 06:00:00,24.29,67.64,5,3,7.5,0.0,7.31,132.43,162.4
2026-01-10 07:00:00,26.2,68.19,0,1,2.7,1.7,7.31,157.87,142.59
2026-01-10 08:00:00,23.44,77.22,61,8,12.0,7.77,7.13,221.13,221.46
2026-01-10 09:00:00,28.3,61.82,62,10,12.0,10.69,7.35,275.22,269.68
2026-01-10 10:00:00,22.84,76.53,47,10,12.0,12.41,7.46,248.21,266.68
2026-01-10 11:00:00,23.64,78.84,53,9,12.0,10.83,7.01,212.12,252.22
2026-01-10 12:00:00,29.81,77.63,55,8,12.0,8.69,6.52,266.5,249.57
2026-01-10 13:00:00,25.85,63.71,40,6,12.0,13.63,5.92,253.01,199.07
2026-01-10 14:00:00,32.0,78.41,44,8,12.0,8.46,6.11,225.93,216.5
2026-01-10 15:00:00,31.26,81.58,65,6,12.0,10.54,5.91,219.0,261.29
2026-01-10 16:00:00,29.61,73.74,46,6,12.0,10.9,6.1,228.53,227.11
2026-01-10 17:00:00,26.3,65.93,65,12,12.0,4.29,5.5,245.17,250.8
2026-01-10 18:00:00,31.42,67.31,44,8,12.0,0.0,5.39,250.74,247.92
2026-01-10 19:00:00,32.12,68.78,60,8,12.0,0.0,5.83,285.36,269.18
2026-01-10 20:00:00,34.92,69.05,8,1,4.3,0.0,6.13,143.28,150.39
2026-01-10 21:00:00,35.83,66.67,9,4,8.8,0.0,5.99,187.75,178.78
2026-01-10 22:00:00,29.75,72.74,25,5,12.0,2.15,6.44,163.15,206.72
2026-01-10 23:00:00,32.83,67.98,0,2,1.6,0.28,5.85,160.51,153.71
2026-01-11 00:00:00,31.91,71.12,15,4,12.0,0.0,6.67,173.41,184.28
2026-01-11 01:00:00,31.72,66.17,14,4,8.6,1.35,6.26,186.26,195.07
2026-01-11 02:00:00,29.25,68.76,37,7,12.0,2.95,7.83,171.95,236.45
2026-01-11 03:00:00,22.11,72.09,1,1,7.2,0.63,7.53,185.96,162.93
2026-01-11 04:00:00,25.61,87.09,5,1,7.0,0.38,7.33,152.45,172.1
2026-01-11 05:00:00,22.28,86.25,17,5,12.0,0.0,6.71,169.09,197.68
2026-01-11 06:00:00,24.03,78.67,8,4,11.8,0.0,6.82,156.06,195.14
2026-01-11 07:00:00,26.59,82.27,6,3,4.9,0.64,7.94,144.27,152.66
2026-01-11 08:00:00,24.76,79.86,63,9,12.0,6.62,6.79,218.43,262.08
2026-01-11 09:00:00,27.01,73.96,53,10,12.0,8.23,7.24,268.07,247.71
2026-01-11 10:00:00,25.39,63.29,48,7,12.0,11.13,7.54,260.16,227.53
2026-01-11 11:00:00,21.93,74.42,61,11,12.0,11.83,6.74,250.89,249.72
2026-01-11 12:00:00,19.7,75.47,58,8,12.0,12.48,6.08,245.32,218.26
2026-01-11 13:00:00,27.34,64.53,52,7,12.0,9.81,5.67,198.27,244.53
2026-01-11 14:00:00,27.47,61.97,52,8,12.0,12.56,6.23,218.96,242.81
2026-01-11 15:00:00,26.59,76.43,48,9,12.0,11.3,5.55,262.7,223.34
2026-01-11 16:00:00,25.75,75.85,61,9,12.0,7.14,5.81,231.54,220.71
2026-01-11 17:00:00,28.99,63.13,52,8,12.0,4.35,5.35,248.37,231.93
2026-01-11 18:00:00,30.98,64.69,49,7,12.0,0.93,5.49,239.47,236.58
2026-01-11 19:00:00,33.53,76.26,45,8,12.0,0.85,5.53,277.16,258.42
2026-01-11 20:00:00,32.47,62.73,13,3,9.4,1.69,5.72,153.13,168.26
2026-01-11 21:00:00,35.88,67.68,6,2,6.9,2.38,5.68,181.75,176.17
2026-01-11 22:00:00,28.88,70.06,0,2,4.3,3.16,6.2,209.42,136.29
2026-01-11 23:00:00,33.03,72.02,0,2,5.4,0.0,6.64,155.0,164.55
2026-01-12 00:00:00,30.12,64.52,8,6,10.8,0.93,6.37,189.24,193.12
2026-01-12 01:00:00,30.77,70.69,8,2,8.2,0.0,6.8,191.79,175.81
2026-01-12 02:00:00,26.91,73.94,8,2,9.1,2.81,6.57,240.4,151.83
2026-01-12 03:00:00,29.64,72.46,7,3,3.1,0.13,6.52,164.71,157.92
2026-01-12 04:00:00,26.74,73.44,0,1,5.3,0.55,7.33,172.76,155.47
2026-01-12 05:00:00,23.47,77.58,3,1,8.2,0.23,7.58,195.23,135.67
2026-01-12 06:00:00,24.51,89.79,19,2,12.0,0.42,6.63,196.39,196.46
2026-01-12 07:00:00,23.54,93.05,18,3,12.0,6.92,7.24,151.62,169.13
2026-01-12 08:00:00,25.22,69.47,60,8,12.0,9.48,7.34,266.36,236.14
2026-01-12 09:00:00,21.19,60.54,59,7,12.0,13.11,7.17,245.4,228.02
2026-01-12 10:00:00,24.46,78.64,62,9,12.0,11.73,6.69,222.38,243.67
2026-01-12 11:00:00,26.16,74.59,46,4,12.0,9.27,6.72,252.54,217.83
2026-01-12 12:00:00,26.08,80.77,55,9,12.0,15.49,6.82,228.8,242.3
2026-01-12 13:00:00,30.33,72.36,46,7,12.0,11.29,5.99,245.81,226.94
2026-01-12 14:00:00,29.94,71.06,46,7,12.0,11.4,6.64,242.09,213.06
2026-01-12 15:00:00,29.02,79.19,58,10,12.0,9.78,5.45,232.28,262.0
2026-01-12 16:00:00,30.54,79.1,63,10,12.0,7.0,6.12,223.01,260.01
2026-01-12 17:00:00,31.57,59.8,53,7,12.0,4.91,5.75,231.19,246.09
2026-01-12 18:00:00,32.47,63.15,68,11,12.0,0.0,5.52,245.16,246.86
2026-01-12 19:00:00,27.3,71.75,57,11,12.0,1.25,5.08,254.73,257.34
2026-01-12 20:00:00,31.25,70.42,4,1,9.6,0.0,6.22,166.59,146.31
2026-01-12 21:00:00,28.15,70.31,1,3,6.0,5.2,5.61,177.87,148.74
2026-01-12 22:00:00,34.66,70.38,18,2,12.0,0.0,6.09,150.42,209.13
2026-01-12 23:00:00,30.68,77.1,11,5,9.0,0.25,6.46,159.92,166.99
2026-01-13 00:00:00,29.52,83.0,15,3,8.9,1.23,7.33,187.45,190.61
2026-01-13 01:00:00,31.28,73.76,0,1,5.7,0.0,6.58,176.94,143.56
2026-01-13 02:00:00,29.06,65.29,12,5,8.0,0.0,6.92,159.28,161.07
2026-01-13 03:00:00,24.14,73.67,6,4,8.0,2.65,7.21,162.44,176.01
2026-01-13 04:00:00,25.82,73.0,0,1,0.0,1.68,7.23,152.1,156.78
2026-01-13 05:00:00,24.33,78.17,9,3,7.3,0.0,7.01,129.93,193.58
2026-01-13 06:00:00,20.17,80.19,19,3,11.6,0.0,7.82,193.18,188.43
2026-01-13 07:00:00,22.41,90.27,28,3,12.0,4.8,7.11,169.65,178.18
2026-01-13 08:00:00,23.54,71.89,57,9,12.0,7.65,7.36,237.71,249.05
2026-01-13 09:00:00,23.85,77.6,49,7,12.0,11.04,6.99,226.81,228.59
2026-01-13 10:00:00,20.83,93.5,49,6,12.0,11.86,6.69,242.34,232.89
2026-01-13 11:00:00,28.05,67.87,63,12,12.0,15.24,7.07,216.46,264.92
2026-01-13 12:00:00,25.74,74.59,47,6,12.0,17.2,6.59,245.32,189.35
2026-01-13 13:00:00,27.06,66.04,60,9,12.0,16.58,5.53,228.68,246.52
2026-01-13 14:00:00,29.0,71.87,57,10,12.0,10.49,6.2,216.17,249.1
2026-01-13 15:00:00,27.07,67.19,56,8,12.0,14.9,5.71,263.71,239.53
2026-01-13 16:00:00,31.14,77.13,42,6,12.0,8.32,5.25,250.66,218.18
2026-01-13 17:00:00,29.91,71.69,52,9,12.0,0.77,6.06,246.14,252.65
2026-01-13 18:00:00,29.22,64.6,43,8,12.0,0.87,5.43,243.51,225.55
2026-01-13 19:00:00,33.3,74.18,50,9,12.0,0.46,5.82,265.25,251.02
2026-01-13 20:00:00,35.73,67.85,17,7,12.0,0.0,6.13,140.58,193.07
2026-01-13 21:00:00,33.68,74.7,20,4,12.0,0.0,5.85,139.18,198.63
2026-01-13 22:00:00,33.77,59.93,12,4,7.5,1.4,6.19,213.08,172.8
2026-01-13 23:00:00,29.53,73.51,5,1,6.2,1.41,6.05,168.22,154.13
2026-01-14 00:00:00,26.01,78.81,23,6,12.0,0.0,6.89,191.3,187.25
2026-01-14 01:00:00,32.76,65.7,5,3,6.5,0.0,6.64,145.58,184.69
2026-01-14 02:00:00,33.14,59.59,1,2,1.8,0.0,7.09,160.61,155.64
2026-01-14 03:00:00,30.82,69.73,16,3,12.0,0.0,7.59,173.71,205.31
2026-01-14 04:00:00,25.16,82.58,14,3,12.0,1.77,6.54,157.61,182.33
2026-01-14 05:00:00,22.28,83.88,6,3,3.3,2.41,7.03,188.27,158.82
2026-01-14 06:00:00,21.87,73.29,11,2,12.0,0.0,7.24,195.84,145.48
2026-01-14 07:00:00,19.93,68.67,14,3,12.0,5.82,7.32,174.92,169.52
2026-01-14 08:00:00,23.73,71.97,57,9,12.0,7.88,7.41,242.97,242.28
2026-01-14 09:00:00,28.15,68.62,59,7,12.0,10.17,7.49,230.53,246.35
2026-01-14 10:00:00,24.18,77.8,51,7,12.0,15.86,6.64,228.76,238.25
2026-01-14 11:00:00,25.93,72.72,59,8,12.0,14.18,6.64,270.89,222.67
2026-01-14 12:00:00,29.44,65.72,55,11,12.0,13.73,6.89,179.38,261.23
2026-01-14 13:00:00,25.95,81.16,51,7,12.0,15.19,6.41,238.27,229.03
2026-01-14 14:00:00,33.09,69.42,53,8,12.0,9.66,5.5,247.24,256.65
2026-01-14 15:00:00,34.02,70.84,54,7,12.0,9.46,5.31,240.18,213.65
2026-01-14 16:00:00,29.67,58.75,43,6,12.0,7.52,5.64,214.48,220.52
2026-01-14 17:00:00,29.38,54.06,50,6,12.0,5.06,5.92,251.32,226.29
2026-01-14 18:00:00,33.21,58.29,56,10,12.0,0.48,5.89,234.2,256.1
2026-01-14 19:00:00,30.99,66.54,44,5,12.0,0.0,5.41,247.51,236.8
2026-01-14 20:00:00,29.11,75.26,5,4,7.5,0.0,6.04,185.02,132.84
2026-01-14 21:00:00,35.07,50.66,29,6,12.0,0.0,6.02,197.46,214.64
2026-01-14 22:00:00,34.51,78.6,1,2,4.6,0.48,5.72,167.14,163.28
2026-01-14 23:00:00,31.22,70.94,7,4,7.9,0.0,6.08,157.0,149.96
2026-01-15 00:00:00,26.84,82.33,3,7,6.8,2.82,5.82,189.73,173.61
2026-01-15 01:00:00,25.96,67.23,9,4,5.7,0.63,6.29,184.02,166.18
2026-01-15 02:00:00,28.27,75.34,3,1,8.5,0.57,6.24,157.53,130.17
2026-01-15 03:00:00,25.72,74.2,8,5,7.5,0.0,6.52,199.96,186.74
2026-01-15 04:00:00,25.15,79.72,4,3,7.2,0.0,7.78,187.05,153.79
2026-01-15 05:00:00,27.73,70.55,18,7,11.5,0.18,7.13,155.98,227.03
2026-01-15 06:00:00,26.37,76.45,11,3,8.0,1.5,6.68,153.87,180.39
2026-01-15 07:00:00,27.58,80.01,2,4,7.5,3.32,7.42,167.9,171.08
2026-01-15 08:00:00,21.52,71.98,62,9,12.0,9.14,7.29,240.03,265.01
2026-01-15 09:00:00,23.28,77.0,47,12,12.0,9.77,7.13,245.37,257.58
2026-01-15 10:00:00,26.43,59.88,42,7,12.0,13.52,6.59,241.18,195.02
2026-01-15 11:00:00,26.29,78.11,55,13,12.0,13.3,6.93,229.9,238.19
2026-01-15 12:00:00,29.83,84.4,70,11,12.0,14.76,6.12,263.02,269.44
2026-01-15 13:00:00,28.02,63.28,40,8,12.0,15.26,6.57,239.71,202.35
2026-01-15 14:00:00,32.62,68.13,44,10,12.0,9.96,6.41,252.54,258.61
2026-01-15 15:00:00,30.39,76.49,61,8,12.0,11.19,5.91,212.63,233.64
2026-01-15 16:00:00,32.66,68.96,50,9,12.0,9.11,5.29,214.98,238.69
2026-01-15 17:00:00,30.02,71.74,60,9,12.0,8.0,6.01,223.77,254.94
2026-01-15 18:00:00,31.5,66.81,48,8,12.0,0.14,5.5,252.8,265.92
2026-01-15 19:00:00,34.14,64.7,56,9,12.0,0.0,5.82,229.47,269.62
2026-01-15 20:00:00,36.03,65.77,24,6,12.0,0.0,6.05,137.52,201.21
2026-01-15 21:00:00,33.69,68.31,0,3,4.6,0.0,5.65,217.6,155.83
2026-01-15 22:00:00,31.26,61.45,18,3,9.5,2.56,6.85,161.28,187.61
2026-01-15 23:00:00,34.27,67.15,15,4,6.3,4.39,6.28,151.57,185.01
2026-01-16 00:00:00,24.52,85.42,0,1,8.0,0.0,6.27,171.54,130.64
2026-01-16 01:00:00,25.48,70.83,14,5,8.3,0.11,7.06,165.06,203.92
2026-01-16 02:00:00,29.7,62.15,11,6,8.5,0.0,7.44,132.7,174.41
2026-01-16 03:00:00,27.0,71.64,11,4,8.6,1.3,6.34,186.66,184.15
2026-01-16 04:00:00,27.51,67.34,13,1,12.0,0.27,6.71,153.87,166.78
2026-01-16 05:00:00,25.33,64.5,7,4,5.9,0.0,7.0,217.47,171.47
2026-01-16 06:00:00,25.96,74.4,11,2,9.4,0.0,8.04,184.49,173.96
2026-01-16 07:00:00,22.1,71.16,12,4,10.2,2.92,7.11,177.6,158.95
2026-01-16 08:00:00,25.43,69.43,61,10,12.0,4.31,7.73,270.14,237.48
2026-01-16 09:00:00,26.62,74.04,43,8,12.0,8.18,7.14,254.91,244.07
2026-01-16 10:00:00,27.59,61.56,65,11,12.0,9.58,6.39,199.9,260.98
2026-01-16 11:00:00,30.21,58.27,46,8,12.0,11.49,7.02,240.35,236.19
2026-01-16 12:00:00,26.61,77.67,61,10,12.0,11.69,6.61,265.11,275.41
2026-01-16 13:00:00,27.65,58.73,56,10,12.0,14.68,5.99,200.84,248.23
2026-01-16 14:00:00,24.19,67.83,45,7,12.0,9.82,5.87,258.11,178.18
2026-01-16 15:00:00,27.71,59.61,59,8,12.0,9.79,5.57,221.98,222.16
2026-01-16 16:00:00,29.52,67.53,47,8,12.0,4.82,5.59,239.66,207.05
2026-01-16 17:00:00,33.45,71.18,64,8,12.0,1.52,5.96,249.32,250.61
2026-01-16 18:00:00,29.94,71.43,49,8,12.0,0.0,5.38,260.64,232.31
2026-01-16 19:00:00,33.85,84.64,43,5,12.0,1.96,5.76,270.4,255.03
2026-01-16 20:00:00,32.0,76.81,22,4,8.4,0.0,5.92,199.49,198.06
2026-01-16 21:00:00,31.42,63.09,11,3,11.3,0.0,5.92,150.83,177.16
2026-01-16 22:00:00,32.09,60.76,17,3,12.0,0.0,5.53,188.37,188.64
2026-01-16 23:00:00,29.85,89.65,3,4,7.7,0.0,6.56,180.72,170.88
2026-01-17 00:00:00,28.93,78.79,0,4,5.2,0.0,6.09,126.33,138.43
2026-01-17 01:00:00,24.77,78.38,23,7,12.0,0.0,6.51,209.8,192.3
2026-01-17 02:00:00,27.38,72.96,10,3,7.6,0.0,6.74,175.21,180.71
2026-01-17 03:00:00,25.76,75.48,14,3,10.7,0.0,7.05,185.8,186.5
2026-01-17 04:00:00,24.71,63.93,15,5,10.4,0.0,7.23,174.62,196.86
2026-01-17 05:00:00,26.21,74.35,7,3,7.0,2.48,7.51,170.31,191.17
2026-01-17 06:00:00,26.18,73.77,12,4,9.4,0.0,7.19,170.79,180.03
2026-01-17 07:00:00,24.72,67.97,23,1,11.2,3.26,6.85,155.86,182.61
2026-01-17 08:00:00,26.49,69.29,55,10,12.0,9.56,7.57,246.73,264.31
2026-01-17 09:00:00,25.58,84.3,63,10,12.0,7.18,6.93,243.59,250.44
2026-01-17 10:00:00,23.8,74.06,39,7,12.0,11.15,6.84,256.33,202.08
2026-01-17 11:00:00,24.01,89.29,64,11,12.0,10.42,6.36,236.86,282.29
2026-01-17 12:00:00,26.78,60.67,43,8,12.0,14.14,6.2,272.3,220.2
2026-01-17 13:00:00,28.4,68.07,63,9,12.0,14.74,6.8,246.18,249.18
2026-01-17 14:00:00,31.49,58.72,58,9,12.0,7.27,5.62,186.33,257.69
2026-01-17 15:00:00,32.01,60.72,54,7,12.0,11.62,5.5,222.79,217.41
2026-01-17 16:00:00,28.65,65.75,54,11,12.0,7.62,5.65,200.65,246.55
2026-01-17 17:00:00,30.57,72.41,53,10,12.0,3.7,5.84,248.41,245.56
2026-01-17 18:00:00,33.14,70.27,48,7,12.0,0.0,5.36,223.05,245.18
2026-01-17 19:00:00,34.53,62.67,53,9,12.0,1.54,5.17,251.24,229.16
2026-01-17 20:00:00,34.35,51.96,28,6,12.0,3.37,5.38,203.07,200.3
2026-01-17 21:00:00,31.7,79.75,20,3,12.0,0.0,5.79,173.54,187.16
2026-01-17 22:00:00,28.33,69.77,3,3,5.2,0.0,5.75,201.85,146.64
2026-01-17 23:00:00,28.33,63.95,12,5,8.4,0.05,7.07,157.82,194.82
2026-01-18 00:00:00,30.68,72.05,11,5,10.1,0.0,7.19,136.21,182.28
2026-01-18 01:00:00,29.89,72.11,9,7,9.4,0.0,7.12,192.86,232.9
2026-01-18 02:00:00,25.25,71.66,2,2,6.8,2.06,7.03,181.01,163.91
2026-01-18 03:00:00,27.08,73.69,14,3,9.0,0.0,7.2,189.32,179.59
2026-01-18 04:00:00,27.58,64.21,17,5,5.5,0.58,7.66,195.49,198.65
2026-01-18 05:00:00,22.29,81.31,3,2,2.5,4.07,7.32,197.44,155.09
2026-01-18 06:00:00,27.3,65.51,26,4,12.0,2.93,7.01,173.88,205.13
2026-01-18 07:00:00,23.19,71.13,22,3,12.0,1.53,8.02,181.42,211.08
2026-01-18 08:00:00,27.14,77.14,59,4,12.0,10.49,7.39,258.74,232.61
2026-01-18 09:00:00,22.8,84.07,45,9,12.0,12.65,7.57,247.96,243.53
2026-01-18 10:00:00,21.97,87.32,58,7,12.0,15.11,7.53,200.79,238.89
2026-01-18 11:00:00,24.03,82.17,57,8,12.0,12.27,6.09,285.38,246.08
2026-01-18 12:00:00,25.76,71.3,59,10,12.0,14.42,6.2,215.13,253.37
2026-01-18 13:00:00,25.99,62.62,68,10,12.0,12.74,6.22,247.79,260.93
2026-01-18 14:00:00,27.46,82.21,54,12,12.0,12.37,6.28,257.79,277.93
2026-01-18 15:00:00,29.87,80.29,70,8,12.0,13.4,6.26,218.13,253.23
2026-01-18 16:00:00,29.57,66.2,58,12,12.0,7.28,5.79,240.99,251.84
2026-01-18 17:00:00,30.66,76.58,53,10,12.0,0.18,6.18,246.73,256.07
2026-01-18 18:00:00,27.19,70.24,70,12,12.0,0.0,5.91,251.02,294.17
2026-01-18 19:00:00,32.84,79.12,62,12,12.0,0.0,5.94,234.94,280.01
2026-01-18 20:00:00,31.78,65.75,6,3,6.2,3.58,5.71,198.91,156.48
2026-01-18 21:00:00,35.89,80.33,11,1,10.8,0.0,6.04,189.76,172.58
2026-01-18 22:00:00,29.12,76.72,15,5,12.0,0.0,6.21,145.83,186.14
2026-01-18 23:00:00,26.31,85.77,9,1,6.9,0.0,6.63,200.15,171.21
2026-01-19 00:00:00,31.55,66.27,11,3,5.6,3.2,6.04,185.67,164.4
2026-01-19 01:00:00,29.9,73.5,3,2,8.6,1.92,6.95,227.1,163.98
2026-01-19 02:00:00,25.48,66.98,0,1,6.2,1.14,6.32,163.14,132.95
2026-01-19 03:00:00,23.14,81.31,11,5,9.7,0.47,6.77,176.31,187.73
2026-01-19 04:00:00,29.84,77.0,11,3,10.7,0.43,7.41,198.17,201.27
2026-01-19 05:00:00,28.71,88.28,14,4,7.5,0.15,6.98,149.33,176.01
2026-01-19 06:00:00,18.32,82.15,5,3,7.5,4.11,7.31,204.54,140.4
2026-01-19 07:00:00,22.99,80.58,0,2,4.4,1.09,6.95,210.31,134.14
2026-01-19 08:00:00,28.16,68.59,47,6,12.0,1.47,7.4,231.98,253.19
2026-01-19 09:00:00,22.95,79.33,63,8,12.0,10.79,7.08,244.8,238.79
2026-01-19 10:00:00,23.31,72.62,50,8,12.0,14.93,6.89,231.18,223.9
2026-01-19 11:00:00,24.46,75.29,51,7,12.0,13.89,7.09,249.98,215.46
2026-01-19 12:00:00,23.2,76.58,53,10,12.0,10.04,6.65,257.57,259.77
2026-01-19 13:00:00,22.7,73.24,50,6,12.0,15.01,6.47,267.96,205.9
2026-01-19 14:00:00,30.63,70.6,49,11,12.0,9.99,6.49,277.45,265.79
2026-01-19 15:00:00,24.43,71.87,48,8,12.0,7.33,6.36,254.53,222.88
2026-01-19 16:00:00,30.62,67.51,66,10,12.0,5.04,5.47,257.07,255.94
2026-01-19 17:00:00,33.04,76.01,60,8,12.0,0.41,5.99,252.56,266.16
2026-01-19 18:00:00,27.84,73.34,65,11,12.0,0.41,5.85,296.63,263.96
2026-01-19 19:00:00,29.55,73.34,67,10,12.0,0.0,6.19,276.33,284.46
2026-01-19 20:00:00,35.03,56.88,0,2,2.8,0.0,5.36,159.07,138.45
2026-01-19 21:00:00,33.2,71.33,13,5,6.2,4.76,5.69,174.54,166.51
2026-01-19 22:00:00,29.92,74.37,5,4,4.2,0.0,6.03,181.66,150.25
2026-01-19 23:00:00,33.83,65.13,19,6,10.6,0.1,6.78,173.76,217.79
2026-01-20 00:00:00,33.02,83.08,4,3,5.5,3.11,6.4,162.21,164.71
2026-01-20 01:00:00,29.71,54.78,2,1,5.1,1.35,6.69,163.17,137.31
2026-01-20 02:00:00,25.75,79.07,0,1,2.6,3.82,6.66,137.02,117.25
2026-01-20 03:00:00,25.93,78.44,8,3,4.2,0.0,7.34,193.12,164.84
2026-01-20 04:00:00,26.72,76.69,17,4,11.2,2.09,7.43,203.34,180.83
2026-01-20 05:00:00,24.7,75.54,12,6,9.5,0.98,7.08,176.07,166.18
2026-01-20 06:00:00,26.88,76.64,0,2,6.2,1.99,6.93,143.93,166.5
2026-01-20 07:00:00,20.31,83.46,27,6,12.0,5.31,7.54,132.51,187.1
2026-01-20 08:00:00,20.26,72.33,60,10,12.0,5.46,7.37,257.67,234.12
2026-01-20 09:00:00,24.59,76.48,61,10,12.0,15.55,6.83,235.7,251.32
2026-01-20 10:00:00,23.31,74.0,65,11,12.0,7.6,7.14,222.81,261.97
2026-01-20 11:00:00,23.6,67.42,42,6,12.0,11.79,6.93,210.81,200.82
2026-01-20 12:00:00,21.58,81.51,48,6,12.0,15.36,6.93,259.35,214.4
2026-01-20 13:00:00,27.01,68.74,62,9,12.0,14.1,6.59,213.48,243.03
2026-01-20 14:00:00,27.87,61.61,49,5,12.0,12.39,5.98,273.41,240.21
2026-01-20 15:00:00,30.67,66.36,53,8,12.0,11.33,5.67,231.02,231.76
2026-01-20 16:00:00,30.17,64.89,54,7,12.0,5.31,6.51,252.73,221.48
2026-01-20 17:00:00,30.5,77.45,45,8,12.0,5.3,5.55,279.7,231.77
2026-01-20 18:00:00,34.41,68.59,52,8,12.0,0.0,5.06,269.88,250.37
2026-01-20 19:00:00,28.58,81.27,62,8,12.0,2.8,5.3,289.55,244.23
2026-01-20 20:00:00,33.34,63.6,16,6,8.7,0.0,5.1,139.7,165.37
2026-01-20 21:00:00,27.69,78.34,19,4,9.5,0.94,6.36,158.7,197.37
2026-01-20 22:00:00,29.37,90.92,18,5,12.0,1.27,6.74,147.12,177.89
2026-01-20 23:00:00,27.8,74.63,13,4,10.6,1.81,6.38,215.7,186.71
2026-01-21 00:00:00,31.95,75.26,13,4,8.1,0.07,5.94,163.97,195.59
2026-01-21 01:00:00,28.87,76.24,12,1,7.2,0.0,7.13,135.17,162.61
2026-01-21 02:00:00,27.97,62.07,5,5,4.9,0.0,7.06,117.11,177.25
2026-01-21 03:00:00,24.2,78.76,2,4,4.3,0.97,7.5,167.23,167.03
2026-01-21 04:00:00,25.25,76.07,4,2,8.7,0.0,7.4,181.21,149.62
2026-01-21 05:00:00,23.26,73.5,7,3,7.2,0.62,6.79,165.18,179.71
2026-01-21 06:00:00,25.49,67.57,5,4,11.0,0.77,7.53,165.2,179.98
2026-01-21 07:00:00,21.66,81.3,13,3,9.5,7.37,6.73,194.19,140.17
2026-01-21 08:00:00,27.32,65.67,57,6,12.0,5.68,6.92,232.19,248.88
2026-01-21 09:00:00,19.95,92.57,57,8,12.0,10.27,7.43,255.21,233.95
2026-01-21 10:00:00,22.52,76.64,58,9,12.0,12.44,7.24,262.08,249.43
2026-01-21 11:00:00,29.36,62.48,65,10,12.0,11.31,6.38,191.49,255.83
2026-01-21 12:00:00,24.91,70.56,55,11,12.0,13.99,6.1,226.0,235.42
2026-01-21 13:00:00,23.68,73.08,63,8,12.0,10.84,6.3,249.19,228.67
2026-01-21 14:00:00,28.55,88.5,59,8,12.0,14.05,6.8,251.53,245.35
2026-01-21 15:00:00,27.85,65.92,64,8,12.0,11.08,6.13,236.18,250.59
2026-01-21 16:00:00,27.91,71.25,68,11,12.0,7.86,6.63,221.75,264.34
2026-01-21 17:00:00,28.09,68.17,60,7,12.0,2.35,5.67,234.64,237.34
2026-01-21 18:00:00,38.39,68.23,56,10,12.0,2.84,6.01,247.98,266.07
2026-01-21 19:00:00,31.23,66.08,56,7,12.0,0.0,5.62,239.97,255.63
2026-01-21 20:00:00,27.19,64.6,6,2,6.8,0.1,5.53,175.85,131.99
2026-01-21 21:00:00,35.6,65.31,6,5,8.3,0.0,5.6,195.94,158.76
2026-01-21 22:00:00,32.99,66.41,17,6,8.8,0.0,6.22,178.59,177.85
2026-01-21 23:00:00,28.91,67.22,2,2,7.4,2.54,6.75,189.06,129.97
2026-01-22 00:00:00,27.67,68.46,23,3,12.0,0.94,6.39,194.42,177.36
2026-01-22 01:00:00,30.72,78.39,9,6,7.6,0.0,7.2,167.43,199.64
2026-01-22 02:00:00,27.38,70.19,33,6,12.0,0.0,7.54,176.75,200.48
2026-01-22 03:00:00,22.15,68.16,4,3,4.0,0.0,7.37,184.63,146.3
2026-01-22 04:00:00,30.47,67.04,12,5,10.8,0.0,7.31,140.09,203.64
2026-01-22 05:00:00,24.09,75.12,7,1,4.7,0.55,7.04,176.37,151.89
2026-01-22 06:00:00,28.27,62.45,4,2,7.7,4.37,7.76,185.36,172.5
2026-01-22 07:00:00,27.33,83.85,19,4,11.2,2.5,6.87,132.32,188.57
2026-01-22 08:00:00,21.5,82.62,46,8,12.0,10.86,7.41,249.86,223.13
2026-01-22 09:00:00,26.72,82.91,50,6,12.0,9.89,6.61,232.29,228.28
2026-01-22 10:00:00,22.91,78.31,60,10,12.0,12.77,6.53,248.85,255.81
2026-01-22 11:00:00,20.5,62.59,61,9,12.0,14.04,6.69,261.89,270.74
2026-01-22 12:00:00,24.94,84.89,44,10,12.0,10.61,6.75,236.15,231.82
2026-01-22 13:00:00,27.96,65.98,60,11,12.0,14.43,6.64,224.92,249.95
2026-01-22 14:00:00,26.84,67.33,56,8,12.0,7.26,6.1,250.44,226.27
2026-01-22 15:00:00,28.27,72.91,48,7,12.0,10.32,5.79,251.76,242.82
2026-01-22 16:00:00,32.86,78.25,49,9,12.0,7.33,5.53,257.44,235.36
2026-01-22 17:00:00,31.09,77.21,39,7,12.0,0.55,5.97,234.0,215.76
2026-01-22 18:00:00,29.36,77.39,69,8,12.0,0.13,5.93,265.65,259.03
2026-01-22 19:00:00,33.62,65.88,63,13,12.0,0.0,5.79,259.47,300.83
2026-01-22 20:00:00,32.49,66.56,0,1,6.9,0.0,5.91,131.35,136.94
2026-01-22 21:00:00,25.56,76.13,16,8,11.8,0.0,6.49,163.54,191.85
2026-01-22 22:00:00,32.53,67.92,5,3,8.5,0.0,6.46,178.2,135.07
2026-01-22 23:00:00,31.81,75.56,17,3,10.6,0.15,5.8,126.58,196.05
2026-01-23 00:00:00,30.05,76.38,6,1,8.3,1.73,6.81,177.65,155.18
2026-01-23 01:00:00,31.26,73.85,7,4,11.3,0.0,7.19,203.29,194.55
2026-01-23 02:00:00,26.32,55.49,8,1,8.1,0.0,6.61,199.56,164.53
2026-01-23 03:00:00,27.81,73.03,5,3,6.0,1.3,7.4,140.79,165.58
2026-01-23 04:00:00,22.08,75.38,21,7,12.0,4.54,8.24,204.62,196.48
2026-01-23 05:00:00,26.19,74.44,17,2,12.0,0.0,7.44,147.35,188.39
2026-01-23 06:00:00,29.42,65.73,11,4,7.9,0.0,7.22,180.0,167.61
2026-01-23 07:00:00,21.65,67.17,18,3,12.0,1.83,7.24,194.26,184.64
2026-01-23 08:00:00,22.1,79.37,42,9,12.0,8.2,7.24,221.96,237.08
2026-01-23 09:00:00,22.36,73.45,45,7,12.0,12.92,6.51,230.56,219.97
2026-01-23 10:00:00,24.86,78.22,59,9,12.0,10.23,6.33,255.37,249.65
2026-01-23 11:00:00,22.51,71.14,61,11,12.0,13.44,6.8,278.26,243.56
2026-01-23 12:00:00,27.05,82.57,57,10,12.0,14.04,6.48,223.77,245.79
2026-01-23 13:00:00,29.08,78.25,40,6,12.0,11.99,6.53,250.92,200.93
2026-01-23 14:00:00,29.34,73.14,47,10,12.0,15.19,6.0,221.51,225.18
2026-01-23 15:00:00,24.61,72.88,58,7,12.0,12.23,5.96,244.93,251.7
2026-01-23 16:00:00,32.49,74.83,70,11,12.0,7.69,6.14,225.94,275.07
2026-01-23 17:00:00,33.17,71.13,65,9,12.0,2.78,4.93,217.4,267.3
2026-01-23 18:00:00,33.54,69.79,68,8,12.0,1.91,5.38,268.72,263.21
2026-01-23 19:00:00,32.8,75.94,58,7,12.0,1.03,5.54,298.1,248.95
2026-01-23 20:00:00,32.55,78.8,13,3,8.4,0.0,5.75,129.4,173.3
2026-01-23 21:00:00,34.44,58.72,2,3,5.4,1.94,5.44,195.15,148.61
2026-01-23 22:00:00,36.27,58.86,18,6,12.0,0.74,5.78,133.49,209.93
2026-01-23 23:00:00,28.45,66.23,9,5,9.7,0.0,6.54,200.77,166.65
2026-01-24 00:00:00,32.7,58.2,16,4,11.5,0.0,6.66,160.68,179.62
2026-01-24 01:00:00,28.82,70.99,10,3,10.6,0.0,5.73,199.71,181.37
2026-01-24 02:00:00,27.68,76.43,12,5,10.0,2.06,6.82,164.4,202.84
2026-01-24 03:00:00,23.12,75.26,9,2,11.0,0.0,7.02,174.7,164.61
2026-01-24 04:00:00,25.29,70.16,12,1,5.8,1.25,6.87,200.45,174.2
2026-01-24 05:00:00,22.68,83.61,18,6,11.2,4.34,7.22,184.77,206.23
2026-01-24 06:00:00,23.38,76.22,0,4,4.8,1.59,7.44,164.36,177.58
2026-01-24 07:00:00,21.39,79.03,0,1,4.6,2.79,7.52,191.16,165.23
2026-01-24 08:00:00,22.88,83.67,58,12,12.0,5.51,7.23,240.42,278.04
2026-01-24 09:00:00,23.12,74.55,67,11,12.0,9.29,7.29,216.36,271.89
2026-01-24 10:00:00,24.78,88.68,69,11,12.0,10.07,6.9,247.86,257.6
2026-01-24 11:00:00,21.13,73.67,45,7,12.0,11.23,5.91,243.24,230.08
2026-01-24 12:00:00,22.39,89.92,52,10,12.0,12.39,6.45,249.89,254.4
2026-01-24 13:00:00,27.87,65.27,43,5,12.0,14.59,5.86,199.81,208.32
2026-01-24 14:00:00,26.01,77.02,51,8,12.0,11.08,6.14,231.75,237.21
2026-01-24 15:00:00,31.72,64.9,64,9,12.0,9.45,5.86,253.51,248.08
2026-01-24 16:00:00,30.56,78.04,55,7,12.0,7.94,5.73,281.89,233.74
2026-01-24 17:00:00,32.35,65.61,52,10,12.0,5.08,5.43,261.57,235.28
2026-01-24 18:00:00,34.99,69.14,59,10,12.0,0.0,5.56,270.71,272.66
2026-01-24 19:00:00,31.09,65.28,49,9,12.0,0.0,5.83,254.8,242.19
2026-01-24 20:00:00,30.56,76.77,23,4,8.2,0.0,5.49,173.68,203.31
2026-01-24 21:00:00,34.04,63.18,10,5,7.8,0.0,5.72,145.98,184.01
2026-01-24 22:00:00,32.74,80.47,7,3,6.7,1.71,5.49,216.44,171.28
2026-01-24 23:00:00,30.36,63.38,15,3,12.0,0.0,6.39,164.36,187.41
2026-01-25 00:00:00,33.48,58.75,18,3,12.0,3.6,6.05,179.59,212.71
2026-01-25 01:00:00,28.5,78.31,23,2,12.0,0.0,6.72,183.9,214.5
2026-01-25 02:00:00,28.08,67.8,8,5,8.9,0.62,7.15,197.16,181.93
2026-01-25 03:00:00,27.02,72.64,19,6,11.8,0.0,7.51,163.7,212.81
2026-01-25 04:00:00,23.66,72.78,11,8,9.6,0.98,7.08,169.59,213.04
2026-01-25 05:00:00,25.37,64.66,5,2,9.0,1.02,7.49,198.45,154.15
2026-01-25 06:00:00,28.03,71.44,4,1,9.9,1.78,7.3,188.0,173.09
2026-01-25 07:00:00,25.25,82.78,1,1,6.0,3.35,6.62,161.95,146.97
2026-01-25 08:00:00,24.08,81.77,49,9,12.0,9.54,6.67,281.16,262.88
2026-01-25 09:00:00,23.73,76.61,64,11,12.0,10.5,7.36,282.36,276.31
2026-01-25 10:00:00,25.36,81.63,61,12,12.0,10.84,7.31,254.43,250.43
2026-01-25 11:00:00,27.05,65.25,45,6,12.0,12.25,5.97,223.78,217.84
2026-01-25 12:00:00,27.52,70.06,41,8,12.0,15.46,6.62,263.21,240.33
2026-01-25 13:00:00,26.14,76.08,46,7,12.0,16.05,6.39,203.66,231.82
2026-01-25 14:00:00,28.81,70.52,49,10,12.0,9.88,5.82,235.16,229.84
2026-01-25 15:00:00,30.24,68.71,53,9,12.0,11.4,5.66,245.23,230.58
2026-01-25 16:00:00,27.48,63.96,64,7,12.0,4.03,5.44,234.51,248.98
2026-01-25 17:00:00,31.25,55.16,51,8,12.0,2.39,5.05,226.17,239.99
2026-01-25 18:00:00,26.06,79.08,68,7,12.0,0.98,5.33,275.77,250.76
2026-01-25 19:00:00,33.07,70.15,42,5,12.0,0.0,5.97,244.52,222.5
2026-01-25 20:00:00,33.65,74.36,7,1,8.6,2.93,5.68,207.64,153.46
2026-01-25 21:00:00,33.73,64.93,16,3,11.3,1.22,6.19,188.23,214.92
2026-01-25 22:00:00,30.48,65.28,17,4,11.5,0.0,5.4,173.55,184.2
2026-01-25 23:00:00,31.6,69.53,7,3,6.7,1.31,6.45,185.88,160.58
2026-01-26 00:00:00,33.56,74.09,18,4,10.8,0.0,6.77,213.0,203.24
2026-01-26 01:00:00,32.57,67.18,16,4,8.9,0.01,5.79,211.24,186.75
2026-01-26 02:00:00,27.93,77.66,5,3,7.8,1.75,6.72,182.9,153.21
2026-01-26 03:00:00,27.31,65.44,13,2,6.8,1.42,7.19,208.86,166.09
2026-01-26 04:00:00,28.78,70.33,16,4,10.8,0.0,7.65,213.72,194.49
2026-01-26 05:00:00,21.42,76.12,5,5,5.5,0.0,6.79,151.95,166.66
2026-01-26 06:00:00,23.73,83.57,24,5,12.0,0.0,7.79,169.0,209.6
2026-01-26 07:00:00,27.48,73.82,3,3,7.1,3.99,7.43,152.22,150.44
2026-01-26 08:00:00,26.44,85.32,56,9,12.0,8.61,6.84,266.85,261.97
2026-01-26 09:00:00,25.06,64.62,45,9,12.0,14.03,7.41,276.59,242.07
2026-01-26 10:00:00,20.77,77.97,56,9,12.0,11.21,7.71,241.72,228.14
2026-01-26 11:00:00,25.05,75.32,46,9,12.0,15.22,6.59,213.45,217.85
2026-01-26 12:00:00,24.53,78.77,53,9,12.0,15.53,6.35,239.95,230.39
2026-01-26 13:00:00,27.79,66.45,42,8,12.0,12.57,5.96,234.18,221.27
2026-01-26 14:00:00,25.98,85.21,61,10,12.0,13.57,6.74,232.29,251.36
2026-01-26 15:00:00,26.47,73.16,58,7,12.0,8.27,5.68,231.74,232.47
2026-01-26 16:00:00,24.84,66.6,64,8,12.0,7.51,5.47,249.13,222.43
2026-01-26 17:00:00,33.88,67.77,52,8,12.0,3.2,5.51,238.91,255.45
2026-01-26 18:00:00,30.46,68.08,64,12,12.0,0.89,5.49,247.62,257.58
2026-01-26 19:00:00,32.26,88.5,55,8,12.0,1.05,5.52,230.78,264.94
2026-01-26 20:00:00,31.99,76.55,11,4,9.1,0.0,5.53,158.62,186.63
2026-01-26 21:00:00,29.2,71.51,27,2,12.0,0.0,5.68,217.83,173.74
2026-01-26 22:00:00,28.32,71.0,6,3,8.7,0.0,6.15,178.53,163.56
2026-01-26 23:00:00,28.32,78.44,20,5,9.5,0.0,6.77,154.67,206.74
2026-01-27 00:00:00,28.19,78.86,14,1,9.4,0.0,6.15,203.08,174.93
2026-01-27 01:00:00,29.95,50.25,5,3,8.2,0.0,6.25,184.18,143.32
2026-01-27 02:00:00,26.01,77.89,0,1,8.0,0.0,7.01,147.51,149.44
2026-01-27 03:00:00,31.33,69.86,2,1,9.3,0.0,7.25,166.61,175.33
2026-01-27 04:00:00,28.57,62.42,19,6,11.2,0.0,7.73,185.07,226.43
2026-01-27 05:00:00,27.19,78.73,24,5,12.0,0.11,7.77,166.2,209.1
2026-01-27 06:00:00,24.24,90.36,11,3,9.3,0.0,6.75,212.15,155.68
2026-01-27 07:00:00,27.92,75.95,11,3,8.6,6.02,6.57,152.83,198.92
2026-01-27 08:00:00,23.45,82.88,61,9,12.0,8.23,7.39,252.94,255.8
2026-01-27 09:00:00,24.06,87.39,56,9,12.0,9.73,7.25,232.81,266.94
2026-01-27 10:00:00,24.96,68.32,64,8,12.0,9.69,7.42,227.08,250.76
2026-01-27 11:00:00,26.93,59.75,57,11,12.0,13.1,6.84,214.69,258.97
2026-01-27 12:00:00,27.59,76.88,56,7,12.0,13.45,6.3,224.3,227.15
2026-01-27 13:00:00,25.78,71.82,49,5,12.0,11.36,6.66,210.51,208.05
2026-01-27 14:00:00,26.67,63.31,47,9,12.0,9.8,5.73,246.95,248.1
2026-01-27 15:00:00,30.64,69.61,30,5,12.0,11.43,6.64,231.96,207.87
2026-01-27 16:00:00,31.79,74.44,65,10,12.0,6.35,5.9,221.25,262.99
2026-01-27 17:00:00,29.85,69.67,54,9,12.0,5.39,5.47,249.43,252.11
2026-01-27 18:00:00,27.5,66.84,52,7,12.0,0.0,5.39,252.57,222.71
2026-01-27 19:00:00,31.35,68.09,39,7,12.0,1.5,5.8,263.23,221.25
2026-01-27 20:00:00,33.56,67.97,5,4,7.5,1.44,5.78,182.48,164.11
2026-01-27 21:00:00,36.38,52.63,4,5,6.0,0.93,5.89,175.35,158.29
2026-01-27 22:00:00,28.47,70.67,4,2,5.2,2.37,5.64,166.36,132.17
2026-01-27 23:00:00,29.76,61.36,13,3,8.9,0.2,6.24,209.01,149.09
2026-01-28 00:00:00,29.03,75.89,11,4,9.1,0.0,6.79,169.46,165.97
2026-01-28 01:00:00,32.42,57.98,0,2,3.2,0.0,6.44,144.99,171.18
2026-01-28 02:00:00,27.91,79.15,0,2,2.8,0.0,6.99,151.24,125.3
2026-01-28 03:00:00,24.7,71.45,0,4,3.2,1.48,7.46,182.76,149.72
2026-01-28 04:00:00,27.4,68.62,24,2,12.0,0.0,7.41,236.3,198.69
2026-01-28 05:00:00,24.16,76.75,22,3,9.8,0.41,6.85,215.3,185.27
2026-01-28 06:00:00,21.47,70.51,3,1,1.6,1.07,7.41,153.39,146.77
2026-01-28 07:00:00,21.9,78.22,0,4,7.7,3.95,7.79,195.06,152.57
2026-01-28 08:00:00,28.34,66.64,56,9,12.0,2.42,7.37,254.8,273.98
2026-01-28 09:00:00,25.1,70.14,55,7,12.0,7.53,7.48,264.08,249.6
2026-01-28 10:00:00,24.81,77.07,58,9,12.0,15.66,7.24,261.23,228.88
2026-01-28 11:00:00,24.55,66.45,61,9,12.0,14.18,6.31,263.75,258.18
2026-01-28 12:00:00,26.73,64.04,59,6,12.0,8.6,7.12,230.26,234.97
2026-01-28 13:00:00,27.67,73.97,46,8,12.0,13.66,6.73,212.07,203.77
2026-01-28 14:00:00,28.73,71.3,57,7,12.0,15.73,6.0,254.96,236.75
2026-01-28 15:00:00,29.32,72.26,62,11,12.0,10.45,6.39,210.96,254.29
2026-01-28 16:00:00,32.17,71.37,49,6,12.0,7.09,5.76,262.03,246.94
2026-01-28 17:00:00,30.89,70.38,57,9,12.0,0.0,5.7,255.82,265.07
2026-01-28 18:00:00,29.02,75.54,51,10,12.0,0.0,5.39,226.38,233.8
2026-01-28 19:00:00,30.33,71.05,70,12,12.0,0.0,5.37,215.66,289.28
2026-01-28 20:00:00,27.05,58.61,0,3,11.0,0.0,5.86,176.11,140.79
2026-01-28 21:00:00,36.93,53.51,19,4,11.4,0.0,5.85,155.22,175.04
2026-01-28 22:00:00,33.62,81.56,0,1,8.1,3.48,5.58,139.88,141.39
2026-01-28 23:00:00,28.75,71.47,24,4,12.0,1.46,6.42,148.29,178.37
2026-01-29 00:00:00,29.3,77.74,1,2,5.9,2.8,6.68,171.76,148.8
2026-01-29 01:00:00,27.44,69.97,12,3,4.8,0.0,6.81,171.45,188.31
2026-01-29 02:00:00,31.86,68.89,0,1,4.2,0.38,7.0,118.08,151.73
2026-01-29 03:00:00,23.42,72.04,0,3,4.3,0.0,7.21,155.07,152.67
2026-01-29 04:00:00,26.29,90.46,17,2,11.7,0.0,7.25,206.06,175.81
2026-01-29 05:00:00,24.9,75.94,18,6,10.9,0.94,7.39,185.23,192.42
2026-01-29 06:00:00,26.6,69.23,12,4,8.1,0.36,7.48,151.06,187.85
2026-01-29 07:00:00,23.88,63.33,16,5,12.0,4.2,7.07,149.11,186.99
2026-01-29 08:00:00,19.6,91.69,63,11,12.0,4.49,6.75,274.3,254.99
2026-01-29 09:00:00,23.51,74.0,50,11,12.0,10.15,7.18,255.14,258.65
2026-01-29 10:00:00,22.11,81.34,44,8,12.0,12.82,6.95,230.79,223.26
2026-01-29 11:00:00,25.37,79.83,55,8,12.0,12.17,6.87,260.74,263.81
2026-01-29 12:00:00,29.59,67.65,50,7,12.0,13.46,6.9,240.1,239.56
2026-01-29 13:00:00,22.62,80.48,58,11,12.0,10.23,6.28,212.21,232.21
2026-01-29 14:00:00,26.0,69.17,59,7,12.0,7.81,6.05,242.41,237.33
2026-01-29 15:00:00,27.65,65.31,50,7,12.0,13.92,6.1,255.95,205.57
2026-01-29 16:00:00,29.05,79.42,61,10,12.0,7.41,5.45,246.87,276.25
2026-01-29 17:00:00,32.68,67.62,60,9,12.0,2.91,5.74,266.03,244.0
2026-01-29 18:00:00,31.03,73.51,61,11,12.0,1.6,5.66,227.38,276.7
2026-01-29 19:00:00,32.9,71.44,52,6,12.0,0.0,6.03,290.62,250.11
2026-01-29 20:00:00,30.44,74.76,16,4,8.6,0.22,5.65,135.07,166.92
2026-01-29 21:00:00,32.44,58.0,14,3,12.0,2.21,5.97,173.17,181.23
2026-01-29 22:00:00,33.41,64.12,15,2,8.5,0.0,6.05,145.14,177.03
2026-01-29 23:00:00,29.0,69.03,23,6,12.0,0.0,5.42,176.4,209.6
2026-01-30 00:00:00,31.95,63.41,13,3,10.3,0.0,6.32,155.84,183.1
2026-01-30 01:00:00,29.17,74.19,5,2,2.5,1.67,6.7,188.11,141.64
2026-01-30 02:00:00,30.61,78.48,1,1,11.1,0.41,6.59,157.75,170.55
2026-01-30 03:00:00,26.46,82.49,19,4,10.9,2.34,7.02,151.29,198.5
2026-01-30 04:00:00,26.95,70.36,13,2,7.9,1.69,7.66,175.27,162.3
2026-01-30 05:00:00,25.07,76.09,23,6,10.7,0.0,7.61,198.19,178.79
2026-01-30 06:00:00,24.3,77.71,0,4,5.7,0.82,6.65,186.96,163.21
2026-01-30 07:00:00,24.78,78.6,17,7,11.5,4.47,7.54,188.86,204.45
2026-01-30 08:00:00,25.34,67.71,53,9,12.0,8.47,7.39,252.87,253.62
2026-01-30 09:00:00,21.01,89.64,52,8,12.0,12.83,7.03,247.18,248.39
2026-01-30 10:00:00,28.12,78.4,49,7,12.0,9.94,6.08,220.28,244.83
2026-01-30 11:00:00,20.52,83.9,62,10,12.0,9.77,6.98,271.12,265.7
2026-01-30 12:00:00,24.29,83.02,60,10,12.0,11.9,6.35,241.24,257.81
2026-01-30 13:00:00,26.73,76.63,46,7,12.0,14.47,6.37,236.68,220.29
2026-01-30 14:00:00,29.03,64.09,56,8,12.0,12.95,5.76,241.98,220.43
2026-01-30 15:00:00,32.98,67.54,61,11,12.0,8.76,5.67,209.47,280.34
2026-01-30 16:00:00,25.35,62.29,56,8,12.0,6.46,6.13,284.23,230.05
2026-01-30 17:00:00,29.56,73.81,64,12,12.0,1.95,6.3,242.41,262.71
2026-01-30 18:00:00,26.15,72.11,53,9,12.0,0.0,5.55,284.13,246.07
2026-01-30 19:00:00,31.94,68.96,37,6,12.0,0.0,6.26,253.46,196.52
2026-01-30 20:00:00,32.68,77.15,11,2,9.7,3.27,5.66,169.15,155.97
2026-01-30 21:00:00,35.84,63.31,11,3,6.8,2.65,5.78,170.95,161.13
2026-01-30 22:00:00,31.77,67.6,12,4,8.7,1.45,5.6,179.04,165.51
2026-01-30 23:00:00,33.44,68.35,19,4,12.0,0.06,6.47,214.19,220.27
2026-01-31 00:00:00,31.46,56.7,0,3,7.3,2.28,6.43,184.26,159.32
2026-01-31 01:00:00,27.95,70.17,8,2,6.6,0.2,6.66,147.89,157.61
2026-01-31 02:00:00,24.48,57.07,3,2,4.9,0.32,6.77,177.03,149.67
2026-01-31 03:00:00,27.65,68.14,0,1,8.1,0.0,6.72,197.11,167.89
2026-01-31 04:00:00,22.27,82.0,9,4,7.0,0.52,7.41,162.85,150.26
2026-01-31 05:00:00,28.41,74.84,16,4,10.5,0.0,7.25,177.46,200.7
2026-01-31 06:00:00,24.13,70.54,12,6,12.0,0.0,7.58,161.1,192.8
2026-01-31 07:00:00,27.12,72.9,4,4,6.5,3.96,6.94,204.95,172.81
2026-01-31 08:00:00,22.8,68.12,54,9,12.0,5.2,7.28,254.79,239.33
2026-01-31 09:00:00,24.81,74.22,62,11,12.0,10.86,7.81,237.94,267.63
2026-01-31 10:00:00,25.06,94.57,60,10,12.0,14.23,6.65,244.63,257.13
2026-01-31 11:00:00,25.06,86.98,51,10,12.0,11.76,6.54,267.72,231.38
2026-01-31 12:00:00,24.92,74.53,50,7,12.0,14.23,6.33,258.46,249.79
2026-01-31 13:00:00,27.95,73.16,41,8,12.0,11.03,5.93,219.94,229.74
2026-01-31 14:00:00,25.68,66.76,52,9,12.0,9.79,6.68,215.38,249.82
2026-01-31 15:00:00,26.01,67.78,41,5,12.0,10.52,5.13,273.81,200.06
2026-01-31 16:00:00,33.11,70.96,70,13,12.0,8.43,5.38,227.39,287.21
2026-01-31 17:00:00,32.65,65.07,48,6,12.0,0.6,5.89,253.65,222.14
2026-01-31 18:00:00,31.63,75.79,64,8,12.0,4.1,5.44,245.85,251.49
2026-01-31 19:00:00,36.03,77.37,70,6,12.0,0.0,5.72,192.31,260.62
2026-01-31 20:00:00,31.33,72.0,12,4,8.0,0.41,5.8,156.98,178.86
2026-01-31 21:00:00,35.17,67.69,9,1,10.1,0.0,6.11,158.33,193.26
2026-01-31 22:00:00,31.9,57.5,0,1,3.9,0.0,6.13,155.79,154.9
2026-01-31 23:00:00,28.27,77.05,6,4,7.7,3.04,6.16,215.36,187.73
2026-02-01 00:00:00,34.62,59.36,23,5,12.0,3.01,6.55,160.25,220.92
2026-02-01 01:00:00,31.51,66.62,13,3,9.9,0.0,6.64,161.51,192.73
2026-02-01 02:00:00,27.7,78.93,10,1,8.6,0.0,7.49,148.3,161.71
2026-02-01 03:00:00,28.78,78.66,20,4,11.9,5.9,6.86,169.15,203.75
2026-02-01 04:00:00,24.99,70.84,16,5,9.7,0.0,7.39,149.34,189.1
2026-02-01 05:00:00,27.24,69.67,9,4,6.8,0.85,7.59,199.62,190.65
2026-02-01 06:00:00,18.56,73.71,12,6,9.8,2.27,6.84,188.74,164.54
2026-02-01 07:00:00,21.59,68.1,4,1,6.5,5.33,6.88,172.65,145.5
2026-02-01 08:00:00,26.45,68.64,51,6,12.0,1.36,7.87,236.26,249.34
2026-02-01 09:00:00,23.51,63.85,53,9,12.0,10.57,6.83,274.52,266.74
2026-02-01 10:00:00,25.05,78.84,59,9,12.0,15.62,6.9,253.75,238.92
2026-02-01 11:00:00,21.8,79.1,45,7,12.0,13.58,6.65,232.26,233.9
2026-02-01 12:00:00,30.62,74.09,56,8,12.0,11.92,6.49,244.46,260.72
2026-02-01 13:00:00,29.94,63.96,52,4,12.0,11.48,6.16,228.74,222.7
2026-02-01 14:00:00,27.5,63.99,48,6,12.0,11.73,6.14,244.77,226.93
2026-02-01 15:00:00,28.02,72.36,52,9,12.0,11.25,5.65,197.21,234.87
2026-02-01 16:00:00,32.57,69.25,36,7,12.0,12.78,5.73,292.09,215.36
2026-02-01 17:00:00,35.78,65.52,49,9,12.0,3.04,5.04,221.91,259.32
2026-02-01 18:00:00,33.85,65.88,46,8,12.0,1.12,5.66,255.63,273.03
2026-02-01 19:00:00,37.29,77.47,53,9,12.0,0.0,5.84,259.57,275.59
2026-02-01 20:00:00,29.69,73.8,0,3,7.4,0.0,6.14,182.53,156.93
2026-02-01 21:00:00,29.82,84.52,12,3,9.7,0.0,6.34,197.35,193.91
2026-02-01 22:00:00,28.49,80.54,17,4,9.6,0.89,5.97,158.46,166.83
2026-02-01 23:00:00,31.93,81.17,9,1,4.5,0.0,6.59,192.48,157.63
2026-02-02 00:00:00,30.44,62.77,14,3,12.0,0.11,6.1,223.36,183.14
2026-02-02 01:00:00,28.66,75.69,6,2,8.2,0.0,6.53,190.59,150.23
2026-02-02 02:00:00,30.02,67.56,0,2,6.8,0.0,7.47,154.63,151.53
2026-02-02 03:00:00,30.05,58.92,10,2,7.4,0.0,7.13,199.94,151.66
2026-02-02 04:00:00,22.19,86.54,15,5,10.0,0.0,7.27,191.06,170.61
2026-02-02 05:00:00,23.68,72.97,0,1,4.3,0.0,7.21,196.21,139.22
2026-02-02 06:00:00,26.59,65.6,6,4,7.2,2.72,7.95,166.99,159.31
2026-02-02 07:00:00,22.97,72.62,8,2,11.5,1.98,7.46,143.94,173.0
2026-02-02 08:00:00,22.0,70.62,70,9,12.0,6.52,7.71,247.21,270.13
2026-02-02 09:00:00,26.68,68.07,57,8,12.0,12.28,6.86,266.91,250.22
2026-02-02 10:00:00,21.31,75.13,40,6,12.0,11.59,6.56,241.95,200.96
2026-02-02 11:00:00,24.42,86.62,38,8,12.0,15.28,6.44,234.08,226.21
2026-02-02 12:00:00,26.82,68.16,61,9,12.0,12.22,6.72,258.22,255.04
2026-02-02 13:00:00,25.53,85.34,70,10,12.0,16.63,6.87,218.45,260.97
2026-02-02 14:00:00,29.96,76.57,53,7,12.0,12.58,6.36,223.35,235.34
2026-02-02 15:00:00,27.61,75.04,52,8,12.0,9.85,6.24,231.39,228.94
2026-02-02 16:00:00,33.52,73.37,58,9,12.0,6.67,5.87,215.04,269.06
2026-02-02 17:00:00,30.51,70.34,49,8,12.0,5.15,5.28,255.27,245.5
2026-02-02 18:00:00,33.14,77.4,35,6,12.0,0.47,6.41,270.23,214.4
2026-02-02 19:00:00,33.73,71.96,63,11,12.0,0.0,5.96,279.02,274.68
2026-02-02 20:00:00,30.43,58.65,5,3,7.4,0.0,5.99,159.86,149.51
2026-02-02 21:00:00,26.73,74.96,18,2,11.5,0.64,6.24,202.39,201.49
2026-02-02 22:00:00,32.37,74.43,4,2,3.6,0.0,5.5,168.53,145.44
2026-02-02 23:00:00,31.01,67.87,11,3,8.6,0.0,6.12,150.59,185.78
2026-02-03 00:00:00,31.39,70.51,17,5,11.0,0.0,6.72,175.44,228.02
2026-02-03 01:00:00,28.47,67.38,19,4,12.0,3.19,6.66,150.86,194.09
2026-02-03 02:00:00,26.92,63.11,12,5,9.6,1.2,6.87,151.29,160.74
2026-02-03 03:00:00,31.99,58.36,11,2,9.6,0.66,7.51,150.41,198.89
2026-02-03 04:00:00,22.32,65.22,15,4,12.0,0.0,7.23,164.71,177.58
2026-02-03 05:00:00,27.01,77.38,14,2,7.6,0.0,8.11,134.41,170.25
2026-02-03 06:00:00,23.1,58.0,0,2,4.2,1.7,7.29,164.69,163.28
2026-02-03 07:00:00,23.3,70.63,0,1,2.7,4.94,7.55,178.1,118.82
2026-02-03 08:00:00,23.21,70.0,38,7,12.0,4.16,7.36,271.45,239.75
2026-02-03 09:00:00,22.13,74.14,61,9,12.0,12.7,6.86,253.34,244.65
2026-02-03 10:00:00,25.96,60.43,52,8,12.0,10.4,6.54,195.22,214.54
2026-02-03 11:00:00,28.65,74.37,62,11,12.0,14.24,6.72,227.79,272.59
2026-02-03 12:00:00,27.18,63.67,58,9,12.0,19.47,7.17,251.79,212.92
2026-02-03 13:00:00,27.22,80.47,47,6,12.0,12.69,6.16,267.19,217.84
2026-02-03 14:00:00,25.53,69.37,54,8,12.0,12.46,6.28,237.76,209.5
2026-02-03 15:00:00,30.33,69.7,51,8,12.0,8.78,5.84,221.2,230.18
2026-02-03 16:00:00,35.39,66.85,50,8,12.0,7.35,5.88,262.95,249.61
2026-02-03 17:00:00,29.88,72.4,62,9,12.0,6.47,6.13,245.09,257.02
2026-02-03 18:00:00,30.52,70.49,70,13,12.0,0.0,5.74,209.86,285.1
2026-02-03 19:00:00,30.46,67.29,64,10,12.0,0.0,5.51,280.26,275.02
2026-02-03 20:00:00,30.78,72.46,10,4,7.7,2.21,6.37,140.24,166.12
2026-02-03 21:00:00,25.0,77.36,20,1,12.0,0.0,5.72,201.14,165.63
2026-02-03 22:00:00,32.48,63.51,24,6,12.0,0.17,6.34,137.51,209.75
2026-02-03 23:00:00,28.71,74.48,0,6,7.5,0.0,5.77,183.89,154.97
2026-02-04 00:00:00,25.97,81.76,20,6,9.8,0.0,6.95,221.82,204.1
2026-02-04 01:00:00,30.92,74.9,16,3,10.4,0.0,7.62,193.74,190.72
2026-02-04 02:00:00,25.29,80.42,20,8,12.0,0.0,6.89,156.17,216.87
2026-02-04 03:00:00,26.12,74.52,17,4,11.6,0.0,6.71,195.43,188.3
2026-02-04 04:00:00,29.67,64.28,8,3,9.5,0.0,7.46,182.9,185.11
2026-02-04 05:00:00,21.65,70.78,26,5,12.0,0.46,7.3,168.01,209.34
2026-02-04 06:00:00,20.7,79.35,13,3,9.6,1.63,8.05,149.59,148.99
2026-02-04 07:00:00,24.81,80.83,7,1,9.8,0.95,7.06,117.99,146.02
2026-02-04 08:00:00,26.87,92.29,59,10,12.0,7.3,6.72,246.82,257.97
2026-02-04 09:00:00,20.2,84.33,63,9,12.0,11.02,7.17,246.45,248.5
2026-02-04 10:00:00,25.56,65.52,56,8,12.0,12.84,7.1,219.16,256.2
2026-02-04 11:00:00,26.62,67.59,58,9,12.0,14.04,6.44,269.54,250.05
2026-02-04 12:00:00,20.85,92.95,56,8,12.0,9.68,6.84,216.1,240.67
2026-02-04 13:00:00,28.96,69.83,50,8,12.0,13.28,6.31,215.55,249.77
2026-02-04 14:00:00,30.19,70.8,48,10,12.0,11.96,6.01,211.1,253.6
2026-02-04 15:00:00,28.26,65.1,44,8,12.0,10.99,6.12,236.04,207.9
2026-02-04 16:00:00,33.13,79.36,67,10,12.0,9.77,5.71,244.24,279.95
2026-02-04 17:00:00,33.67,71.53,53,8,12.0,3.11,5.47,248.03,245.88
2026-02-04 18:00:00,31.72,63.97,28,6,12.0,0.0,5.14,283.0,197.07
2026-02-04 19:00:00,30.74,63.13,58,8,12.0,0.26,5.51,276.67,244.02
2026-02-04 20:00:00,29.57,73.05,13,4,6.2,0.04,6.68,174.36,160.11
2026-02-04 21:00:00,31.77,69.67,0,3,3.4,0.86,5.95,166.07,145.71
2026-02-04 22:00:00,32.89,74.4,3,2,8.3,1.06,5.74,212.88,156.19
2026-02-04 23:00:00,30.02,74.42,3,2,7.1,0.0,6.74,151.54,170.12
2026-02-05 00:00:00,24.51,72.59,4,2,6.5,1.0,6.48,200.81,169.47
2026-02-05 01:00:00,32.21,65.25,20,5,12.0,0.0,6.81,192.45,199.82
2026-02-05 02:00:00,28.48,70.55,9,1,8.5,0.0,7.0,224.81,149.88
2026-02-05 03:00:00,26.02,69.53,7,2,7.0,0.0,7.59,188.42,170.57
2026-02-05 04:00:00,28.14,70.99,19,2,12.0,0.0,6.73,186.44,201.77
2026-02-05 05:00:00,28.98,71.43,14,4,9.1,3.33,7.78,205.93,192.49
2026-02-05 06:00:00,18.0,72.71,0,3,6.0,2.57,7.56,146.17,123.85
2026-02-05 07:00:00,25.22,78.36,5,5,5.2,5.69,7.3,151.62,154.28
2026-02-05 08:00:00,20.43,74.7,58,11,12.0,6.57,6.89,250.69,257.01
2026-02-05 09:00:00,25.38,67.94,48,7,12.0,11.85,6.98,244.69,221.95
2026-02-05 10:00:00,24.86,71.74,70,11,12.0,13.92,6.91,255.0,255.94
2026-02-05 11:00:00,26.76,74.56,56,8,12.0,10.61,7.34,250.59,270.45
2026-02-05 12:00:00,24.75,74.85,49,10,12.0,12.43,7.0,240.22,223.63
2026-02-05 13:00:00,22.28,78.96,46,9,12.0,14.6,6.16,253.72,232.72
2026-02-05 14:00:00,26.87,79.08,62,10,12.0,11.15,6.8,268.38,257.59
2026-02-05 15:00:00,30.05,79.7,50,7,12.0,8.49,6.27,202.61,238.43
2026-02-05 16:00:00,32.54,70.82,58,4,12.0,8.65,5.97,281.31,244.38
2026-02-05 17:00:00,27.9,64.58,46,5,12.0,1.97,5.63,242.52,206.99
2026-02-05 18:00:00,34.03,65.89,56,6,12.0,4.96,5.5,201.71,235.25
2026-02-05 19:00:00,30.24,63.4,50,6,12.0,3.19,5.92,253.23,233.2
2026-02-05 20:00:00,32.91,80.44,7,6,8.3,0.0,5.94,159.83,154.47
2026-02-05 21:00:00,30.59,84.1,4,1,7.3,2.5,5.8,150.73,166.88
2026-02-05 22:00:00,31.92,73.81,18,3,10.7,0.37,6.49,151.35,186.7
2026-02-05 23:00:00,33.06,74.47,6,1,11.0,0.0,6.35,176.46,155.94
2026-02-06 00:00:00,26.93,74.5,9,7,10.7,3.96,6.65,178.09,195.16
2026-02-06 01:00:00,27.34,75.03,9,3,7.4,0.78,7.08,199.17,168.09
2026-02-06 02:00:00,28.46,60.49,23,6,12.0,0.0,7.19,153.23,199.51
2026-02-06 03:00:00,32.97,68.0,17,4,8.0,0.92,6.5,164.34,204.09
2026-02-06 04:00:00,23.84,68.74,16,1,12.0,3.35,7.46,198.67,146.24
2026-02-06 05:00:00,30.27,72.38,0,4,5.5,0.0,7.28,195.21,172.31
2026-02-06 06:00:00,29.55,70.5,5,3,8.4,0.42,7.14,135.72,189.34
2026-02-06 07:00:00,23.89,88.5,20,4,7.7,3.02,7.29,145.18,175.08
2026-02-06 08:00:00,23.25,81.74,46,10,12.0,7.7,7.09,257.98,226.18
2026-02-06 09:00:00,22.41,77.91,56,8,12.0,7.94,7.11,228.27,248.2
2026-02-06 10:00:00,24.37,72.68,46,7,12.0,10.53,6.89,265.09,216.87
2026-02-06 11:00:00,21.65,88.17,47,7,12.0,12.84,6.95,269.45,246.61
2026-02-06 12:00:00,25.81,73.32,68,12,12.0,14.34,5.96,230.11,257.91
2026-02-06 13:00:00,30.71,72.43,61,11,12.0,15.75,6.36,236.42,255.26
2026-02-06 14:00:00,26.47,73.37,63,10,12.0,11.83,6.09,266.47,256.39
2026-02-06 15:00:00,28.43,68.87,61,8,12.0,11.55,6.72,237.44,221.18
2026-02-06 16:00:00,25.75,73.83,54,8,12.0,6.12,5.12,244.87,230.61
2026-02-06 17:00:00,31.76,55.63,49,6,12.0,4.8,6.05,203.9,240.23
2026-02-06 18:00:00,32.13,58.28,52,10,12.0,2.4,5.85,233.78,247.1
2026-02-06 19:00:00,32.02,71.63,53,6,12.0,0.0,6.0,231.7,224.58
2026-02-06 20:00:00,31.46,80.56,24,7,12.0,0.7,5.65,150.4,200.1
2026-02-06 21:00:00,31.13,72.25,0,4,2.9,0.0,6.05,175.86,124.08
2026-02-06 22:00:00,32.72,63.65,6,1,5.5,1.17,6.15,187.02,147.39
2026-02-06 23:00:00,30.76,59.97,3,2,10.6,0.0,7.53,153.54,177.11
2026-02-07 00:00:00,30.79,75.54,18,3,12.0,0.0,6.39,193.16,187.79
2026-02-07 01:00:00,29.57,66.93,25,6,12.0,1.15,6.43,160.35,221.86
2026-02-07 02:00:00,30.81,74.54,12,6,10.2,0.0,7.6,202.57,184.73
2026-02-07 03:00:00,28.66,74.27,13,5,10.2,0.0,7.19,199.77,219.46
2026-02-07 04:00:00,26.48,76.41,11,3,8.7,2.81,7.37,143.18,193.14
2026-02-07 05:00:00,28.97,71.56,13,5,11.1,1.73,7.67,178.0,194.72
2026-02-07 06:00:00,25.59,76.37,16,6,8.9,4.79,7.33,186.66,179.4
2026-02-07 07:00:00,27.4,71.58,13,3,12.0,3.77,7.13,177.38,182.88
2026-02-07 08:00:00,25.52,69.29,59,9,12.0,6.83,7.24,223.42,265.91
2026-02-07 09:00:00,19.53,71.18,61,12,12.0,9.92,6.77,245.65,274.28
2026-02-07 10:00:00,27.8,55.45,41,9,12.0,10.27,6.39,213.72,208.77
2026-02-07 11:00:00,25.51,72.48,55,10,12.0,13.1,6.41,245.7,263.58
2026-02-07 12:00:00,25.87,84.13,57,13,12.0,11.48,5.67,250.97,265.65
2026-02-07 13:00:00,27.67,77.34,58,10,12.0,15.87,6.17,259.07,235.93
2026-02-07 14:00:00,27.14,74.2,54,9,12.0,13.6,5.93,270.44,208.73
2026-02-07 15:00:00,29.6,65.74,56,11,12.0,7.58,6.15,224.16,258.56
2026-02-07 16:00:00,28.52,78.62,49,11,12.0,5.67,5.85,226.0,250.2
2026-02-07 17:00:00,34.01,66.95,41,6,12.0,4.4,5.68,243.61,219.03
2026-02-07 18:00:00,31.18,80.8,63,9,12.0,0.54,6.11,239.38,277.39
2026-02-07 19:00:00,30.91,63.1,46,6,12.0,0.0,5.58,220.74,255.04
2026-02-07 20:00:00,29.69,65.57,9,4,6.4,0.13,5.42,197.91,159.3
2026-02-07 21:00:00,32.54,62.89,4,4,2.7,1.14,5.05,129.31,145.44
2026-02-07 22:00:00,31.93,58.87,23,3,12.0,1.2,6.11,150.88,216.3
2026-02-07 23:00:00,31.8,62.78,9,5,10.9,3.37,6.27,169.97,181.57
2026-02-08 00:00:00,27.43,73.12,8,2,10.5,0.5,6.94,191.86,178.82
2026-02-08 01:00:00,25.03,69.09,16,3,10.5,0.0,6.4,219.08,174.03
2026-02-08 02:00:00,29.56,43.91,27,7,12.0,0.0,7.16,187.77,235.46
2026-02-08 03:00:00,30.68,77.65,13,3,11.7,2.51,6.2,215.66,176.48
2026-02-08 04:00:00,23.43,63.41,7,1,7.0,3.22,6.74,192.61,156.62
2026-02-08 05:00:00,29.15,75.32,16,5,8.7,0.0,7.41,190.6,204.79
2026-02-08 06:00:00,25.25,74.15,0,2,3.9,0.76,7.54,178.89,151.19
2026-02-08 07:00:00,24.12,89.54,10,5,8.9,3.81,6.69,176.95,174.43
2026-02-08 08:00:00,23.01,82.47,70,12,12.0,6.4,6.91,261.64,306.07
2026-02-08 09:00:00,20.68,73.6,56,6,12.0,6.92,7.08,271.1,247.61
2026-02-08 10:00:00,27.01,67.78,56,11,12.0,13.08,6.87,203.92,248.86
2026-02-08 11:00:00,23.23,85.86,55,11,12.0,17.09,6.9,261.69,225.68
2026-02-08 12:00:00,24.05,64.43,52,10,12.0,14.34,6.82,266.07,257.5
2026-02-08 13:00:00,29.44,72.32,58,11,12.0,12.92,5.85,242.56,246.85
2026-02-08 14:00:00,23.29,74.38,61,9,12.0,11.26,6.26,203.13,245.23
2026-02-08 15:00:00,25.23,71.54,52,8,12.0,10.89,5.68,253.37,230.71
2026-02-08 16:00:00,29.95,73.11,35,7,12.0,9.3,5.92,250.37,216.98
2026-02-08 17:00:00,31.56,70.83,59,10,12.0,4.69,5.56,210.85,239.6
2026-02-08 18:00:00,32.68,71.93,70,12,12.0,0.0,6.08,278.61,284.29
2026-02-08 19:00:00,31.11,70.8,52,8,12.0,3.48,5.93,255.12,244.56
2026-02-08 20:00:00,38.33,67.7,0,1,4.0,1.67,5.46,162.02,149.63
2026-02-08 21:00:00,31.29,70.35,15,2,8.6,0.0,5.35,156.63,181.49
2026-02-08 22:00:00,30.89,65.36,24,6,11.4,0.0,6.52,216.59,210.23
2026-02-08 23:00:00,28.84,71.44,14,3,10.3,0.0,6.05,178.87,185.49
2026-02-09 00:00:00,30.31,65.38,24,4,12.0,1.73,6.29,183.63,190.56
2026-02-09 01:00:00,30.57,64.74,16,7,10.9,0.0,6.97,173.97,223.12
2026-02-09 02:00:00,31.01,67.54,16,5,12.0,1.03,6.54,234.64,194.77
2026-02-09 03:00:00,23.24,74.49,6,3,8.3,0.56,7.14,185.42,165.9
2026-02-09 04:00:00,25.39,74.08,12,5,5.2,0.53,7.2,160.37,177.27
2026-02-09 05:00:00,26.29,79.61,10,5,6.7,0.0,7.24,200.03,185.38
2026-02-09 06:00:00,26.0,69.91,9,1,10.5,0.0,7.72,146.58,185.35
2026-02-09 07:00:00,24.15,76.07,8,2,5.3,8.11,7.44,167.75,142.33
2026-02-09 08:00:00,25.36,74.68,57,8,12.0,7.27,7.54,300.57,261.86
2026-02-09 09:00:00,22.11,71.86,45,6,12.0,13.77,6.98,253.25,223.83
2026-02-09 10:00:00,28.43,72.21,61,9,12.0,13.93,6.65,246.32,256.62
2026-02-09 11:00:00,27.65,79.26,48,5,12.0,13.75,7.07,216.75,224.61
2026-02-09 12:00:00,22.64,77.06,53,10,12.0,14.46,6.3,259.79,219.85
2026-02-09 13:00:00,24.28,76.19,58,8,12.0,15.68,6.34,247.7,227.91
2026-02-09 14:00:00,25.38,68.89,48,8,12.0,14.51,6.25,242.99,196.5
2026-02-09 15:00:00,30.73,83.87,39,7,12.0,10.85,5.66,227.53,211.71
2026-02-09 16:00:00,26.79,68.31,52,9,12.0,9.19,5.54,217.07,229.83
2026-02-09 17:00:00,30.0,58.92,44,4,12.0,5.9,5.63,239.97,191.52
2026-02-09 18:00:00,32.6,74.8,61,10,12.0,0.66,5.96,286.3,267.54
2026-02-09 19:00:00,31.7,68.61,46,7,12.0,0.0,5.85,235.82,246.6
2026-02-09 20:00:00,32.65,66.63,22,5,11.6,0.99,5.33,144.14,196.29
2026-02-09 21:00:00,29.2,67.34,10,1,9.7,0.0,6.62,179.25,159.25
2026-02-09 22:00:00,32.95,81.64,10,4,7.7,0.0,6.23,203.56,169.18
2026-02-09 23:00:00,29.3,73.58,0,4,6.6,0.8,6.14,187.88,159.05
2026-02-10 00:00:00,29.19,75.02,11,4,6.9,0.0,6.45,193.94,160.3
2026-02-10 01:00:00,29.63,72.0,9,2,8.2,2.63,6.62,220.09,136.57
2026-02-10 02:00:00,28.26,73.71,0,1,5.9,0.0,6.77,198.09,167.36
2026-02-10 03:00:00,27.02,82.47,11,4,7.5,0.0,7.47,167.03,190.65
2026-02-10 04:00:00,24.12,72.96,7,4,8.2,2.62,8.02,178.43,156.54
2026-02-10 05:00:00,24.42,64.31,8,3,7.7,0.1,7.09,170.99,149.04
2026-02-10 06:00:00,24.54,80.5,10,3,8.4,0.19,7.14,184.38,174.04
2026-02-10 07:00:00,20.7,80.59,6,3,5.7,2.05,7.24,139.34,154.91
2026-02-10 08:00:00,22.84,76.37,57,9,12.0,3.23,6.71,261.15,263.04
2026-02-10 09:00:00,25.11,77.32,54,8,12.0,8.26,7.25,221.7,241.19
2026-02-10 10:00:00,21.34,74.07,59,10,12.0,13.26,6.97,250.63,259.27
2026-02-10 11:00:00,28.06,72.1,51,9,12.0,13.12,6.76,222.94,237.87
2026-02-10 12:00:00,29.17,70.26,46,9,12.0,13.33,5.85,217.78,245.91
2026-02-10 13:00:00,23.85,70.76,49,10,12.0,10.12,5.5,232.42,227.68
2026-02-10 14:00:00,31.39,77.95,67,10,12.0,15.75,5.97,195.8,249.85
2026-02-10 15:00:00,28.68,61.64,63,10,12.0,9.78,6.17,208.85,248.37
2026-02-10 16:00:00,31.05,86.39,65,8,12.0,11.68,5.18,223.6,257.16
2026-02-10 17:00:00,29.59,77.03,65,10,12.0,4.36,6.04,205.15,265.49
2026-02-10 18:00:00,33.77,55.51,51,9,12.0,3.1,5.59,272.51,244.84
2026-02-10 19:00:00,32.88,67.02,57,6,12.0,0.0,5.44,247.42,230.33
2026-02-10 20:00:00,29.96,69.44,11,4,8.1,0.0,5.84,189.2,166.38
2026-02-10 21:00:00,28.95,74.08,15,2,9.0,0.0,5.48,151.66,157.66
2026-02-10 22:00:00,27.81,65.21,8,2,8.2,1.12,5.21,177.54,143.98
2026-02-10 23:00:00,31.3,69.92,11,3,6.0,1.34,6.72,167.11,179.21
2026-02-11 00:00:00,31.43,68.75,11,3,10.8,0.79,6.48,161.67,169.73
2026-02-11 01:00:00,30.66,64.97,14,2,10.1,4.58,6.45,132.52,164.42
2026-02-11 02:00:00,27.71,66.07,15,5,8.4,0.78,6.7,164.62,188.39
2026-02-11 03:00:00,24.07,81.18,11,4,8.0,0.0,6.79,186.31,162.25
2026-02-11 04:00:00,24.29,62.72,11,6,8.6,0.0,7.07,166.93,175.53
2026-02-11 05:00:00,28.05,75.31,12,4,6.4,0.0,7.23,148.02,203.64
2026-02-11 06:00:00,23.32,80.86,23,6,12.0,0.59,7.54,178.1,204.22
2026-02-11 07:00:00,24.49,72.92,0,1,6.9,5.79,7.03,159.68,151.19
2026-02-11 08:00:00,21.31,77.05,47,6,12.0,9.82,6.82,256.62,251.35
2026-02-11 09:00:00,24.98,82.26,60,10,12.0,9.31,6.88,241.58,261.21
2026-02-11 10:00:00,23.39,70.29,57,7,12.0,12.02,7.76,257.86,243.93
2026-02-11 11:00:00,27.79,67.94,57,10,12.0,12.24,6.76,244.31,255.35
2026-02-11 12:00:00,27.93,68.58,60,12,12.0,15.94,6.64,248.93,253.67
2026-02-11 13:00:00,25.73,81.75,57,10,12.0,11.05,6.2,227.41,246.79
2026-02-11 14:00:00,27.68,81.27,51,9,12.0,10.68,6.71,250.59,234.78
2026-02-11 15:00:00,27.66,62.47,60,10,12.0,1.58,6.24,244.94,244.1
2026-02-11 16:00:00,26.45,80.13,55,8,12.0,4.64,5.44,252.41,245.23
2026-02-11 17:00:00,28.68,77.25,51,8,12.0,2.44,5.78,261.71,214.0
2026-02-11 18:00:00,31.96,80.1,61,8,12.0,0.0,5.56,247.32,255.59
2026-02-11 19:00:00,32.68,71.42,60,7,12.0,0.0,5.87,234.92,248.32
2026-02-11 20:00:00,32.37,68.63,12,3,10.4,0.0,6.16,169.54,161.5
2026-02-11 21:00:00,31.11,77.84,24,7,12.0,2.52,5.51,149.83,211.15
2026-02-11 22:00:00,33.8,72.83,21,3,12.0,0.0,6.23,145.6,182.16
2026-02-11 23:00:00,30.99,85.62,18,6,12.0,0.0,6.01,182.28,195.31
2026-02-12 00:00:00,31.76,76.08,31,8,12.0,0.0,7.0,178.25,237.5
2026-02-12 01:00:00,24.6,75.45,9,4,3.6,0.0,7.05,157.74,136.12
2026-02-12 02:00:00,18.19,70.65,6,3,7.3,0.0,6.2,193.76,160.34
2026-02-12 03:00:00,27.67,68.16,17,4,9.6,0.72,6.67,170.22,187.12
2026-02-12 04:00:00,22.44,65.84,8,3,9.4,0.0,6.72,170.05,161.26
2026-02-12 05:00:00,24.64,72.85,10,3,5.0,0.6,7.25,206.89,148.29
2026-02-12 06:00:00,23.78,81.44,2,2,7.4,2.8,7.41,195.75,155.19
2026-02-12 07:00:00,28.1,71.9,15,4,10.6,5.66,7.55,151.06,188.36
2026-02-12 08:00:00,25.0,81.25,43,10,12.0,8.16,7.11,246.16,246.92
2026-02-12 09:00:00,24.55,76.78,54,9,12.0,10.71,6.97,264.62,239.46
2026-02-12 10:00:00,26.63,70.14,55,8,12.0,11.49,7.0,243.68,231.29
2026-02-12 11:00:00,26.09,73.95,52,8,12.0,16.36,7.81,253.6,238.27
2026-02-12 12:00:00,24.86,77.51,41,6,12.0,14.86,5.97,256.72,199.23
2026-02-12 13:00:00,29.64,71.82,41,6,12.0,11.91,5.64,242.53,219.43
2026-02-12 14:00:00,25.23,75.0,49,9,12.0,11.82,5.91,234.88,214.1
2026-02-12 15:00:00,29.84,65.33,59,8,12.0,8.55,5.68,247.58,252.1
2026-02-12 16:00:00,26.13,70.28,57,8,12.0,6.72,5.55,243.57,252.29
2026-02-12 17:00:00,31.34,85.47,55,8,12.0,6.05,5.72,214.66,240.81
2026-02-12 18:00:00,31.95,77.84,48,7,12.0,0.0,5.29,254.32,250.66
2026-02-12 19:00:00,36.05,56.04,58,11,12.0,0.0,5.52,255.47,276.43
2026-02-12 20:00:00,28.09,55.37,0,2,4.8,2.08,5.7,168.56,136.08
2026-02-12 21:00:00,30.36,70.88,0,2,1.2,2.55,5.84,210.74,131.61
2026-02-12 22:00:00,33.52,74.39,8,3,7.6,0.0,6.05,181.58,162.11
2026-02-12 23:00:00,31.67,65.79,6,3,5.3,2.96,6.24,190.26,171.47
2026-02-13 00:00:00,30.45,77.44,18,3,11.1,1.93,6.22,248.78,197.92
2026-02-13 01:00:00,26.64,73.37,11,1,9.2,0.0,6.62,140.03,151.13
2026-02-13 02:00:00,26.52,71.89,23,7,9.3,2.44,6.9,164.85,203.1
2026-02-13 03:00:00,30.08,75.84,6,4,7.8,0.0,7.4,194.25,167.92
2026-02-13 04:00:00,25.87,69.77,14,4,9.0,0.0,6.67,161.02,187.36
2026-02-13 05:00:00,26.11,71.32,8,4,3.2,0.0,7.28,146.95,174.46
2026-02-13 06:00:00,24.25,79.32,21,7,11.4,0.0,7.36,162.65,189.03
2026-02-13 07:00:00,21.18,76.56,8,2,8.6,5.33,7.34,185.65,155.27
2026-02-13 08:00:00,26.33,86.53,62,8,12.0,6.97,7.27,246.01,265.98
2026-02-13 09:00:00,25.39,78.68,46,9,12.0,7.68,6.61,241.02,239.68
2026-02-13 10:00:00,30.3,74.79,52,6,12.0,10.95,6.96,225.88,260.23
2026-02-13 11:00:00,22.63,75.41,54,9,12.0,12.19,6.74,242.28,217.3
2026-02-13 12:00:00,28.06,78.08,65,9,12.0,14.5,6.69,201.98,271.45
2026-02-13 13:00:00,23.69,72.76,37,7,12.0,18.07,6.23,216.73,187.49
2026-02-13 14:00:00,28.39,73.7,52,8,12.0,12.54,5.91,219.92,205.28
2026-02-13 15:00:00,31.48,63.15,52,10,12.0,10.44,6.28,246.24,247.58
2026-02-13 16:00:00,24.82,81.5,38,5,12.0,10.08,5.38,250.44,193.42
2026-02-13 17:00:00,30.32,72.41,51,9,12.0,2.54,5.25,248.28,241.39
2026-02-13 18:00:00,30.06,84.44,43,6,12.0,2.67,5.27,250.0,225.81
2026-02-13 19:00:00,30.11,87.27,36,7,12.0,0.0,5.85,269.01,225.75
2026-02-13 20:00:00,32.96,73.87,8,1,7.3,0.0,5.55,137.29,148.88
2026-02-13 21:00:00,34.67,67.81,8,3,9.5,0.0,5.9,130.2,181.3
2026-02-13 22:00:00,31.13,63.19,8,5,10.2,0.0,6.58,164.73,153.15
2026-02-13 23:00:00,31.34,75.99,12,4,8.3,0.0,5.88,176.95,175.7
2026-02-14 00:00:00,30.29,71.87,3,4,6.0,0.72,5.9,197.58,178.71
2026-02-14 01:00:00,29.04,75.04,24,5,12.0,0.0,7.0,139.27,214.37
2026-02-14 02:00:00,25.28,86.01,10,2,10.0,0.2,6.61,205.9,174.34
2026-02-14 03:00:00,29.74,65.01,20,5,12.0,0.0,6.66,162.87,204.53
2026-02-14 04:00:00,26.74,66.41,0,3,4.8,1.56,7.16,189.91,162.02
2026-02-14 05:00:00,26.16,71.63,3,1,8.1,2.26,7.21,178.79,157.17
2026-02-14 06:00:00,22.52,81.58,15,5,11.3,0.44,7.0,194.34,201.05
2026-02-14 07:00:00,22.99,79.39,8,2,6.3,5.12,7.47,159.51,154.37
2026-02-14 08:00:00,23.56,68.84,46,6,12.0,5.33,6.92,264.44,250.35
2026-02-14 09:00:00,20.3,82.69,40,8,12.0,12.93,6.78,239.09,226.37
2026-02-14 10:00:00,20.32,68.97,61,11,12.0,12.5,6.25,262.37,274.99
2026-02-14 11:00:00,23.67,69.17,60,10,12.0,10.31,5.85,221.37,248.3
2026-02-14 12:00:00,27.31,71.68,57,7,12.0,16.43,6.58,266.5,253.23
2026-02-14 13:00:00,25.33,69.99,51,7,12.0,14.96,5.83,192.1,209.67
2026-02-14 14:00:00,25.45,80.01,46,7,12.0,15.87,6.05,196.2,226.48
2026-02-14 15:00:00,27.0,74.71,55,9,12.0,13.23,6.61,237.15,239.38
2026-02-14 16:00:00,28.86,83.76,44,7,12.0,9.68,5.97,185.16,225.43
2026-02-14 17:00:00,29.94,68.91,49,9,12.0,4.57,5.74,243.99,249.89
2026-02-14 18:00:00,36.88,64.93,65,11,12.0,1.43,5.85,228.92,291.79
2026-02-14 19:00:00,34.5,75.92,40,7,12.0,0.0,6.48,226.76,246.9
2026-02-14 20:00:00,34.56,66.77,15,5,8.9,0.0,5.15,146.06,192.49
2026-02-14 21:00:00,34.79,77.71,22,4,12.0,5.97,5.89,183.67,205.36
2026-02-14 22:00:00,28.97,75.11,17,9,10.0,0.0,6.62,149.8,203.6
2026-02-14 23:00:00,27.77,55.69,13,4,10.8,0.62,6.4,174.07,172.59
2026-02-15 00:00:00,27.23,80.78,6,4,6.4,0.0,6.92,174.53,170.79
2026-02-15 01:00:00,32.37,75.33,5,5,7.9,1.71,6.49,217.6,156.13
2026-02-15 02:00:00,26.63,79.62,0,2,1.9,0.4,6.46,171.44,151.05
2026-02-15 03:00:00,23.84,61.54,10,2,11.0,2.43,7.73,206.47,183.24
2026-02-15 04:00:00,24.92,69.51,7,5,5.2,0.03,7.22,162.46,181.25
2026-02-15 05:00:00,24.58,70.28,4,5,3.7,1.55,7.56,165.17,159.51
2026-02-15 06:00:00,25.21,68.07,10,3,10.9,0.73,7.61,201.4,158.55
2026-02-15 07:00:00,24.76,86.46,10,6,8.5,3.04,7.72,160.59,196.94
2026-02-15 08:00:00,21.93,76.17,50,8,12.0,6.13,7.3,254.39,233.52
2026-02-15 09:00:00,25.85,73.25,68,12,12.0,12.46,7.18,220.75,264.28
2026-02-15 10:00:00,22.94,79.41,61,12,12.0,13.37,7.07,272.21,275.4
2026-02-15 11:00:00,24.78,78.24,62,10,12.0,15.52,6.48,246.94,239.05
2026-02-15 12:00:00,27.72,48.85,54,9,12.0,16.51,6.87,255.95,238.94
2026-02-15 13:00:00,25.36,69.32,59,11,12.0,12.49,6.09,213.55,274.22
2026-02-15 14:00:00,26.58,63.11,48,7,12.0,11.58,6.49,229.75,217.15
2026-02-15 15:00:00,30.51,73.04,60,8,12.0,9.22,6.21,235.4,238.82
2026-02-15 16:00:00,27.86,70.08,53,10,12.0,9.06,5.03,225.34,247.59
2026-02-15 17:00:00,29.87,70.8,47,8,12.0,3.81,6.01,247.8,240.21
2026-02-15 18:00:00,32.85,54.05,55,8,12.0,0.37,5.78,293.63,231.72
2026-02-15 19:00:00,37.0,63.53,53,9,12.0,0.0,6.19,238.77,263.35
2026-02-15 20:00:00,33.51,75.95,29,6,11.6,1.65,6.41,192.37,230.09
2026-02-15 21:00:00,33.05,78.33,13,1,9.3,1.71,5.97,196.55,188.76
2026-02-15 22:00:00,32.79,73.68,23,6,10.8,1.12,6.22,198.18,205.15
2026-02-15 23:00:00,28.15,62.55,19,5,12.0,0.33,5.84,180.75,200.29
2026-02-16 00:00:00,30.29,79.21,10,6,11.9,2.09,6.44,179.26,195.82
2026-02-16 01:00:00,28.96,76.4,6,2,8.2,0.0,7.29,152.88,177.29
2026-02-16 02:00:00,28.8,70.62,0,4,3.5,2.84,6.9,153.51,152.24
2026-02-16 03:00:00,27.26,58.35,3,2,7.8,1.43,7.39,185.65,173.68
2026-02-16 04:00:00,26.95,79.41,15,4,10.1,0.0,7.19,188.08,180.64
2026-02-16 05:00:00,24.39,70.38,8,3,7.7,0.0,7.23,160.74,176.88
2026-02-16 06:00:00,24.68,76.75,13,7,8.6,0.65,7.5,153.31,180.36
2026-02-16 07:00:00,21.07,77.33,0,1,5.2,2.23,6.25,192.84,114.16
2026-02-16 08:00:00,23.2,86.13,59,10,12.0,9.16,7.32,235.5,264.86
2026-02-16 09:00:00,27.61,71.39,64,10,12.0,5.95,6.28,255.14,303.98
2026-02-16 10:00:00,25.33,73.76,41,7,12.0,13.73,6.87,266.82,221.43
2026-02-16 11:00:00,25.12,85.07,58,10,12.0,14.9,6.41,243.28,244.59
2026-02-16 12:00:00,30.74,65.47,66,12,12.0,10.03,6.1,252.15,288.34
2026-02-16 13:00:00,23.56,80.81,68,11,12.0,13.73,6.81,271.1,252.81
2026-02-16 14:00:00,25.23,72.55,51,10,12.0,11.25,6.49,216.34,213.26
2026-02-16 15:00:00,33.32,61.26,61,9,12.0,12.73,5.81,238.42,262.16
2026-02-16 16:00:00,30.11,70.53,66,10,12.0,5.33,6.64,248.81,282.69
2026-02-16 17:00:00,30.22,75.29,58,7,12.0,5.22,6.08,235.93,242.83
2026-02-16 18:00:00,28.47,81.15,65,13,12.0,2.0,5.64,231.21,275.83
2026-02-16 19:00:00,32.98,78.83,55,8,12.0,0.0,5.07,267.34,241.32
2026-02-16 20:00:00,33.36,66.18,13,3,9.8,2.6,5.77,227.2,170.11
2026-02-16 21:00:00,29.13,64.3,5,4,6.1,0.0,5.71,188.81,157.17
2026-02-16 22:00:00,31.11,67.59,9,5,7.9,2.67,5.94,210.33,171.04
2026-02-16 23:00:00,29.99,62.34,13,3,6.8,5.21,6.44,200.13,164.48
2026-02-17 00:00:00,30.64,68.63,4,4,4.0,1.86,6.28,188.14,119.86
2026-02-17 01:00:00,26.24,70.84,8,3,2.8,1.22,7.17,165.92,155.98
2026-02-17 02:00:00,31.13,74.9,16,6,7.9,0.0,6.71,146.53,180.35
2026-02-17 03:00:00,29.25,55.68,26,4,12.0,3.71,6.71,179.6,207.91
2026-02-17 04:00:00,25.09,68.9,0,3,3.8,1.78,7.42,179.34,161.49
2026-02-17 05:00:00,24.63,69.28,26,5,12.0,0.0,7.26,178.62,213.29
2026-02-17 06:00:00,24.19,82.97,8,1,9.3,3.0,7.6,186.84,149.01
2026-02-17 07:00:00,22.19,68.27,18,2,9.9,3.84,7.33,107.93,163.4
2026-02-17 08:00:00,22.89,77.16,64,9,12.0,8.35,6.71,278.18,256.76
2026-02-17 09:00:00,23.46,74.28,68,12,12.0,9.08,7.17,303.46,284.05
2026-02-17 10:00:00,28.57,78.9,49,5,12.0,10.25,6.58,224.11,240.44
2026-02-17 11:00:00,27.54,76.49,53,9,12.0,11.75,6.76,241.06,248.17
2026-02-17 12:00:00,28.34,72.61,55,9,12.0,13.24,6.29,283.51,231.07
2026-02-17 13:00:00,27.89,68.19,52,6,12.0,14.55,6.22,252.94,236.87
2026-02-17 14:00:00,25.21,60.99,66,9,12.0,11.53,6.12,210.21,246.48
2026-02-17 15:00:00,28.93,73.08,54,7,12.0,8.32,6.19,262.62,228.61
2026-02-17 16:00:00,32.43,72.62,42,7,12.0,5.1,5.61,272.04,218.6
2026-02-17 17:00:00,27.68,61.2,50,10,12.0,6.16,4.75,235.96,214.24
2026-02-17 18:00:00,33.06,59.83,42,9,12.0,0.0,5.37,273.24,247.7
2026-02-17 19:00:00,37.67,67.0,53,8,12.0,0.0,5.77,235.63,252.93
2026-02-17 20:00:00,34.65,69.72,15,3,9.3,0.0,6.22,185.31,171.34
2026-02-17 21:00:00,35.4,59.89,5,1,6.7,0.0,6.04,158.08,162.54
2026-02-17 22:00:00,32.01,65.17,7,2,11.5,0.41,6.45,172.38,177.79
2026-02-17 23:00:00,33.25,55.47,8,2,8.3,0.0,6.35,159.02,145.39
2026-02-18 00:00:00,28.21,81.5,11,3,11.1,2.57,6.58,116.37,192.82
2026-02-18 01:00:00,31.02,60.78,14,4,12.0,0.0,6.62,153.46,217.01
2026-02-18 02:00:00,29.64,74.65,16,3,9.5,0.0,7.27,186.09,188.14
2026-02-18 03:00:00,27.69,71.97,28,5,12.0,0.0,7.64,200.82,216.34
2026-02-18 04:00:00,29.29,80.12,11,2,8.2,0.95,6.86,159.78,204.1
2026-02-18 05:00:00,23.82,69.38,16,3,12.0,0.79,7.35,215.5,171.51
2026-02-18 06:00:00,24.07,75.18,0,4,7.9,0.0,6.88,137.45,154.88
2026-02-18 07:00:00,24.37,62.65,7,4,8.9,3.67,7.86,155.09,176.76
2026-02-18 08:00:00,21.43,63.03,53,9,12.0,6.49,7.25,249.74,256.42
2026-02-18 09:00:00,24.7,78.48,47,9,12.0,11.6,7.06,283.12,236.69
2026-02-18 10:00:00,20.24,64.94,51,10,12.0,9.55,6.5,238.16,224.84
2026-02-18 11:00:00,27.79,70.55,54,11,12.0,12.84,6.63,252.82,266.55
2026-02-18 12:00:00,26.12,80.4,51,9,12.0,13.61,6.47,219.97,234.83
2026-02-18 13:00:00,25.66,78.86,70,11,12.0,16.31,5.92,234.8,259.46
2026-02-18 14:00:00,25.91,68.81,59,8,12.0,14.48,6.15,252.36,244.96
2026-02-18 15:00:00,28.45,60.57,70,9,12.0,10.68,5.63,220.74,273.21
2026-02-18 16:00:00,31.72,72.96,67,11,12.0,5.01,5.96,218.02,273.57
2026-02-18 17:00:00,32.2,78.46,50,8,12.0,3.74,5.38,217.99,244.15
2026-02-18 18:00:00,29.7,66.17,55,7,12.0,3.76,5.75,254.74,248.33
2026-02-18 19:00:00,29.75,65.15,52,5,12.0,0.0,5.66,246.66,225.1
2026-02-18 20:00:00,33.64,64.38,9,6,7.5,0.26,5.91,173.2,170.0
2026-02-18 21:00:00,30.06,74.56,2,1,9.0,0.37,5.99,162.74,143.92
2026-02-18 22:00:00,31.61,78.07,6,2,8.7,0.0,6.13,172.6,150.89
2026-02-18 23:00:00,31.14,61.13,13,5,8.9,0.0,6.03,139.23,168.27
2026-02-19 00:00:00,30.78,59.57,13,2,9.7,0.0,6.69,186.5,201.1
2026-02-19 01:00:00,31.18,86.15,12,4,12.0,0.0,6.81,235.57,180.91
2026-02-19 02:00:00,24.84,72.97,10,6,9.0,0.88,7.12,194.04,183.55
2026-02-19 03:00:00,22.19,77.84,17,7,12.0,0.34,7.06,216.68,195.88
2026-02-19 04:00:00,24.58,69.55,8,2,6.6,1.01,7.13,199.88,172.36
2026-02-19 05:00:00,29.68,74.26,21,5,12.0,4.32,6.92,174.32,206.14
2026-02-19 06:00:00,29.59,77.61,0,1,3.8,5.19,7.07,148.8,163.67
2026-02-19 07:00:00,28.71,73.6,15,4,9.2,3.81,7.11,178.39,185.52
2026-02-19 08:00:00,23.52,87.32,59,11,12.0,8.85,7.53,260.6,265.74
2026-02-19 09:00:00,19.68,75.54,50,6,12.0,11.22,6.63,235.89,227.97
2026-02-19 10:00:00,18.68,76.69,52,9,12.0,14.28,6.43,221.84,228.77
2026-02-19 11:00:00,23.64,76.67,59,9,12.0,15.61,6.68,263.97,247.38
2026-02-19 12:00:00,25.5,77.0,62,11,12.0,12.94,6.23,239.68,258.23
2026-02-19 13:00:00,30.22,72.04,41,9,12.0,17.49,6.16,259.22,205.09
2026-02-19 14:00:00,30.17,61.49,60,9,12.0,15.19,5.95,253.23,253.26
2026-02-19 15:00:00,29.6,73.06,51,8,12.0,11.83,5.71,264.07,244.35
2026-02-19 16:00:00,27.78,69.54,64,11,12.0,8.37,5.54,267.23,254.2
2026-02-19 17:00:00,28.43,67.63,40,8,12.0,4.42,5.4,244.57,215.17
2026-02-19 18:00:00,32.1,69.36,70,7,12.0,0.41,5.57,250.59,265.07
2026-02-19 19:00:00,33.61,61.34,48,9,12.0,1.58,5.22,224.76,264.94
2026-02-19 20:00:00,32.98,60.57,21,7,12.0,0.51,6.02,177.01,199.43
2026-02-19 21:00:00,29.28,52.8,9,3,8.2,0.76,5.62,139.2,165.34
2026-02-19 22:00:00,33.09,80.67,3,4,5.6,0.05,6.26,150.97,160.59
2026-02-19 23:00:00,31.89,73.16,12,5,10.4,0.0,6.06,173.69,193.05
2026-02-20 00:00:00,27.32,71.66,18,4,9.1,3.83,6.86,210.01,164.34
2026-02-20 01:00:00,27.07,67.98,0,3,6.0,0.42,6.72,179.89,172.63
2026-02-20 02:00:00,29.72,50.66,16,4,12.0,0.0,6.52,196.97,195.51
2026-02-20 03:00:00,26.38,68.04,10,3,6.9,0.58,7.94,196.34,167.35
2026-02-20 04:00:00,29.97,75.63,15,3,11.1,0.0,7.05,180.85,188.91
2026-02-20 05:00:00,26.42,79.7,10,3,9.2,2.13,7.08,204.42,178.63
2026-02-20 06:00:00,23.32,79.77,5,5,7.9,0.28,7.13,162.9,194.87
2026-02-20 07:00:00,24.11,75.83,1,1,5.4,3.22,7.41,191.38,162.85
2026-02-20 08:00:00,24.16,83.82,60,10,12.0,6.39,6.68,269.83,257.78
2026-02-20 09:00:00,22.32,73.68,60,10,12.0,6.99,7.11,227.88,257.05
2026-02-20 10:00:00,22.25,83.62,60,11,12.0,16.03,6.31,223.55,250.75
2026-02-20 11:00:00,26.93,70.06,58,11,12.0,14.17,6.68,260.51,230.08
2026-02-20 12:00:00,28.11,65.75,63,8,12.0,17.87,6.89,256.86,242.21
2026-02-20 13:00:00,28.47,64.63,66,9,12.0,13.27,6.1,205.44,255.62
2026-02-20 14:00:00,31.79,61.9,40,6,12.0,13.3,6.41,243.63,202.43
2026-02-20 15:00:00,27.68,76.84,36,6,12.0,11.64,5.35,241.55,221.04
2026-02-20 16:00:00,34.19,62.47,69,10,12.0,8.25,5.59,258.64,254.97
2026-02-20 17:00:00,28.58,64.37,44,8,12.0,2.99,5.3,214.45,211.35
2026-02-20 18:00:00,28.93,76.34,46,6,12.0,0.0,6.37,278.33,233.87
2026-02-20 19:00:00,27.46,74.67,53,7,12.0,4.78,5.58,266.4,232.76
2026-02-20 20:00:00,30.89,76.72,0,1,5.1,0.0,5.58,196.47,132.3
2026-02-20 21:00:00,30.6,73.77,7,4,8.3,5.34,5.84,173.9,172.65
2026-02-20 22:00:00,32.78,63.38,2,2,7.5,0.0,6.1,172.86,157.61
2026-02-20 23:00:00,31.44,70.13,8,3,8.1,3.02,6.16,199.79,187.26
2026-02-21 00:00:00,27.02,73.56,12,2,9.9,1.44,6.08,165.02,149.72
2026-02-21 01:00:00,28.05,65.53,7,1,7.8,1.53,7.18,171.71,156.09
2026-02-21 02:00:00,27.07,64.92,7,5,8.3,0.0,7.28,187.31,200.21
2026-02-21 03:00:00,22.52,71.07,12,3,9.2,0.0,7.18,169.13,180.99
2026-02-21 04:00:00,23.55,89.37,18,8,12.0,0.0,7.29,190.89,211.55
2026-02-21 05:00:00,23.24,72.44,23,6,12.0,0.55,7.35,172.93,204.52
2026-02-21 06:00:00,28.12,80.55,8,6,8.2,0.0,7.14,195.26,196.72
2026-02-21 07:00:00,24.61,71.09,25,6,12.0,2.81,7.07,168.45,197.56
2026-02-21 08:00:00,25.66,79.86,62,10,12.0,5.37,7.75,256.37,256.95
2026-02-21 09:00:00,20.39,83.64,45,7,12.0,8.47,7.28,258.68,234.54
2026-02-21 10:00:00,27.52,79.0,45,6,12.0,13.19,6.43,240.7,237.78
2026-02-21 11:00:00,28.42,74.42,50,10,12.0,12.12,6.55,239.19,260.58
2026-02-21 12:00:00,21.0,86.54,67,10,12.0,11.8,6.67,238.86,252.74
2026-02-21 13:00:00,25.2,76.61,51,9,12.0,13.8,6.42,254.14,229.92
2026-02-21 14:00:00,29.24,83.13,40,8,12.0,7.76,6.28,203.73,228.76
2026-02-21 15:00:00,30.65,58.81,53,9,12.0,9.89,5.41,220.06,230.65
